season,lg,player,player_id,age,team,pos,g,gs,mp_per_game,fg_per_game,fga_per_game,fg_percent,x3p_per_game,x3pa_per_game,x3p_percent,x2p_per_game,x2pa_per_game,x2p_percent,e_fg_percent,ft_per_game,fta_per_game,ft_percent,orb_per_game,drb_per_game,trb_per_game,ast_per_game,stl_per_game,blk_per_game,tov_per_game,pf_per_game,pts_per_game,all_star
2023,NBA,A.J. Green,greenaj01,23.0,MIL,SG,35,1.0,9.9,1.5,3.6,0.424,1.3,3.0,0.419,0.3,0.6,0.45,0.6,0.1,0.1,1.0,0.2,1.1,1.3,0.6,0.2,0.0,0.3,0.9,4.4,0
2024,NBA,A.J. Green,greenaj01,24.0,MIL,SG,56,0.0,11.0,1.5,3.5,0.423,1.2,3.0,0.408,0.3,0.5,0.519,0.599,0.3,0.3,0.895,0.2,1.0,1.1,0.5,0.2,0.1,0.2,0.9,4.5,0
2017,NBA,A.J. Hammons,hammoaj01,24.0,DAL,C,22,0.0,7.4,0.8,1.9,0.405,0.2,0.5,0.5,0.5,1.5,0.375,0.464,0.4,0.9,0.45,0.4,1.3,1.6,0.2,0.0,0.6,0.5,1.0,2.2,0
2024,NBA,A.J. Lawson,lawsoaj01,23.0,DAL,SG,42,0.0,7.4,1.3,2.9,0.446,0.3,1.2,0.26,1.0,1.7,0.577,0.5,0.4,0.5,0.652,0.3,0.9,1.2,0.5,0.2,0.1,0.3,0.5,3.2,0
2015,NBA,A.J. Price,priceaj01,28.0,3TM,PG,26,0.0,12.5,2.0,5.3,0.372,0.6,2.2,0.263,1.4,3.1,0.45,0.427,0.6,0.9,0.667,0.2,1.0,1.2,1.8,0.3,0.0,0.5,0.6,5.1,0
2023,NBA,AJ Griffin,griffaj01,19.0,ATL,SF,72,12.0,19.5,3.4,7.4,0.465,1.4,3.6,0.39,2.0,3.8,0.536,0.56,0.6,0.7,0.894,0.5,1.6,2.1,1.0,0.6,0.2,0.6,1.2,8.9,0
2024,NBA,AJ Griffin,griffaj01,20.0,ATL,SF,20,0.0,8.6,0.9,3.1,0.29,0.5,2.0,0.256,0.4,1.2,0.348,0.371,0.1,0.1,1.0,0.1,0.8,0.9,0.3,0.1,0.1,0.4,0.3,2.4,0
2015,NBA,Aaron Brooks,brookaa01,30.0,CHI,PG,82,21.0,23.0,4.2,10.0,0.421,1.5,3.8,0.387,2.7,6.1,0.442,0.495,1.8,2.1,0.833,0.4,1.6,2.0,3.2,0.7,0.2,1.9,2.3,11.6,0
2016,NBA,Aaron Brooks,brookaa01,31.0,CHI,PG,69,0.0,16.1,2.7,6.8,0.401,1.0,2.7,0.357,1.8,4.1,0.43,0.471,0.7,0.9,0.766,0.3,1.2,1.5,2.6,0.4,0.1,1.2,1.9,7.1,0
2017,NBA,Aaron Brooks,brookaa01,32.0,IND,PG,65,0.0,13.8,1.9,4.6,0.403,0.7,2.0,0.375,1.1,2.6,0.424,0.483,0.5,0.6,0.8,0.3,0.8,1.1,1.9,0.4,0.1,1.0,1.4,5.0,0
2018,NBA,Aaron Brooks,brookaa01,33.0,MIN,PG,32,1.0,5.9,0.9,2.2,0.406,0.3,1.0,0.355,0.5,1.2,0.447,0.486,0.3,0.3,0.727,0.2,0.3,0.5,0.6,0.2,0.0,0.3,0.9,2.3,0
2015,NBA,Aaron Gordon,gordoaa01,19.0,ORL,PF,47,8.0,17.0,2.0,4.4,0.447,0.3,1.0,0.271,1.7,3.4,0.5,0.478,0.9,1.3,0.721,1.0,2.6,3.6,0.7,0.4,0.5,0.8,1.8,5.2,0
2016,NBA,Aaron Gordon,gordoaa01,20.0,ORL,PF,78,37.0,23.9,3.5,7.4,0.473,0.5,1.8,0.296,3.0,5.6,0.531,0.509,1.7,2.5,0.668,2.0,4.5,6.5,1.6,0.8,0.7,0.8,2.0,9.2,0
2017,NBA,Aaron Gordon,gordoaa01,21.0,ORL,SF,80,72.0,28.7,4.9,10.8,0.454,1.0,3.3,0.288,4.0,7.5,0.528,0.499,2.0,2.7,0.719,1.5,3.6,5.1,1.9,0.8,0.5,1.1,2.2,12.7,0
2018,NBA,Aaron Gordon,gordoaa01,22.0,ORL,PF,58,57.0,32.9,6.5,14.9,0.434,2.0,5.9,0.336,4.5,9.0,0.497,0.5,2.7,3.9,0.698,1.5,6.4,7.9,2.3,1.0,0.8,1.8,1.9,17.6,0
2019,NBA,Aaron Gordon,gordoaa01,23.0,ORL,PF,78,78.0,33.8,6.0,13.4,0.449,1.6,4.4,0.349,4.5,9.0,0.499,0.507,2.4,3.2,0.731,1.7,5.7,7.4,3.7,0.7,0.7,2.1,2.2,16.0,0
2020,NBA,Aaron Gordon,gordoaa01,24.0,ORL,PF,62,62.0,32.5,5.4,12.4,0.437,1.2,3.8,0.308,4.2,8.5,0.494,0.484,2.4,3.6,0.674,1.7,5.9,7.7,3.7,0.8,0.6,1.6,2.0,14.4,0
2021,NBA,Aaron Gordon,gordoaa01,25.0,2TM,PF,50,50.0,27.7,4.6,10.0,0.463,1.2,3.5,0.335,3.4,6.5,0.533,0.522,1.9,3.0,0.651,1.5,4.1,5.7,3.2,0.7,0.7,1.9,1.8,12.4,0
2022,NBA,Aaron Gordon,gordoaa01,26.0,DEN,PF,75,75.0,31.7,5.8,11.1,0.52,1.2,3.5,0.335,4.6,7.7,0.605,0.573,2.3,3.1,0.743,1.7,4.2,5.9,2.5,0.6,0.6,1.8,2.0,15.0,0
2023,NBA,Aaron Gordon,gordoaa01,27.0,DEN,PF,68,68.0,30.2,6.3,11.2,0.564,0.9,2.5,0.347,5.4,8.6,0.628,0.603,2.8,4.6,0.608,2.4,4.1,6.6,3.0,0.8,0.8,1.4,1.9,16.3,0
2024,NBA,Aaron Gordon,gordoaa01,28.0,DEN,PF,73,73.0,31.5,5.5,9.8,0.556,0.5,1.9,0.29,4.9,7.9,0.619,0.584,2.4,3.7,0.658,2.4,4.1,6.5,3.5,0.8,0.6,1.4,1.9,13.9,0
2016,NBA,Aaron Harrison,harriaa01,21.0,CHO,SG,21,0.0,4.4,0.2,0.9,0.263,0.1,0.5,0.3,0.1,0.4,0.222,0.342,0.2,0.6,0.417,0.2,0.5,0.7,0.1,0.3,0.0,0.2,0.5,0.9,0
2019,NBA,Aaron Holiday,holidaa01,22.0,IND,PG,50,0.0,12.9,2.1,5.2,0.401,0.9,2.5,0.339,1.2,2.7,0.459,0.483,0.8,1.0,0.82,0.1,1.2,1.3,1.7,0.4,0.3,0.8,1.4,5.9,0
2020,NBA,Aaron Holiday,holidaa01,23.0,IND,PG,66,33.0,24.5,3.5,8.5,0.414,1.3,3.3,0.394,2.2,5.2,0.427,0.491,1.1,1.3,0.851,0.3,2.0,2.4,3.4,0.8,0.2,1.3,1.8,9.5,0
2021,NBA,Aaron Holiday,holidaa01,24.0,IND,PG,66,8.0,17.8,2.6,6.6,0.39,1.0,2.8,0.368,1.6,3.8,0.406,0.467,1.0,1.3,0.819,0.2,1.1,1.3,1.9,0.7,0.2,1.0,1.4,7.2,0
2022,NBA,Aaron Holiday,holidaa01,25.0,2TM,PG,63,15.0,16.2,2.4,5.4,0.447,0.6,1.6,0.379,1.8,3.7,0.477,0.504,0.9,1.1,0.868,0.4,1.6,1.9,2.4,0.7,0.1,1.1,1.5,6.3,0
2023,NBA,Aaron Holiday,holidaa01,26.0,ATL,PG,63,6.0,13.4,1.5,3.5,0.418,0.6,1.4,0.409,0.9,2.1,0.424,0.5,0.4,0.5,0.844,0.4,0.8,1.2,1.4,0.6,0.2,0.6,1.3,3.9,0
2024,NBA,Aaron Holiday,holidaa01,27.0,HOU,PG,78,1.0,16.3,2.4,5.3,0.446,1.1,2.8,0.387,1.3,2.6,0.51,0.547,0.7,0.8,0.921,0.3,1.3,1.6,1.8,0.5,0.1,0.7,1.6,6.6,0
2021,NBA,Aaron Nesmith,nesmiaa01,21.0,BOS,SF,46,1.0,14.5,1.7,3.9,0.438,0.9,2.3,0.37,0.8,1.5,0.543,0.551,0.5,0.6,0.786,0.6,2.2,2.8,0.5,0.3,0.2,0.5,1.9,4.7,0
2022,NBA,Aaron Nesmith,nesmiaa01,22.0,BOS,SF,52,3.0,11.0,1.4,3.5,0.396,0.6,2.2,0.27,0.8,1.3,0.612,0.481,0.4,0.5,0.808,0.3,1.4,1.7,0.4,0.4,0.1,0.6,1.3,3.8,0
2023,NBA,Aaron Nesmith,nesmiaa01,23.0,IND,SF,73,60.0,24.9,3.5,8.1,0.427,1.6,4.3,0.366,1.9,3.8,0.496,0.525,1.6,1.9,0.838,0.8,2.9,3.8,1.3,0.8,0.5,1.0,3.2,10.1,0
2024,NBA,Aaron Nesmith,nesmiaa01,24.0,IND,SF,72,47.0,27.7,4.4,8.8,0.496,1.9,4.6,0.419,2.4,4.2,0.581,0.606,1.5,1.9,0.781,0.9,2.9,3.8,1.5,0.9,0.7,0.9,3.3,12.2,0
2022,NBA,Aaron Wiggins,wiggiaa01,23.0,OKC,SG,50,35.0,24.2,3.1,6.7,0.463,0.8,2.8,0.304,2.3,4.0,0.573,0.525,1.2,1.7,0.729,1.0,2.5,3.6,1.4,0.6,0.2,1.1,1.9,8.3,0
2023,NBA,Aaron Wiggins,wiggiaa01,24.0,OKC,SG,70,14.0,18.5,2.7,5.2,0.512,0.7,1.7,0.393,2.0,3.4,0.573,0.579,0.8,1.0,0.831,1.0,2.0,3.0,1.1,0.6,0.2,0.8,1.6,6.8,0
2024,NBA,Aaron Wiggins,wiggiaa01,25.0,OKC,SG,78,4.0,15.7,2.7,4.8,0.562,0.8,1.6,0.492,1.9,3.2,0.598,0.645,0.7,0.9,0.789,0.8,1.6,2.4,1.1,0.7,0.2,0.7,1.2,6.9,0
2018,NBA,Abdel Nader,naderab01,24.0,BOS,SF,48,1.0,10.9,1.0,3.1,0.336,0.5,1.4,0.354,0.6,1.8,0.321,0.413,0.5,0.8,0.59,0.3,1.2,1.5,0.5,0.3,0.2,0.7,0.9,3.0,0
2019,NBA,Abdel Nader,naderab01,25.0,OKC,SF,61,1.0,11.4,1.5,3.5,0.423,0.5,1.6,0.32,1.0,1.9,0.513,0.498,0.4,0.6,0.75,0.2,1.7,1.9,0.3,0.3,0.2,0.4,1.1,4.0,0
2020,NBA,Abdel Nader,naderab01,26.0,OKC,SF,55,6.0,15.8,2.2,4.8,0.468,0.9,2.3,0.375,1.4,2.5,0.556,0.559,0.9,1.2,0.773,0.3,1.6,1.8,0.7,0.4,0.4,0.8,1.4,6.3,0
2021,NBA,Abdel Nader,naderab01,27.0,PHO,SF,24,0.0,14.8,2.4,4.8,0.491,0.8,1.8,0.419,1.6,3.0,0.534,0.569,1.2,1.5,0.757,0.3,2.3,2.6,0.8,0.4,0.4,0.8,1.4,6.7,0
2020,NBA,Admiral Schofield,schofad01,22.0,WAS,PF,33,2.0,11.2,1.1,2.8,0.38,0.6,1.8,0.311,0.5,0.9,0.516,0.484,0.3,0.5,0.667,0.2,1.2,1.4,0.5,0.2,0.1,0.2,1.5,3.0,0
2022,NBA,Admiral Schofield,schofad01,24.0,ORL,SF,38,1.0,12.3,1.4,3.4,0.419,0.7,2.1,0.329,0.7,1.3,0.56,0.519,0.3,0.4,0.8,0.4,1.9,2.3,0.7,0.1,0.1,0.6,1.5,3.8,0
2023,NBA,Admiral Schofield,schofad01,25.0,ORL,PF,37,0.0,12.2,1.5,3.3,0.451,0.6,2.0,0.324,0.8,1.3,0.646,0.549,0.6,0.6,0.913,0.6,1.1,1.7,0.8,0.2,0.1,0.4,1.6,4.2,0
2024,NBA,Admiral Schofield,schofad01,26.0,ORL,PF,23,0.0,3.7,0.4,1.1,0.385,0.3,0.7,0.375,0.2,0.4,0.4,0.5,0.0,0.1,0.0,0.1,0.6,0.7,0.3,0.0,0.0,0.2,0.4,1.1,0
2015,NBA,Adreian Payne,paynead01,23.0,2TM,PF,32,22.0,23.1,2.8,6.9,0.414,0.0,0.3,0.111,2.8,6.6,0.427,0.416,0.9,1.4,0.652,1.5,3.6,5.1,0.9,0.6,0.3,1.4,2.8,6.7,0
2016,NBA,Adreian Payne,paynead01,24.0,MIN,PF,52,2.0,9.3,1.0,2.8,0.366,0.2,0.6,0.281,0.8,2.2,0.389,0.397,0.3,0.5,0.654,0.4,1.8,2.1,0.6,0.3,0.2,0.7,1.5,2.5,0
2015,NBA,Al Horford,horfoal01,28.0,ATL,C,76,76.0,30.5,6.8,12.7,0.538,0.1,0.5,0.306,6.7,12.2,0.547,0.544,1.4,1.9,0.759,1.7,5.4,7.2,3.2,0.9,1.3,1.3,1.6,15.2,1
2016,NBA,Al Horford,horfoal01,29.0,ATL,C,82,82.0,32.1,6.5,12.8,0.505,1.1,3.1,0.344,5.4,9.7,0.557,0.547,1.3,1.6,0.798,1.8,5.5,7.3,3.2,0.8,1.5,1.3,2.0,15.2,1
2017,NBA,Al Horford,horfoal01,30.0,BOS,C,68,68.0,32.3,5.6,11.8,0.473,1.3,3.6,0.355,4.3,8.2,0.524,0.527,1.6,2.0,0.8,1.4,5.4,6.8,5.0,0.8,1.3,1.7,2.0,14.0,0
2018,NBA,Al Horford,horfoal01,31.0,BOS,C,72,72.0,31.6,5.1,10.5,0.489,1.3,3.1,0.429,3.8,7.3,0.514,0.553,1.3,1.7,0.783,1.4,5.9,7.4,4.7,0.6,1.1,1.8,1.9,12.9,1
2019,NBA,Al Horford,horfoal01,32.0,BOS,C,68,68.0,29.0,5.7,10.6,0.535,1.1,3.0,0.36,4.6,7.6,0.604,0.586,1.1,1.4,0.821,1.8,5.0,6.7,4.2,0.9,1.3,1.5,1.9,13.6,0
2020,NBA,Al Horford,horfoal01,33.0,PHI,C,67,61.0,30.2,4.8,10.6,0.45,1.5,4.2,0.35,3.3,6.4,0.516,0.52,0.9,1.2,0.763,1.5,5.3,6.8,4.0,0.8,0.9,1.2,2.1,11.9,0
2021,NBA,Al Horford,horfoal01,34.0,OKC,C,28,28.0,27.9,5.8,12.9,0.45,2.0,5.4,0.368,3.8,7.4,0.51,0.528,0.6,0.8,0.818,1.0,5.7,6.7,3.4,0.9,0.9,1.0,1.7,14.2,0
2022,NBA,Al Horford,horfoal01,35.0,BOS,C,69,69.0,29.1,3.9,8.2,0.467,1.3,3.8,0.336,2.6,4.4,0.582,0.546,1.2,1.4,0.842,1.6,6.1,7.7,3.4,0.7,1.3,0.9,1.9,10.2,0
2023,NBA,Al Horford,horfoal01,36.0,BOS,C,63,63.0,30.5,3.6,7.6,0.476,2.3,5.2,0.446,1.3,2.4,0.539,0.627,0.2,0.3,0.714,1.2,5.0,6.2,3.0,0.5,1.0,0.6,1.9,9.8,0
2024,NBA,Al Horford,horfoal01,37.0,BOS,C,65,33.0,26.8,3.3,6.4,0.511,1.7,4.0,0.419,1.6,2.5,0.658,0.64,0.4,0.5,0.867,1.3,5.1,6.4,2.6,0.6,1.0,0.7,1.4,8.6,0
2015,NBA,Al Jefferson,jeffeal01,30.0,CHO,C,65,61.0,30.6,7.5,15.5,0.481,0.0,0.1,0.4,7.4,15.5,0.482,0.482,1.7,2.5,0.655,1.5,6.9,8.4,1.7,0.7,1.3,1.0,2.1,16.6,0
2016,NBA,Al Jefferson,jeffeal01,31.0,CHO,C,47,18.0,23.3,5.2,10.7,0.485,0.0,0.0,0.0,5.2,10.7,0.485,0.485,1.5,2.4,0.649,1.2,5.2,6.4,1.5,0.6,0.9,0.7,2.5,12.0,0
2017,NBA,Al Jefferson,jeffeal01,32.0,IND,C,66,1.0,14.1,3.6,7.1,0.499,0.0,0.0,0.0,3.6,7.1,0.5,0.499,1.0,1.3,0.765,1.1,3.1,4.2,0.9,0.3,0.2,0.5,1.9,8.1,0
2018,NBA,Al Jefferson,jeffeal01,33.0,IND,C,36,1.0,13.4,3.1,5.8,0.534,0.0,0.1,0.0,3.1,5.7,0.541,0.534,0.8,1.0,0.833,0.8,3.1,4.0,0.8,0.4,0.6,0.6,1.8,7.0,0
2015,NBA,Al-Farouq Aminu,aminual01,24.0,DAL,SF,74,3.0,18.5,2.0,4.8,0.412,0.5,1.7,0.274,1.5,3.1,0.485,0.459,1.1,1.6,0.712,1.5,3.1,4.6,0.8,0.9,0.8,0.7,1.9,5.6,0
2016,NBA,Al-Farouq Aminu,aminual01,25.0,POR,SF,82,82.0,28.5,3.6,8.8,0.416,1.5,4.3,0.361,2.1,4.5,0.468,0.503,1.4,1.9,0.737,1.2,4.9,6.1,1.7,0.9,0.6,1.5,2.1,10.2,0
2017,NBA,Al-Farouq Aminu,aminual01,26.0,POR,PF,61,25.0,29.1,3.0,7.6,0.393,1.1,3.5,0.33,1.9,4.2,0.445,0.468,1.6,2.2,0.706,1.3,6.1,7.4,1.6,1.0,0.7,1.5,1.7,8.7,0
2018,NBA,Al-Farouq Aminu,aminual01,27.0,POR,PF,69,67.0,30.0,3.3,8.4,0.395,1.8,4.9,0.369,1.5,3.5,0.432,0.503,0.9,1.2,0.738,1.4,6.2,7.6,1.2,1.1,0.6,1.1,2.0,9.3,0
2019,NBA,Al-Farouq Aminu,aminual01,28.0,POR,PF,81,81.0,28.3,3.2,7.3,0.433,1.2,3.5,0.343,2.0,3.9,0.514,0.514,1.9,2.1,0.867,1.4,6.1,7.5,1.3,0.8,0.4,0.9,1.8,9.4,0
2021,NBA,Al-Farouq Aminu,aminual01,30.0,2TM,PF,23,14.0,18.9,1.7,4.3,0.384,0.3,1.6,0.216,1.3,2.7,0.484,0.424,0.8,1.0,0.818,1.0,3.8,4.8,1.3,0.8,0.4,1.2,1.3,4.4,0
2015,NBA,Alan Anderson,anderal01,32.0,BRK,SG,74,19.0,23.6,2.6,5.9,0.443,1.0,2.8,0.348,1.6,3.1,0.53,0.526,1.1,1.4,0.812,0.4,2.3,2.8,1.1,0.8,0.1,0.8,2.0,7.4,0
2017,NBA,Alan Anderson,anderal01,34.0,LAC,SF,30,0.0,10.3,1.0,2.7,0.375,0.5,1.5,0.318,0.5,1.2,0.444,0.463,0.4,0.5,0.75,0.1,0.7,0.8,0.4,0.1,0.0,0.2,1.2,2.9,0
2017,NBA,Alan Williams,willial03,24.0,PHO,C,47,0.0,15.1,2.9,5.7,0.517,0.0,0.0,0.0,2.9,5.7,0.519,0.517,1.5,2.4,0.625,2.0,4.2,6.2,0.5,0.6,0.7,0.8,2.7,7.4,0
2015,NBA,Alec Burks,burksal01,23.0,UTA,SG,27,27.0,33.3,4.5,11.1,0.403,1.0,2.5,0.382,3.5,8.6,0.409,0.447,3.9,4.8,0.822,0.7,3.5,4.2,3.0,0.6,0.2,1.9,2.4,13.9,0
2016,NBA,Alec Burks,burksal01,24.0,UTA,SG,31,3.0,25.7,4.4,10.8,0.41,1.0,2.5,0.405,3.4,8.2,0.412,0.458,3.4,4.5,0.752,0.5,3.0,3.5,2.0,0.6,0.1,1.6,2.3,13.3,0
2017,NBA,Alec Burks,burksal01,25.0,UTA,SG,42,0.0,15.5,2.4,5.9,0.399,0.6,1.8,0.329,1.8,4.1,0.43,0.45,1.4,1.9,0.769,0.4,2.5,2.9,0.7,0.4,0.1,0.8,1.2,6.7,0
2018,NBA,Alec Burks,burksal01,26.0,UTA,SG,64,1.0,16.5,2.7,6.5,0.411,0.7,2.2,0.331,1.9,4.3,0.452,0.467,1.7,1.9,0.863,0.3,2.7,3.0,1.0,0.6,0.1,0.9,1.2,7.7,0
2019,NBA,Alec Burks,burksal01,27.0,3TM,SG,64,24.0,21.5,3.0,7.4,0.405,1.0,2.6,0.363,2.0,4.8,0.428,0.469,1.8,2.2,0.823,0.5,3.2,3.7,2.0,0.6,0.3,1.0,1.4,8.8,0
2020,NBA,Alec Burks,burksal01,28.0,2TM,SF,66,19.0,26.6,4.9,11.6,0.418,1.8,4.6,0.385,3.1,7.1,0.439,0.493,3.6,4.0,0.887,0.7,3.5,4.3,2.9,0.9,0.3,1.4,1.9,15.0,0
2021,NBA,Alec Burks,burksal01,29.0,NYK,SG,49,5.0,25.6,4.3,10.2,0.42,2.1,5.0,0.415,2.2,5.2,0.425,0.522,2.1,2.4,0.856,0.4,4.2,4.6,2.2,0.6,0.3,1.0,2.1,12.7,0
2022,NBA,Alec Burks,burksal01,30.0,NYK,SG,81,44.0,28.6,3.5,9.0,0.391,1.9,4.8,0.404,1.6,4.2,0.378,0.499,2.7,3.3,0.822,0.6,4.3,4.9,3.0,1.0,0.3,1.1,2.7,11.7,0
2023,NBA,Alec Burks,burksal01,31.0,DET,SG,51,8.0,22.0,3.9,9.0,0.436,1.9,4.7,0.414,2.0,4.3,0.459,0.544,3.0,3.7,0.814,0.4,2.7,3.1,2.2,0.7,0.2,1.1,1.9,12.8,0
2024,NBA,Alec Burks,burksal01,32.0,2TM,SG,66,1.0,18.4,3.2,8.6,0.369,1.9,5.0,0.376,1.3,3.6,0.36,0.478,2.2,2.5,0.868,0.4,1.9,2.3,1.3,0.4,0.2,0.7,1.1,10.4,0
2018,NBA,Alec Peters,peteral01,22.0,PHO,PF,20,0.0,11.3,1.4,3.7,0.378,0.9,2.9,0.31,0.5,0.8,0.625,0.5,0.4,0.5,0.8,0.4,1.5,1.9,0.6,0.1,0.1,0.2,0.7,4.1,0
2021,NBA,Aleksej Pokusevski,pokusal01,19.0,OKC,PF,45,28.0,24.2,3.1,9.1,0.341,1.3,4.6,0.28,1.8,4.5,0.403,0.412,0.7,0.9,0.738,0.7,4.0,4.7,2.2,0.4,0.9,2.2,1.3,8.2,0
2022,NBA,Aleksej Pokusevski,pokusal01,20.0,OKC,PF,61,12.0,20.2,3.0,7.5,0.408,0.9,3.2,0.289,2.1,4.2,0.498,0.47,0.6,0.8,0.7,1.2,4.0,5.2,2.1,0.6,0.6,1.5,1.4,7.6,0
2023,NBA,Aleksej Pokusevski,pokusal01,21.0,OKC,PF,34,25.0,20.6,3.2,7.3,0.434,1.1,3.1,0.365,2.1,4.3,0.483,0.51,0.6,1.0,0.629,1.3,3.4,4.7,1.9,0.6,1.3,1.3,1.7,8.1,0
2024,NBA,Aleksej Pokusevski,pokusal01,22.0,2TM,PF,28,0.0,14.5,1.8,4.3,0.405,0.6,2.0,0.327,1.1,2.4,0.47,0.479,1.1,1.5,0.732,0.6,2.6,3.2,1.3,0.5,0.5,0.7,0.8,5.2,0
2018,NBA,Alex Caruso,carusal01,23.0,LAL,PG,37,7.0,15.2,1.4,3.1,0.431,0.4,1.2,0.302,1.0,2.0,0.507,0.487,0.6,0.8,0.7,0.4,1.4,1.8,2.0,0.6,0.3,1.1,1.4,3.6,0
2019,NBA,Alex Caruso,carusal01,24.0,LAL,PG,25,4.0,21.2,3.1,6.9,0.445,1.0,2.0,0.48,2.1,4.9,0.431,0.514,2.0,2.6,0.797,0.8,1.9,2.7,3.1,1.0,0.4,1.7,2.2,9.2,0
2020,NBA,Alex Caruso,carusal01,25.0,LAL,PG,64,2.0,18.4,1.9,4.5,0.412,0.6,1.9,0.333,1.3,2.7,0.468,0.481,1.1,1.5,0.734,0.3,1.7,1.9,1.9,1.1,0.3,0.8,1.5,5.5,0
2021,NBA,Alex Caruso,carusal01,26.0,LAL,PG,58,6.0,21.0,2.3,5.3,0.436,0.9,2.4,0.401,1.3,2.9,0.464,0.526,0.8,1.3,0.645,0.5,2.4,2.9,2.8,1.1,0.3,1.3,1.9,6.4,0
2022,NBA,Alex Caruso,carusal01,27.0,CHI,SG,41,18.0,28.0,2.5,6.2,0.398,1.0,3.1,0.333,1.5,3.2,0.462,0.48,1.4,1.8,0.795,0.8,2.8,3.6,4.0,1.7,0.4,1.4,2.6,7.4,0
2023,NBA,Alex Caruso,carusal01,28.0,CHI,PG,67,36.0,23.5,1.9,4.3,0.455,0.8,2.3,0.364,1.1,2.0,0.556,0.551,0.9,1.1,0.808,0.6,2.3,2.9,2.9,1.5,0.7,1.1,2.4,5.6,0
2024,NBA,Alex Caruso,carusal01,29.0,CHI,SG,71,57.0,28.7,3.6,7.6,0.468,1.9,4.7,0.408,1.6,2.9,0.563,0.593,1.0,1.4,0.76,0.9,3.0,3.8,3.5,1.7,1.0,1.4,2.5,10.1,0
2015,NBA,Alex Len,lenal01,21.0,PHO,C,69,44.0,22.0,2.6,5.1,0.507,0.0,0.0,0.333,2.6,5.1,0.509,0.508,1.1,1.5,0.702,2.1,4.5,6.6,0.5,0.5,1.5,1.1,3.1,6.3,0
2016,NBA,Alex Len,lenal01,22.0,PHO,C,78,46.0,23.3,3.4,8.0,0.423,0.0,0.1,0.143,3.4,7.9,0.426,0.424,2.2,3.1,0.728,2.3,5.3,7.6,1.2,0.5,0.8,1.9,2.9,9.0,0
2017,NBA,Alex Len,lenal01,23.0,PHO,C,77,34.0,20.3,3.0,6.0,0.497,0.0,0.2,0.25,2.9,5.9,0.503,0.5,1.9,2.7,0.721,2.0,4.6,6.6,0.6,0.5,1.3,1.3,3.1,8.0,0
2018,NBA,Alex Len,lenal01,24.0,PHO,C,69,13.0,20.2,3.1,5.5,0.566,0.0,0.0,0.333,3.1,5.4,0.568,0.567,2.3,3.3,0.684,2.5,5.0,7.5,1.2,0.4,0.9,1.1,2.3,8.5,0
2019,NBA,Alex Len,lenal01,25.0,ATL,C,77,31.0,20.1,4.2,8.4,0.494,1.0,2.6,0.363,3.2,5.8,0.554,0.551,1.8,2.8,0.648,2.1,3.5,5.5,1.1,0.4,0.9,1.3,2.6,11.1,0
2020,NBA,Alex Len,lenal01,26.0,2TM,C,55,12.0,17.6,3.2,5.8,0.555,0.3,1.1,0.271,2.9,4.7,0.619,0.58,1.2,1.9,0.648,1.8,4.0,5.8,0.9,0.4,0.9,1.0,2.3,8.0,0
2021,NBA,Alex Len,lenal01,27.0,2TM,C,64,42.0,15.3,2.7,4.3,0.615,0.1,0.4,0.32,2.5,4.0,0.644,0.629,1.1,1.8,0.629,1.2,2.8,4.1,0.8,0.3,1.0,0.9,2.0,6.6,0
2022,NBA,Alex Len,lenal01,28.0,SAC,C,39,10.0,15.9,2.4,4.5,0.534,0.2,0.5,0.286,2.3,4.0,0.568,0.551,1.1,1.6,0.651,1.3,2.8,4.1,1.2,0.3,0.6,1.1,2.6,6.0,0
2023,NBA,Alex Len,lenal01,29.0,SAC,C,26,2.0,6.2,0.6,1.2,0.533,0.0,0.1,0.0,0.6,1.1,0.571,0.533,0.4,0.6,0.688,0.9,1.4,2.3,0.5,0.2,0.4,0.6,1.1,1.7,0
2024,NBA,Alex Len,lenal01,30.0,SAC,C,48,0.0,9.3,1.0,1.7,0.617,0.0,0.1,0.0,1.0,1.6,0.641,0.617,0.4,0.7,0.588,1.0,1.7,2.7,1.0,0.2,0.7,0.6,1.4,2.5,0
2018,NBA,Alex Poythress,poythal01,24.0,IND,PF,25,0.0,4.2,0.4,1.0,0.423,0.2,0.4,0.364,0.3,0.6,0.467,0.5,0.0,0.0,0.0,0.3,0.4,0.7,0.1,0.1,0.0,0.1,0.6,1.0,0
2019,NBA,Alex Poythress,poythal01,25.0,ATL,PF,21,1.0,14.5,1.9,3.9,0.494,0.4,1.1,0.391,1.5,2.8,0.534,0.549,0.9,1.4,0.621,1.4,2.2,3.6,0.8,0.2,0.5,0.6,2.2,5.1,0
2015,NBA,Alexey Shved,shvedal01,26.0,3TM,SG,42,9.0,18.3,3.2,8.0,0.397,1.1,3.3,0.338,2.0,4.7,0.439,0.467,2.9,3.6,0.807,0.5,1.8,2.4,2.5,0.7,0.1,1.1,1.1,10.3,0
2015,NBA,Alexis Ajinça,ajincal01,26.0,NOP,C,68,8.0,14.1,2.7,4.8,0.55,0.0,0.0,0.0,2.7,4.8,0.55,0.55,1.2,1.5,0.818,1.5,3.1,4.6,0.7,0.3,0.8,1.0,2.2,6.5,0
2016,NBA,Alexis Ajinça,ajincal01,27.0,NOP,C,59,17.0,14.6,2.5,5.3,0.476,0.0,0.0,0.0,2.5,5.3,0.478,0.476,0.9,1.1,0.839,1.3,3.3,4.6,0.5,0.3,0.6,0.9,2.3,6.0,0
2017,NBA,Alexis Ajinça,ajincal01,28.0,NOP,C,39,15.0,15.0,2.3,4.6,0.5,0.0,0.1,0.0,2.3,4.5,0.511,0.5,0.7,1.0,0.725,1.2,3.4,4.5,0.3,0.5,0.6,0.8,2.0,5.3,0
2019,NBA,Alfonzo McKinnie,mckinal01,26.0,GSW,SF,72,5.0,13.9,1.9,3.8,0.487,0.6,1.6,0.356,1.3,2.2,0.586,0.564,0.4,0.7,0.563,1.1,2.3,3.4,0.4,0.3,0.2,0.4,1.9,4.7,0
2020,NBA,Alfonzo McKinnie,mckinal01,27.0,CLE,SF,40,1.0,14.8,1.8,4.3,0.427,0.4,1.6,0.215,1.5,2.7,0.557,0.468,0.6,0.8,0.71,0.9,1.9,2.8,0.4,0.6,0.2,0.7,1.8,4.6,0
2021,NBA,Alfonzo McKinnie,mckinal01,28.0,LAL,SF,39,0.0,6.6,1.2,2.4,0.516,0.4,1.0,0.41,0.8,1.4,0.593,0.602,0.3,0.5,0.556,0.6,0.8,1.4,0.2,0.2,0.0,0.1,0.7,3.1,0
2022,NBA,Alize Johnson,johnsal02,25.0,3TM,PF,23,0.0,7.3,0.7,1.7,0.436,0.0,0.2,0.0,0.7,1.5,0.486,0.436,0.3,0.5,0.583,1.2,1.4,2.7,0.4,0.2,0.0,0.5,0.8,1.8,0
2015,NBA,Allen Crabbe,crabbal01,22.0,POR,SG,51,9.0,13.4,1.2,3.0,0.412,0.6,1.7,0.353,0.6,1.3,0.485,0.51,0.2,0.3,0.75,0.1,1.3,1.4,0.8,0.4,0.3,0.3,1.5,3.3,0
2016,NBA,Allen Crabbe,crabbal01,23.0,POR,SG,81,8.0,26.0,3.8,8.4,0.459,1.4,3.5,0.393,2.5,4.9,0.506,0.541,1.2,1.4,0.867,0.3,2.3,2.7,1.2,0.8,0.2,0.8,2.4,10.3,0
2017,NBA,Allen Crabbe,crabbal01,24.0,POR,SG,79,7.0,28.5,3.8,8.2,0.468,1.7,3.8,0.444,2.1,4.4,0.49,0.572,1.3,1.6,0.847,0.2,2.6,2.9,1.2,0.7,0.3,0.8,2.2,10.7,0
2018,NBA,Allen Crabbe,crabbal01,25.0,BRK,SG,75,68.0,29.3,4.5,11.0,0.407,2.7,7.1,0.378,1.8,3.9,0.461,0.529,1.5,1.8,0.852,0.4,3.9,4.3,1.6,0.6,0.5,1.0,2.2,13.2,0
2019,NBA,Allen Crabbe,crabbal01,26.0,BRK,SG,43,20.0,26.3,3.2,8.7,0.367,2.3,6.0,0.378,0.9,2.7,0.342,0.499,1.0,1.3,0.732,0.4,3.1,3.4,1.1,0.5,0.3,1.1,2.4,9.6,0
2020,NBA,Allen Crabbe,crabbal01,27.0,2TM,SG,37,1.0,17.6,1.7,4.8,0.356,1.0,3.2,0.303,0.7,1.6,0.466,0.458,0.3,0.4,0.714,0.3,1.8,2.1,0.9,0.4,0.1,0.5,1.3,4.6,0
2019,NBA,Allonzo Trier,trieral01,23.0,NYK,SG,64,3.0,22.8,3.6,8.1,0.448,0.8,2.1,0.394,2.8,6.0,0.466,0.498,2.8,3.5,0.803,0.5,2.6,3.1,1.9,0.4,0.2,1.8,1.8,10.9,0
2020,NBA,Allonzo Trier,trieral01,24.0,NYK,SG,24,1.0,12.1,2.1,4.4,0.481,0.8,2.2,0.358,1.3,2.2,0.604,0.571,1.4,1.8,0.791,0.3,1.0,1.2,1.2,0.1,0.2,0.9,1.2,6.5,0
2015,NBA,Alonzo Gee,geeal01,27.0,2TM,SF,54,2.0,12.3,1.6,3.4,0.468,0.2,0.6,0.371,1.4,2.8,0.49,0.503,1.0,1.4,0.701,0.7,1.1,1.7,0.5,0.6,0.1,0.6,1.1,4.5,0
2016,NBA,Alonzo Gee,geeal01,28.0,NOP,SF,73,38.0,22.4,1.8,3.5,0.518,0.2,0.8,0.283,1.6,2.7,0.59,0.551,0.6,0.9,0.667,0.8,2.5,3.4,1.0,0.9,0.2,0.8,2.3,4.5,0
2022,NBA,Alperen Şengün,sengual01,19.0,HOU,C,72,13.0,20.7,3.5,7.3,0.474,0.4,1.6,0.248,3.1,5.7,0.539,0.502,2.3,3.2,0.711,1.9,3.5,5.5,2.6,0.8,0.9,2.0,3.0,9.6,0
2023,NBA,Alperen Şengün,sengual01,20.0,HOU,C,75,72.0,28.9,5.9,10.7,0.553,0.3,0.8,0.333,5.6,9.9,0.57,0.565,2.7,3.8,0.715,3.2,5.8,9.0,3.9,0.9,0.9,2.6,3.4,14.8,0
2024,NBA,Alperen Şengün,sengual01,21.0,HOU,C,63,63.0,32.5,8.4,15.6,0.537,0.5,1.8,0.297,7.8,13.8,0.567,0.553,3.9,5.6,0.693,2.9,6.4,9.3,5.0,1.2,0.7,2.6,3.3,21.1,0
2015,NBA,Amar'e Stoudemire,stoudam01,32.0,2TM,PF,59,15.0,21.1,4.6,8.3,0.557,0.0,0.1,0.0,4.6,8.2,0.562,0.557,2.3,3.2,0.72,1.9,3.7,5.6,0.8,0.5,0.6,1.3,2.7,11.5,0
2016,NBA,Amar'e Stoudemire,stoudam01,33.0,MIA,C,52,36.0,14.7,2.4,4.3,0.566,0.0,0.0,0.0,2.4,4.3,0.566,0.566,1.0,1.3,0.746,1.3,3.0,4.3,0.5,0.3,0.8,0.9,1.8,5.8,0
2024,NBA,Amen Thompson,thompam01,21.0,HOU,SF,62,23.0,22.4,3.9,7.2,0.536,0.1,0.9,0.138,3.7,6.3,0.595,0.545,1.7,2.5,0.684,2.4,4.2,6.6,2.6,1.3,0.6,1.5,2.3,9.5,0
2021,NBA,Amir Coffey,coffeam01,23.0,LAC,SG,44,1.0,9.0,1.0,2.3,0.437,0.5,1.3,0.411,0.5,1.1,0.468,0.549,0.6,0.9,0.711,0.2,0.8,1.0,0.5,0.2,0.0,0.3,0.7,3.2,0
2022,NBA,Amir Coffey,coffeam01,24.0,LAC,SG,69,30.0,22.7,3.1,6.8,0.453,1.4,3.7,0.378,1.7,3.1,0.542,0.556,1.5,1.7,0.863,0.4,2.5,2.9,1.8,0.6,0.2,0.7,1.3,9.0,0
2023,NBA,Amir Coffey,coffeam01,25.0,LAC,SF,50,9.0,12.5,1.1,2.9,0.386,0.2,0.8,0.275,0.9,2.1,0.429,0.424,1.0,1.3,0.778,0.3,0.7,1.1,1.1,0.1,0.1,0.4,1.0,3.4,0
2024,NBA,Amir Coffey,coffeam01,26.0,LAC,SF,70,13.0,20.9,2.4,5.0,0.472,1.0,2.6,0.38,1.4,2.4,0.571,0.571,0.9,1.0,0.859,0.4,1.7,2.1,1.1,0.6,0.2,0.5,1.5,6.6,0
2015,NBA,Amir Johnson,johnsam01,27.0,TOR,PF,75,72.0,26.4,4.0,6.9,0.574,0.3,0.6,0.413,3.7,6.3,0.59,0.592,1.1,1.7,0.612,2.1,4.0,6.1,1.6,0.6,0.8,1.5,3.0,9.3,0
2016,NBA,Amir Johnson,johnsam01,28.0,BOS,PF,79,76.0,22.8,3.2,5.4,0.585,0.1,0.5,0.233,3.0,4.8,0.624,0.596,0.9,1.5,0.57,2.3,4.1,6.4,1.7,0.7,1.1,1.2,2.7,7.3,0
2017,NBA,Amir Johnson,johnsam01,29.0,BOS,PF,80,77.0,20.1,2.7,4.6,0.576,0.3,0.8,0.409,2.3,3.8,0.612,0.612,0.8,1.3,0.67,1.5,3.1,4.6,1.8,0.6,0.8,1.0,2.6,6.5,0
2018,NBA,Amir Johnson,johnsam01,30.0,PHI,C,74,18.0,15.8,1.9,3.5,0.538,0.1,0.4,0.313,1.8,3.1,0.57,0.558,0.7,1.1,0.612,1.7,2.8,4.5,1.6,0.6,0.6,0.7,2.6,4.6,0
2019,NBA,Amir Johnson,johnsam01,31.0,PHI,C,51,6.0,10.4,1.5,3.1,0.503,0.2,0.8,0.3,1.3,2.3,0.573,0.541,0.6,0.8,0.756,0.9,2.0,2.9,1.2,0.3,0.3,0.9,1.9,3.9,0
2015,NBA,Anderson Varejão,varejan01,32.0,CLE,C,26,26.0,24.5,4.3,7.7,0.555,0.0,0.1,0.0,4.3,7.6,0.561,0.555,1.3,1.7,0.733,2.2,4.3,6.5,1.3,0.7,0.6,1.3,2.2,9.8,0
2016,NBA,Anderson Varejão,varejan01,33.0,2TM,C,53,0.0,9.4,1.0,2.3,0.427,0.0,0.0,0.0,1.0,2.3,0.431,0.427,0.6,0.9,0.64,0.7,2.0,2.7,0.7,0.3,0.2,0.4,1.3,2.6,0
2015,NBA,Andre Drummond,drumman01,21.0,DET,C,82,82.0,30.5,6.0,11.7,0.514,0.0,0.0,0.0,6.0,11.7,0.515,0.514,1.7,4.5,0.389,5.3,8.1,13.5,0.7,0.9,1.9,1.5,3.5,13.8,0
2016,NBA,Andre Drummond,drumman01,22.0,DET,C,81,81.0,32.9,6.8,13.1,0.521,0.0,0.1,0.333,6.8,13.0,0.522,0.522,2.6,7.2,0.355,4.9,9.9,14.8,0.8,1.5,1.4,1.9,3.0,16.2,1
2017,NBA,Andre Drummond,drumman01,23.0,DET,C,81,81.0,29.7,6.0,11.2,0.53,0.0,0.1,0.286,5.9,11.2,0.532,0.531,1.7,4.4,0.386,4.3,9.5,13.8,1.1,1.5,1.1,1.9,2.9,13.6,0
2018,NBA,Andre Drummond,drumman01,24.0,DET,C,78,78.0,33.7,6.0,11.3,0.529,0.0,0.1,0.0,6.0,11.2,0.536,0.529,3.1,5.1,0.605,5.1,10.9,16.0,3.0,1.5,1.6,2.6,3.2,15.0,1
2019,NBA,Andre Drummond,drumman01,25.0,DET,C,79,79.0,33.5,7.1,13.3,0.533,0.1,0.5,0.132,7.0,12.8,0.548,0.536,3.1,5.2,0.59,5.4,10.2,15.6,1.4,1.7,1.7,2.2,3.4,17.3,0
2020,NBA,Andre Drummond,drumman01,26.0,2TM,C,57,56.0,33.0,7.3,13.8,0.533,0.1,0.6,0.143,7.2,13.1,0.551,0.536,3.0,5.2,0.575,4.4,10.8,15.2,2.7,1.9,1.6,3.6,3.5,17.7,0
2021,NBA,Andre Drummond,drumman01,27.0,2TM,C,46,46.0,27.0,6.1,12.4,0.493,0.0,0.2,0.0,6.1,12.3,0.5,0.493,2.7,4.5,0.6,3.6,8.4,12.0,2.0,1.4,1.1,2.7,3.2,14.9,0
2022,NBA,Andre Drummond,drumman01,28.0,2TM,C,73,36.0,19.7,3.4,5.9,0.57,0.0,0.0,0.0,3.4,5.9,0.574,0.57,1.2,2.2,0.524,3.1,6.2,9.3,1.8,1.1,0.9,1.6,2.6,7.9,0
2023,NBA,Andre Drummond,drumman01,29.0,CHI,C,67,0.0,12.7,2.5,4.1,0.606,0.0,0.0,0.0,2.5,4.0,0.613,0.606,1.0,1.9,0.536,2.1,4.6,6.6,0.5,0.7,0.4,1.1,1.7,6.0,0
2024,NBA,Andre Drummond,drumman01,30.0,CHI,C,79,10.0,17.1,3.4,6.1,0.556,0.0,0.0,0.0,3.4,6.0,0.56,0.556,1.6,2.8,0.592,3.4,5.6,9.0,0.5,0.9,0.6,1.0,1.8,8.4,0
2015,NBA,Andre Iguodala,iguodan01,31.0,GSW,SF,77,0.0,26.9,3.0,6.4,0.466,1.0,2.8,0.349,2.0,3.7,0.553,0.54,0.9,1.5,0.596,0.6,2.8,3.3,3.0,1.2,0.3,1.1,1.3,7.8,0
2016,NBA,Andre Iguodala,iguodan01,32.0,GSW,SF,65,1.0,26.6,2.7,5.7,0.478,0.8,2.4,0.351,1.9,3.3,0.57,0.552,0.8,1.3,0.614,0.8,3.2,4.0,3.4,1.1,0.3,1.2,1.6,7.0,0
2017,NBA,Andre Iguodala,iguodan01,33.0,GSW,SF,76,0.0,26.3,2.9,5.5,0.528,0.8,2.3,0.362,2.0,3.1,0.651,0.605,0.9,1.3,0.706,0.7,3.3,4.0,3.4,1.0,0.5,0.8,1.3,7.6,0
2018,NBA,Andre Iguodala,iguodan01,34.0,GSW,SF,64,7.0,25.3,2.3,5.0,0.463,0.5,1.8,0.282,1.8,3.2,0.567,0.514,0.9,1.4,0.632,0.8,3.1,3.8,3.3,0.8,0.6,1.0,1.5,6.0,0
2019,NBA,Andre Iguodala,iguodan01,35.0,GSW,SF,68,13.0,23.2,2.2,4.4,0.5,0.7,2.1,0.333,1.5,2.3,0.652,0.579,0.6,1.0,0.582,0.7,3.0,3.7,3.2,0.9,0.8,0.8,1.4,5.7,0
2020,NBA,Andre Iguodala,iguodan01,36.0,MIA,SF,21,0.0,19.9,1.8,4.2,0.432,0.7,2.2,0.298,1.1,2.0,0.585,0.511,0.3,0.7,0.4,0.8,2.9,3.7,2.4,0.7,1.0,1.2,1.7,4.6,0
2021,NBA,Andre Iguodala,iguodan01,37.0,MIA,SF,63,5.0,21.3,1.5,3.9,0.383,1.0,2.9,0.33,0.6,1.0,0.53,0.504,0.4,0.6,0.658,0.6,2.9,3.5,2.3,0.9,0.6,1.1,1.4,4.4,0
2022,NBA,Andre Iguodala,iguodan01,38.0,GSW,SF,31,0.0,19.5,1.5,3.9,0.38,0.5,2.4,0.23,0.9,1.5,0.617,0.45,0.5,0.6,0.75,0.7,2.5,3.2,3.7,0.9,0.7,0.9,1.1,4.0,0
2024,NBA,Andre Jackson Jr.,jacksan01,22.0,MIL,SG,57,8.0,10.0,0.9,1.8,0.5,0.3,0.8,0.37,0.6,0.9,0.611,0.585,0.1,0.2,0.727,0.8,1.2,2.0,0.9,0.3,0.1,0.5,1.6,2.2,0
2015,NBA,Andre Miller,millean02,38.0,2TM,PG,81,0.0,15.5,1.8,3.6,0.5,0.1,0.4,0.206,1.7,3.2,0.539,0.512,0.7,1.0,0.753,0.5,1.4,1.9,3.5,0.4,0.1,1.3,1.3,4.4,0
2016,NBA,Andre Miller,millean02,39.0,2TM,PG,39,4.0,11.8,1.5,2.7,0.557,0.1,0.2,0.25,1.5,2.5,0.582,0.566,0.6,0.8,0.75,0.3,1.0,1.3,2.2,0.4,0.0,0.9,1.2,3.7,0
2015,NBA,Andre Roberson,roberan03,23.0,OKC,SG,67,65.0,19.2,1.4,3.0,0.458,0.3,1.3,0.247,1.1,1.7,0.612,0.51,0.3,0.7,0.479,0.9,2.9,3.8,1.0,0.8,0.4,0.7,2.1,3.4,0
2016,NBA,Andre Roberson,roberan03,24.0,OKC,SG,70,70.0,22.2,1.9,3.9,0.496,0.5,1.5,0.311,1.5,2.4,0.608,0.555,0.5,0.8,0.611,1.1,2.5,3.6,0.7,0.8,0.6,0.5,1.9,4.8,0
2017,NBA,Andre Roberson,roberan03,25.0,OKC,SF,79,79.0,30.1,2.7,5.9,0.464,0.6,2.3,0.245,2.2,3.5,0.609,0.513,0.6,1.4,0.423,1.2,3.9,5.1,1.0,1.2,1.0,0.6,2.6,6.6,0
2018,NBA,Andre Roberson,roberan03,26.0,OKC,SG,39,39.0,26.6,2.2,4.2,0.537,0.2,0.9,0.222,2.0,3.2,0.627,0.562,0.3,1.0,0.316,1.9,2.8,4.7,1.2,1.2,0.9,0.8,2.3,5.0,0
2015,NBA,Andrea Bargnani,bargnan01,29.0,NYK,C,29,22.0,27.1,5.7,12.4,0.454,0.5,1.4,0.366,5.1,11.0,0.466,0.475,3.0,3.7,0.813,1.1,3.3,4.4,1.6,0.1,0.9,1.4,1.8,14.8,0
2016,NBA,Andrea Bargnani,bargnan01,30.0,BRK,C,46,0.0,13.8,2.8,6.1,0.455,0.1,0.3,0.188,2.7,5.7,0.471,0.461,1.0,1.2,0.825,0.6,1.5,2.1,0.4,0.1,0.2,0.6,1.3,6.6,0
2015,NBA,Andrew Bogut,bogutan01,30.0,GSW,C,67,65.0,23.6,3.0,5.3,0.563,0.0,0.0,0.0,3.0,5.3,0.563,0.563,0.3,0.6,0.524,2.1,6.0,8.1,2.7,0.6,1.7,1.6,2.8,6.3,0
2016,NBA,Andrew Bogut,bogutan01,31.0,GSW,C,70,66.0,20.7,2.5,4.0,0.627,0.0,0.0,1.0,2.5,4.0,0.626,0.629,0.3,0.7,0.48,1.7,5.3,7.0,2.3,0.5,1.6,1.2,3.2,5.4,0
2017,NBA,Andrew Bogut,bogutan01,32.0,2TM,C,27,21.0,21.6,1.4,3.0,0.469,0.0,0.0,0.0,1.4,3.0,0.475,0.469,0.1,0.4,0.273,2.1,6.0,8.1,1.8,0.5,0.9,1.6,3.2,2.9,0
2018,NBA,Andrew Bogut,bogutan01,33.0,LAL,C,24,5.0,9.0,0.7,1.0,0.68,0.0,0.0,0.0,0.7,1.0,0.68,0.68,0.1,0.1,1.0,1.1,2.2,3.3,0.6,0.2,0.5,0.8,1.7,1.5,0
2017,NBA,Andrew Harrison,harrian01,22.0,MEM,PG,72,18.0,20.5,1.6,5.0,0.325,0.6,2.2,0.276,1.0,2.8,0.363,0.385,2.1,2.7,0.763,0.3,1.6,1.9,2.8,0.7,0.3,1.2,2.7,5.9,0
2018,NBA,Andrew Harrison,harrian01,23.0,MEM,PG,56,46.0,23.7,3.2,7.7,0.422,0.8,2.5,0.331,2.4,5.1,0.467,0.477,2.2,2.8,0.78,0.4,1.9,2.3,3.2,0.7,0.5,1.4,2.5,9.5,0
2023,NBA,Andrew Nembhard,nembhan01,23.0,IND,SG,75,63.0,27.6,3.8,8.6,0.441,1.2,3.5,0.35,2.6,5.1,0.504,0.512,0.7,0.8,0.79,0.5,2.2,2.7,4.5,0.9,0.2,1.7,2.4,9.5,0
2024,NBA,Andrew Nembhard,nembhan01,24.0,IND,PG,68,47.0,25.0,3.8,7.7,0.498,0.9,2.5,0.357,2.9,5.2,0.567,0.557,0.7,0.8,0.804,0.5,1.5,2.1,4.1,0.9,0.1,1.5,2.1,9.2,0
2015,NBA,Andrew Nicholson,nichoan01,25.0,ORL,PF,40,3.0,12.3,2.1,4.8,0.437,0.3,1.0,0.317,1.8,3.7,0.47,0.471,0.4,0.6,0.6,0.4,1.6,2.1,0.6,0.2,0.3,0.6,1.3,4.9,0
2016,NBA,Andrew Nicholson,nichoan01,26.0,ORL,PF,56,0.0,14.7,2.6,5.5,0.471,0.7,2.0,0.36,1.9,3.5,0.536,0.537,0.9,1.2,0.785,0.6,3.0,3.6,0.4,0.2,0.4,0.7,1.2,6.9,0
2017,NBA,Andrew Nicholson,nichoan01,27.0,2TM,PF,38,0.0,9.0,1.1,2.9,0.387,0.1,0.7,0.185,1.0,2.2,0.452,0.41,0.2,0.4,0.643,0.4,1.2,1.6,0.3,0.4,0.2,0.4,1.4,2.6,0
2015,NBA,Andrew Wiggins,wiggian01,19.0,MIN,SF,82,82.0,36.2,6.1,13.9,0.437,0.5,1.5,0.31,5.6,12.3,0.453,0.454,4.3,5.7,0.76,1.6,2.9,4.6,2.1,1.0,0.6,2.2,2.3,16.9,0
2016,NBA,Andrew Wiggins,wiggian01,20.0,MIN,SF,81,81.0,35.1,7.3,16.0,0.459,0.7,2.3,0.3,6.6,13.6,0.486,0.481,5.3,7.0,0.761,1.3,2.3,3.6,2.0,1.0,0.6,2.2,2.0,20.7,0
2017,NBA,Andrew Wiggins,wiggian01,21.0,MIN,SF,82,82.0,37.2,8.6,19.1,0.452,1.3,3.5,0.356,7.4,15.6,0.473,0.484,5.0,6.6,0.76,1.2,2.8,4.0,2.3,1.0,0.4,2.3,2.2,23.6,0
2018,NBA,Andrew Wiggins,wiggian01,22.0,MIN,SF,82,82.0,36.3,6.9,15.9,0.438,1.4,4.1,0.331,5.6,11.7,0.475,0.481,2.5,3.8,0.643,1.0,3.4,4.4,2.0,1.1,0.6,1.7,2.0,17.7,0
2019,NBA,Andrew Wiggins,wiggian01,23.0,MIN,SF,73,73.0,34.8,6.8,16.6,0.412,1.6,4.8,0.339,5.2,11.8,0.441,0.461,2.8,4.1,0.699,1.1,3.7,4.8,2.5,1.0,0.7,1.9,2.1,18.1,0
2020,NBA,Andrew Wiggins,wiggian01,24.0,2TM,SF,54,54.0,34.4,8.1,18.1,0.447,2.1,6.2,0.332,6.0,11.9,0.506,0.504,3.5,5.0,0.709,1.2,3.9,5.1,3.7,0.8,1.0,2.4,2.4,21.8,0
2021,NBA,Andrew Wiggins,wiggian01,25.0,GSW,PF,71,71.0,33.3,7.1,14.9,0.477,2.0,5.2,0.38,5.1,9.7,0.529,0.543,2.4,3.4,0.714,1.2,3.7,4.9,2.4,0.9,1.0,1.8,2.2,18.6,0
2022,NBA,Andrew Wiggins,wiggian01,26.0,GSW,SF,73,73.0,31.9,6.5,14.0,0.466,2.2,5.5,0.393,4.4,8.5,0.513,0.543,2.0,3.2,0.634,1.2,3.3,4.5,2.2,1.0,0.7,1.5,2.2,17.2,1
2023,NBA,Andrew Wiggins,wiggian01,27.0,GSW,SF,37,37.0,32.2,6.8,14.3,0.473,2.4,6.1,0.396,4.4,8.2,0.53,0.557,1.2,1.9,0.611,1.6,3.4,5.0,2.3,1.2,0.8,1.3,2.9,17.1,0
2024,NBA,Andrew Wiggins,wiggian01,28.0,GSW,SF,71,59.0,27.0,5.0,11.0,0.453,1.3,3.6,0.358,3.7,7.4,0.498,0.511,2.0,2.7,0.751,1.5,3.0,4.5,1.7,0.6,0.6,1.2,2.1,13.2,0
2019,NBA,Anfernee Simons,simonan01,19.0,POR,SG,20,1.0,7.1,1.4,3.2,0.444,0.5,1.5,0.345,0.9,1.7,0.529,0.524,0.5,0.8,0.563,0.2,0.5,0.7,0.7,0.1,0.0,0.6,0.5,3.8,0
2020,NBA,Anfernee Simons,simonan01,20.0,POR,SG,70,4.0,20.7,3.1,7.7,0.399,1.1,3.2,0.332,2.0,4.4,0.448,0.469,1.1,1.3,0.826,0.4,1.8,2.2,1.4,0.4,0.1,0.9,1.9,8.3,0
2021,NBA,Anfernee Simons,simonan01,21.0,POR,SG,64,0.0,17.3,2.6,6.3,0.419,1.9,4.4,0.426,0.8,1.9,0.403,0.569,0.7,0.9,0.807,0.2,2.0,2.2,1.4,0.3,0.1,0.7,1.5,7.8,0
2022,NBA,Anfernee Simons,simonan01,22.0,POR,SG,57,30.0,29.5,6.2,14.0,0.443,3.1,7.8,0.405,3.1,6.2,0.49,0.555,1.8,2.0,0.888,0.5,2.2,2.6,3.9,0.5,0.1,2.0,1.9,17.3,0
2023,NBA,Anfernee Simons,simonan01,23.0,POR,SG,62,62.0,35.0,7.5,16.9,0.447,3.4,9.1,0.377,4.1,7.8,0.528,0.548,2.6,2.9,0.894,0.3,2.3,2.6,4.1,0.7,0.2,2.1,2.3,21.1,0
2024,NBA,Anfernee Simons,simonan01,24.0,POR,SG,46,46.0,34.4,7.8,18.2,0.43,3.4,8.8,0.385,4.4,9.4,0.472,0.523,3.5,3.9,0.916,0.5,3.2,3.6,5.5,0.5,0.1,2.7,2.1,22.6,0
2018,NBA,Ante Žižić,zizican01,21.0,CLE,C,32,2.0,6.7,1.5,2.1,0.731,0.0,0.0,0.0,1.5,2.1,0.731,0.731,0.7,0.9,0.724,0.8,1.1,1.9,0.2,0.1,0.4,0.3,0.9,3.7,0
2019,NBA,Ante Žižić,zizican01,22.0,CLE,C,59,25.0,18.3,3.1,5.6,0.553,0.0,0.0,0.0,3.1,5.6,0.553,0.553,1.6,2.2,0.705,1.8,3.6,5.4,0.9,0.2,0.4,1.0,1.9,7.8,0
2020,NBA,Ante Žižić,zizican01,23.0,CLE,C,22,0.0,10.0,1.9,3.3,0.569,0.0,0.0,0.0,1.9,3.3,0.569,0.569,0.6,0.9,0.737,0.8,2.2,3.0,0.3,0.3,0.2,0.5,1.2,4.4,0
2015,NBA,Anthony Bennett,bennean01,21.0,MIN,PF,57,3.0,15.7,2.2,5.2,0.421,0.1,0.4,0.304,2.1,4.8,0.431,0.433,0.7,1.1,0.641,0.9,2.9,3.8,0.8,0.5,0.3,0.6,1.5,5.2,0
2017,NBA,Anthony Bennett,bennean01,23.0,BRK,PF,23,1.0,11.5,1.7,4.0,0.413,0.6,2.1,0.271,1.1,1.9,0.568,0.484,1.1,1.6,0.722,1.1,2.3,3.4,0.5,0.2,0.1,0.5,0.8,5.0,0
2024,NBA,Anthony Black,blackan01,20.0,ORL,PG,69,33.0,16.9,1.7,3.6,0.466,0.5,1.4,0.394,1.1,2.2,0.51,0.54,0.7,1.2,0.613,0.5,1.5,2.0,1.3,0.5,0.3,0.8,1.6,4.6,0
2016,NBA,Anthony Brown,brownan02,23.0,LAL,SF,29,11.0,20.7,1.3,4.3,0.31,0.7,2.4,0.286,0.7,1.9,0.339,0.389,0.6,0.7,0.85,0.3,2.1,2.4,0.7,0.5,0.2,0.5,1.2,4.0,0
2015,NBA,Anthony Davis,davisan02,21.0,NOP,PF,68,68.0,36.1,9.4,17.6,0.535,0.0,0.2,0.083,9.4,17.5,0.54,0.536,5.5,6.8,0.805,2.5,7.7,10.2,2.2,1.5,2.9,1.4,2.1,24.4,1
2016,NBA,Anthony Davis,davisan02,22.0,NOP,C,61,61.0,35.5,9.2,18.6,0.493,0.6,1.8,0.324,8.6,16.9,0.511,0.508,5.3,7.0,0.758,2.1,8.1,10.3,1.9,1.3,2.0,2.0,2.4,24.3,1
2017,NBA,Anthony Davis,davisan02,23.0,NOP,C,75,75.0,36.1,10.3,20.3,0.505,0.5,1.8,0.299,9.7,18.6,0.524,0.518,6.9,8.6,0.802,2.3,9.5,11.8,2.1,1.3,2.2,2.4,2.2,28.0,1
2018,NBA,Anthony Davis,davisan02,24.0,NOP,PF,75,75.0,36.4,10.4,19.5,0.534,0.7,2.2,0.34,9.7,17.3,0.558,0.552,6.6,8.0,0.828,2.5,8.6,11.1,2.3,1.5,2.6,2.2,2.1,28.1,1
2019,NBA,Anthony Davis,davisan02,25.0,NOP,C,56,56.0,33.0,9.5,18.3,0.517,0.9,2.6,0.331,8.6,15.7,0.547,0.54,6.1,7.7,0.794,3.1,8.9,12.0,3.9,1.6,2.4,2.0,2.4,25.9,1
2020,NBA,Anthony Davis,davisan02,26.0,LAL,PF,62,62.0,34.4,8.9,17.7,0.503,1.2,3.5,0.33,7.7,14.2,0.546,0.536,7.2,8.5,0.846,2.3,7.0,9.3,3.2,1.5,2.3,2.5,2.5,26.1,1
2021,NBA,Anthony Davis,davisan02,27.0,LAL,PF,36,36.0,32.3,8.4,17.0,0.491,0.7,2.8,0.26,7.6,14.3,0.536,0.512,4.4,5.9,0.738,1.7,6.2,7.9,3.1,1.3,1.6,2.1,1.7,21.8,1
2022,NBA,Anthony Davis,davisan02,28.0,LAL,C,40,40.0,35.1,9.3,17.4,0.532,0.3,1.8,0.186,8.9,15.6,0.571,0.542,4.4,6.1,0.713,2.7,7.2,9.9,3.1,1.2,2.3,2.1,2.4,23.2,0
2023,NBA,Anthony Davis,davisan02,29.0,LAL,C,56,54.0,34.0,9.7,17.2,0.563,0.3,1.3,0.257,9.3,15.9,0.589,0.573,6.2,7.9,0.784,3.5,9.1,12.5,2.6,1.1,2.0,2.2,2.6,25.9,0
2024,NBA,Anthony Davis,davisan02,30.0,LAL,C,76,76.0,35.5,9.4,16.9,0.556,0.4,1.4,0.271,9.0,15.5,0.582,0.567,5.5,6.8,0.816,3.1,9.5,12.6,3.5,1.2,2.3,2.1,2.3,24.7,1
2021,NBA,Anthony Edwards,edwaran01,19.0,MIN,SG,72,55.0,32.1,7.0,16.8,0.417,2.4,7.2,0.329,4.6,9.6,0.483,0.488,2.9,3.8,0.776,0.8,3.8,4.7,2.9,1.1,0.5,2.2,1.8,19.3,0
2022,NBA,Anthony Edwards,edwaran01,20.0,MIN,SG,72,72.0,34.3,7.6,17.3,0.441,3.0,8.4,0.357,4.6,8.9,0.519,0.527,3.1,3.9,0.786,0.9,3.9,4.8,3.8,1.5,0.6,2.6,2.3,21.3,0
2023,NBA,Anthony Edwards,edwaran01,21.0,MIN,SG,79,79.0,36.0,8.9,19.5,0.459,2.7,7.3,0.369,6.3,12.2,0.513,0.528,4.0,5.3,0.756,0.6,5.2,5.8,4.4,1.6,0.7,3.3,2.4,24.6,1
2024,NBA,Anthony Edwards,edwaran01,22.0,MIN,SG,79,78.0,35.1,9.1,19.7,0.461,2.4,6.7,0.357,6.7,13.0,0.515,0.522,5.4,6.4,0.836,0.7,4.8,5.4,5.1,1.3,0.5,3.1,1.8,25.9,1
2021,NBA,Anthony Gill,gillan01,28.0,WAS,PF,26,4.0,8.4,1.2,2.3,0.5,0.3,0.9,0.292,0.9,1.4,0.639,0.558,0.5,0.6,0.813,0.6,1.3,2.0,0.4,0.4,0.2,0.3,1.0,3.1,0
2022,NBA,Anthony Gill,gillan01,29.0,WAS,PF,44,0.0,10.5,1.4,2.5,0.569,0.3,0.6,0.538,1.1,1.9,0.578,0.633,1.0,1.2,0.808,0.8,1.2,1.9,0.6,0.1,0.3,0.4,1.3,4.1,0
2023,NBA,Anthony Gill,gillan01,30.0,WAS,PF,59,8.0,10.6,1.2,2.2,0.538,0.1,0.5,0.138,1.1,1.7,0.65,0.553,0.8,1.1,0.731,0.6,1.1,1.7,0.6,0.1,0.2,0.3,1.2,3.3,0
2024,NBA,Anthony Gill,gillan01,31.0,WAS,PF,50,3.0,9.3,1.5,3.2,0.469,0.2,0.8,0.244,1.3,2.4,0.546,0.5,0.6,0.7,0.806,0.7,1.1,1.9,0.7,0.3,0.2,0.5,1.0,3.8,0
2021,NBA,Anthony Lamb,lamban01,23.0,HOU,SF,24,3.0,17.3,1.9,4.9,0.39,1.0,3.0,0.324,1.0,2.0,0.489,0.487,0.8,0.9,0.857,1.1,1.8,2.9,1.0,0.3,0.2,0.8,1.4,5.5,0
2023,NBA,Anthony Lamb,lamban01,25.0,GSW,SF,62,4.0,19.3,2.4,5.1,0.471,1.2,3.2,0.367,1.2,1.9,0.652,0.588,0.7,1.0,0.767,0.9,2.6,3.5,1.5,0.5,0.3,0.9,2.2,6.7,0
2015,NBA,Anthony Morrow,morroan01,29.0,OKC,SG,74,0.0,24.4,3.9,8.3,0.463,1.9,4.4,0.434,1.9,3.9,0.497,0.578,1.1,1.2,0.888,0.5,2.1,2.6,0.8,0.7,0.1,0.5,1.8,10.7,0
2016,NBA,Anthony Morrow,morroan01,30.0,OKC,SG,68,6.0,13.6,2.0,4.9,0.408,1.2,3.0,0.387,0.8,1.9,0.442,0.527,0.4,0.6,0.744,0.1,0.8,0.9,0.4,0.3,0.1,0.3,0.9,5.6,0
2017,NBA,Anthony Morrow,morroan01,31.0,2TM,SG,49,7.0,14.6,2.0,5.1,0.389,0.8,2.7,0.308,1.2,2.4,0.479,0.47,0.7,0.8,0.919,0.2,0.4,0.6,0.5,0.5,0.0,0.1,0.9,5.5,0
2015,NBA,Anthony Tolliver,tollian01,29.0,2TM,PF,76,11.0,18.8,2.1,5.2,0.41,1.4,3.8,0.366,0.7,1.4,0.534,0.545,0.7,0.9,0.783,0.7,2.4,3.1,0.8,0.3,0.2,0.7,1.8,6.3,0
2016,NBA,Anthony Tolliver,tollian01,30.0,DET,PF,72,5.0,18.6,1.8,4.6,0.386,1.4,3.8,0.36,0.4,0.8,0.5,0.533,0.4,0.7,0.617,0.5,2.6,3.2,0.7,0.4,0.2,0.4,1.2,5.3,0
2017,NBA,Anthony Tolliver,tollian01,31.0,SAC,PF,65,9.0,22.7,2.4,5.4,0.442,1.4,3.5,0.391,1.0,1.9,0.537,0.57,0.9,1.3,0.744,0.8,2.9,3.6,1.2,0.5,0.3,0.9,1.7,7.1,0
2018,NBA,Anthony Tolliver,tollian01,32.0,DET,PF,79,14.0,22.2,2.8,6.0,0.464,2.0,4.6,0.436,0.8,1.4,0.561,0.632,1.3,1.7,0.797,0.6,2.4,3.1,1.1,0.4,0.3,0.7,1.8,8.9,0
2019,NBA,Anthony Tolliver,tollian01,33.0,MIN,PF,65,0.0,16.6,1.5,4.0,0.382,1.2,3.3,0.377,0.3,0.7,0.409,0.539,0.7,0.9,0.783,0.2,2.5,2.7,0.7,0.3,0.3,0.6,1.4,5.0,0
2020,NBA,Anthony Tolliver,tollian01,34.0,3TM,PF,55,13.0,15.9,1.2,3.3,0.357,0.9,2.6,0.338,0.3,0.7,0.432,0.492,0.4,0.5,0.724,0.6,2.2,2.8,0.8,0.3,0.2,0.6,1.3,3.6,0
2019,NBA,Antonio Blakeney,blakean01,22.0,CHI,SG,57,3.0,14.5,2.9,6.9,0.419,0.6,1.6,0.396,2.3,5.4,0.426,0.465,0.9,1.3,0.658,0.1,1.7,1.9,0.7,0.2,0.2,0.6,0.7,7.3,0
2020,NBA,Anžejs Pasečņiks,pasecan01,24.0,WAS,C,27,0.0,16.2,2.3,4.3,0.526,0.0,0.1,0.0,2.3,4.2,0.54,0.526,1.3,2.1,0.586,1.6,2.4,4.0,0.7,0.3,0.4,0.9,2.8,5.8,0
2015,NBA,Archie Goodwin,goodwar01,20.0,PHO,SG,41,2.0,13.0,1.9,4.9,0.393,0.3,1.0,0.293,1.6,3.9,0.419,0.423,1.5,2.0,0.735,0.7,1.1,1.8,1.1,0.4,0.2,1.2,1.3,5.6,0
2016,NBA,Archie Goodwin,goodwar01,21.0,PHO,PG,57,13.0,19.5,3.1,7.4,0.417,0.4,1.7,0.232,2.7,5.7,0.474,0.444,2.3,3.4,0.674,0.5,2.0,2.5,2.1,0.5,0.2,1.8,1.5,8.9,0
2021,NBA,Armoni Brooks,brookar01,22.0,HOU,SG,20,5.0,26.0,3.9,9.6,0.406,3.0,7.9,0.382,0.9,1.8,0.514,0.563,0.4,0.6,0.583,0.5,2.9,3.4,1.5,0.6,0.3,1.1,1.7,11.2,0
2022,NBA,Armoni Brooks,brookar01,23.0,2TM,SG,54,11.0,15.6,1.8,5.4,0.339,1.4,4.6,0.297,0.4,0.7,0.6,0.467,0.3,0.4,0.857,0.4,1.5,1.9,1.1,0.5,0.2,0.5,1.4,5.3,0
2015,NBA,Aron Baynes,baynear01,28.0,SAS,C,70,17.0,16.0,2.6,4.7,0.566,0.0,0.1,0.25,2.6,4.6,0.57,0.567,1.3,1.5,0.865,1.6,3.0,4.5,0.5,0.2,0.3,0.9,2.3,6.6,0
2016,NBA,Aron Baynes,baynear01,29.0,DET,C,81,1.0,15.2,2.4,4.7,0.505,0.0,0.0,0.0,2.4,4.7,0.508,0.505,1.6,2.0,0.764,1.7,3.0,4.7,0.6,0.3,0.6,0.8,1.9,6.3,0
2017,NBA,Aron Baynes,baynear01,30.0,DET,C,75,2.0,15.5,1.9,3.7,0.513,0.0,0.0,0.0,1.9,3.7,0.513,0.513,1.1,1.3,0.84,1.5,3.0,4.4,0.4,0.2,0.5,0.7,2.2,4.9,0
2018,NBA,Aron Baynes,baynear01,31.0,BOS,C,81,67.0,18.3,2.6,5.5,0.471,0.0,0.3,0.143,2.6,5.2,0.487,0.474,0.7,1.0,0.756,1.6,3.8,5.4,1.1,0.3,0.6,1.0,2.5,6.0,0
2019,NBA,Aron Baynes,baynear01,32.0,BOS,C,51,18.0,16.1,2.1,4.4,0.471,0.4,1.2,0.344,1.6,3.2,0.519,0.518,1.0,1.2,0.855,1.7,3.0,4.7,1.1,0.2,0.7,0.8,2.5,5.6,0
2020,NBA,Aron Baynes,baynear01,33.0,PHO,C,42,28.0,22.2,4.4,9.1,0.48,1.4,4.0,0.351,3.0,5.1,0.582,0.558,1.3,1.8,0.747,1.7,4.0,5.6,1.6,0.2,0.5,1.2,3.4,11.5,0
2021,NBA,Aron Baynes,baynear01,34.0,TOR,C,53,31.0,18.5,2.5,5.7,0.441,0.5,1.9,0.262,2.0,3.8,0.532,0.485,0.5,0.8,0.707,1.6,3.5,5.2,0.9,0.3,0.4,0.9,2.2,6.1,0
2015,NBA,Arron Afflalo,afflaar01,29.0,2TM,SG,78,72.0,32.1,4.8,11.3,0.424,1.5,4.3,0.354,3.3,7.1,0.466,0.491,2.1,2.5,0.843,0.3,2.8,3.2,1.7,0.5,0.1,1.5,2.1,13.3,0
2016,NBA,Arron Afflalo,afflaar01,30.0,NYK,SG,71,57.0,33.4,5.0,11.3,0.443,1.3,3.4,0.382,3.7,7.9,0.469,0.5,1.5,1.8,0.84,0.3,3.4,3.7,2.0,0.4,0.1,1.2,2.0,12.8,0
2017,NBA,Arron Afflalo,afflaar01,31.0,SAC,SG,61,45.0,25.9,3.0,6.9,0.44,1.0,2.5,0.411,2.0,4.4,0.457,0.514,1.4,1.5,0.892,0.1,1.9,2.0,1.3,0.3,0.1,0.7,1.7,8.4,0
2018,NBA,Arron Afflalo,afflaar01,32.0,ORL,SG,53,3.0,12.9,1.2,3.1,0.401,0.5,1.3,0.386,0.7,1.7,0.413,0.485,0.4,0.5,0.846,0.1,1.2,1.2,0.6,0.1,0.2,0.4,1.1,3.4,0
2024,NBA,Ausar Thompson,thompau01,21.0,DET,SF,63,38.0,25.1,3.7,7.6,0.483,0.3,1.8,0.186,3.3,5.8,0.575,0.505,1.1,1.9,0.597,2.0,4.3,6.4,1.9,1.1,0.9,1.3,2.8,8.8,0
2015,NBA,Austin Daye,dayeau01,26.0,2TM,SF,34,4.0,10.1,1.5,4.1,0.355,0.7,2.1,0.338,0.8,2.1,0.371,0.44,0.1,0.2,0.833,0.3,1.9,2.2,0.5,0.4,0.1,0.7,1.1,3.8,0
2022,NBA,Austin Reaves,reaveau01,23.0,LAL,SG,61,19.0,23.2,2.4,5.2,0.459,0.9,2.7,0.317,1.5,2.5,0.616,0.542,1.6,1.9,0.839,0.7,2.4,3.2,1.8,0.5,0.3,0.7,1.4,7.3,0
2023,NBA,Austin Reaves,reaveau01,24.0,LAL,SG,64,22.0,28.8,4.0,7.7,0.529,1.3,3.4,0.398,2.7,4.3,0.631,0.616,3.6,4.1,0.864,0.5,2.5,3.0,3.4,0.5,0.3,1.5,1.7,13.0,0
2024,NBA,Austin Reaves,reaveau01,25.0,LAL,SG,82,57.0,32.1,5.6,11.5,0.486,1.9,5.1,0.367,3.7,6.3,0.583,0.568,2.8,3.3,0.853,0.7,3.6,4.3,5.5,0.8,0.3,2.1,1.9,15.9,0
2015,NBA,Austin Rivers,riverau01,22.0,2TM,SG,76,5.0,20.6,2.7,6.5,0.409,0.5,1.7,0.298,2.2,4.8,0.449,0.449,1.1,1.7,0.675,0.4,1.6,2.0,2.0,0.6,0.2,0.9,1.9,7.0,0
2016,NBA,Austin Rivers,riverau01,23.0,LAC,SG,67,7.0,21.9,3.4,7.7,0.438,0.9,2.8,0.335,2.4,4.9,0.495,0.498,1.2,1.7,0.681,0.3,1.6,1.9,1.5,0.7,0.1,0.9,2.0,8.9,0
2017,NBA,Austin Rivers,riverau01,24.0,LAC,SG,74,29.0,27.8,4.4,9.9,0.442,1.5,4.0,0.371,2.9,5.8,0.491,0.518,1.8,2.6,0.691,0.3,1.9,2.2,2.8,0.6,0.1,1.6,2.5,12.0,0
2018,NBA,Austin Rivers,riverau01,25.0,LAC,SG,61,59.0,33.7,5.6,13.2,0.424,2.2,5.9,0.378,3.4,7.3,0.461,0.508,1.7,2.6,0.642,0.4,1.9,2.4,4.0,1.2,0.3,1.8,2.5,15.1,0
2019,NBA,Austin Rivers,riverau01,26.0,2TM,SG,76,15.0,26.7,3.1,7.5,0.406,1.4,4.3,0.318,1.7,3.2,0.522,0.497,0.7,1.3,0.526,0.3,1.8,2.1,2.2,0.6,0.3,0.9,2.7,8.1,0
2020,NBA,Austin Rivers,riverau01,27.0,HOU,SG,68,4.0,23.4,3.1,7.4,0.421,1.4,4.0,0.356,1.7,3.4,0.498,0.517,1.1,1.6,0.703,0.4,2.2,2.6,1.7,0.7,0.1,0.7,1.9,8.8,0
2021,NBA,Austin Rivers,riverau01,28.0,2TM,SG,36,7.0,23.5,2.9,6.8,0.424,1.5,4.1,0.369,1.4,2.7,0.51,0.537,0.6,0.9,0.71,0.2,2.1,2.3,2.3,0.8,0.1,1.0,1.8,7.9,0
2022,NBA,Austin Rivers,riverau01,29.0,DEN,SG,67,18.0,22.1,2.2,5.2,0.417,1.2,3.4,0.342,1.0,1.8,0.563,0.53,0.5,0.7,0.727,0.3,1.4,1.7,1.3,0.8,0.1,0.8,1.8,6.0,0
2023,NBA,Austin Rivers,riverau01,30.0,MIN,SG,52,10.0,19.5,1.8,4.0,0.435,0.8,2.4,0.35,0.9,1.7,0.558,0.538,0.6,0.8,0.769,0.1,1.5,1.6,1.4,0.5,0.1,0.4,1.5,4.9,0
2015,NBA,Avery Bradley,bradlav01,24.0,BOS,SG,77,77.0,31.5,5.6,13.1,0.429,1.6,4.6,0.352,4.0,8.6,0.47,0.49,1.0,1.3,0.79,0.6,2.5,3.1,1.8,1.1,0.2,1.4,2.3,13.9,0
2016,NBA,Avery Bradley,bradlav01,25.0,BOS,SG,76,72.0,33.4,6.0,13.4,0.447,1.9,5.4,0.361,4.1,8.1,0.505,0.52,1.3,1.6,0.78,0.6,2.3,2.9,2.1,1.5,0.3,1.4,2.2,15.2,0
2017,NBA,Avery Bradley,bradlav01,26.0,BOS,SG,55,55.0,33.4,6.5,14.1,0.463,2.0,5.0,0.39,4.6,9.1,0.504,0.533,1.2,1.7,0.731,1.2,4.9,6.1,2.2,1.2,0.2,1.6,2.6,16.3,0
2018,NBA,Avery Bradley,bradlav01,27.0,2TM,SG,46,46.0,31.2,5.6,13.6,0.414,1.6,4.4,0.369,4.0,9.2,0.436,0.474,1.4,1.8,0.768,0.5,2.0,2.5,2.0,1.1,0.2,2.2,2.0,14.3,0
2019,NBA,Avery Bradley,bradlav01,28.0,2TM,SG,63,63.0,30.2,3.9,9.7,0.408,1.4,3.9,0.351,2.6,5.8,0.446,0.479,0.7,0.8,0.86,0.7,2.1,2.8,2.4,0.7,0.3,1.4,2.7,9.9,0
2020,NBA,Avery Bradley,bradlav01,29.0,LAL,SG,49,44.0,24.2,3.5,7.8,0.444,1.3,3.5,0.364,2.2,4.3,0.51,0.526,0.4,0.5,0.833,0.4,2.0,2.3,1.3,0.9,0.1,1.0,2.2,8.6,0
2021,NBA,Avery Bradley,bradlav01,30.0,2TM,SG,27,6.0,22.3,2.4,6.3,0.374,1.2,3.7,0.327,1.1,2.6,0.443,0.471,0.4,0.6,0.8,0.3,1.8,2.1,1.7,0.8,0.1,1.0,2.0,6.4,0
2022,NBA,Avery Bradley,bradlav01,31.0,LAL,SG,62,45.0,22.7,2.4,5.6,0.423,1.3,3.4,0.39,1.1,2.3,0.471,0.54,0.3,0.3,0.889,0.5,1.7,2.2,0.8,0.9,0.1,0.6,1.9,6.4,0
2016,NBA,Axel Toupane,toupaax01,23.0,DEN,SF,21,0.0,14.5,1.2,3.3,0.357,0.6,1.9,0.325,0.6,1.4,0.4,0.45,0.6,0.8,0.765,0.4,1.1,1.5,0.7,0.3,0.3,0.3,1.9,3.6,0
2022,NBA,Ayo Dosunmu,dosunay01,22.0,CHI,SG,77,40.0,27.4,3.6,6.9,0.52,0.9,2.4,0.376,2.7,4.5,0.596,0.585,0.7,1.0,0.679,0.4,2.4,2.8,3.3,0.8,0.4,1.4,2.4,8.8,0
2023,NBA,Ayo Dosunmu,dosunay01,23.0,CHI,SG,80,51.0,26.2,3.5,7.1,0.493,0.7,2.4,0.312,2.8,4.8,0.583,0.545,0.8,1.0,0.805,0.6,2.2,2.8,2.6,0.8,0.3,1.2,2.3,8.6,0
2024,NBA,Ayo Dosunmu,dosunay01,24.0,CHI,SG,76,37.0,29.1,4.7,9.5,0.501,1.6,3.9,0.403,3.2,5.6,0.568,0.583,1.1,1.4,0.81,0.7,2.1,2.8,3.2,0.9,0.5,1.4,2.2,12.2,0
2018,NBA,Bam Adebayo,adebaba01,20.0,MIA,C,69,19.0,19.8,2.5,4.9,0.512,0.0,0.1,0.0,2.5,4.8,0.523,0.512,1.9,2.6,0.721,1.7,3.8,5.5,1.5,0.5,0.6,1.0,2.0,6.9,0
2019,NBA,Bam Adebayo,adebaba01,21.0,MIA,C,82,28.0,23.3,3.4,5.9,0.576,0.0,0.2,0.2,3.4,5.7,0.588,0.579,2.0,2.8,0.735,2.0,5.3,7.3,2.2,0.9,0.8,1.5,2.5,8.9,0
2020,NBA,Bam Adebayo,adebaba01,22.0,MIA,PF,72,72.0,33.6,6.1,11.0,0.557,0.0,0.2,0.143,6.1,10.8,0.564,0.558,3.7,5.3,0.691,2.4,7.8,10.2,5.1,1.1,1.3,2.8,2.5,15.9,1
2021,NBA,Bam Adebayo,adebaba01,23.0,MIA,C,64,64.0,33.5,7.1,12.5,0.57,0.0,0.1,0.25,7.1,12.4,0.573,0.571,4.4,5.5,0.799,2.2,6.7,9.0,5.4,1.2,1.0,2.6,2.3,18.7,0
2022,NBA,Bam Adebayo,adebaba01,24.0,MIA,C,56,56.0,32.6,7.3,13.0,0.557,0.0,0.1,0.0,7.3,12.9,0.562,0.557,4.6,6.1,0.753,2.4,7.6,10.1,3.4,1.4,0.8,2.6,3.1,19.1,0
2023,NBA,Bam Adebayo,adebaba01,25.0,MIA,C,75,75.0,34.6,8.0,14.9,0.54,0.0,0.2,0.083,8.0,14.7,0.545,0.541,4.3,5.4,0.806,2.5,6.7,9.2,3.2,1.2,0.8,2.5,2.8,20.4,1
2024,NBA,Bam Adebayo,adebaba01,26.0,MIA,C,71,71.0,34.0,7.5,14.3,0.521,0.2,0.6,0.357,7.3,13.7,0.528,0.529,4.1,5.5,0.755,2.2,8.1,10.4,3.9,1.1,0.9,2.3,2.2,19.3,1
2015,NBA,Ben Gordon,gordobe01,31.0,ORL,SG,56,0.0,14.1,2.3,5.3,0.437,0.6,1.7,0.361,1.7,3.5,0.475,0.497,1.0,1.2,0.836,0.1,1.0,1.1,0.9,0.3,0.0,1.0,1.1,6.2,0
2015,NBA,Ben McLemore,mclembe01,21.0,SAC,SG,82,82.0,32.6,4.4,10.1,0.437,1.7,4.8,0.358,2.7,5.4,0.507,0.521,1.6,2.0,0.813,0.4,2.6,2.9,1.7,0.9,0.2,1.7,2.7,12.1,0
2016,NBA,Ben McLemore,mclembe01,22.0,SAC,SG,68,53.0,21.2,2.9,6.7,0.429,1.0,2.7,0.362,1.9,4.0,0.474,0.502,1.1,1.5,0.718,0.5,1.7,2.2,1.2,0.8,0.1,1.5,2.1,7.8,0
2017,NBA,Ben McLemore,mclembe01,23.0,SAC,SG,61,27.0,19.3,3.0,6.9,0.43,1.1,2.8,0.382,1.9,4.1,0.462,0.507,1.1,1.5,0.753,0.3,1.8,2.1,0.8,0.5,0.1,1.0,1.8,8.1,0
2018,NBA,Ben McLemore,mclembe01,24.0,MEM,SG,56,17.0,19.5,2.8,6.7,0.421,1.0,2.8,0.346,1.8,3.8,0.477,0.495,0.9,1.1,0.828,0.6,1.9,2.5,0.9,0.7,0.3,1.1,2.5,7.5,0
2020,NBA,Ben McLemore,mclembe01,26.0,HOU,SF,71,23.0,22.8,3.4,7.7,0.444,2.5,6.4,0.4,0.9,1.3,0.656,0.61,0.7,0.9,0.746,0.3,1.9,2.2,0.8,0.6,0.2,0.7,2.2,10.1,0
2021,NBA,Ben McLemore,mclembe01,27.0,2TM,SG,53,5.0,17.1,2.5,6.9,0.37,1.8,5.3,0.346,0.7,1.6,0.447,0.503,0.7,1.0,0.736,0.3,1.6,1.9,0.7,0.4,0.2,0.8,1.7,7.7,0
2022,NBA,Ben McLemore,mclembe01,28.0,POR,SG,64,6.0,20.1,3.4,8.4,0.401,2.4,6.5,0.362,1.0,1.9,0.533,0.541,1.1,1.4,0.818,0.2,1.4,1.6,0.9,0.6,0.2,0.9,1.6,10.2,0
2024,NBA,Ben Sheppard,sheppbe01,22.0,IND,SG,57,1.0,14.3,1.6,4.0,0.393,0.9,2.7,0.314,0.7,1.3,0.562,0.5,0.4,0.5,0.885,0.3,1.3,1.6,0.9,0.6,0.0,0.3,1.5,4.4,0
2018,NBA,Ben Simmons,simmobe01,21.0,PHI,PG,81,81.0,33.7,6.7,12.3,0.545,0.0,0.1,0.0,6.7,12.2,0.551,0.545,2.4,4.2,0.56,1.8,6.3,8.1,8.2,1.7,0.9,3.4,2.6,15.8,0
2019,NBA,Ben Simmons,simmobe01,22.0,PHI,PG,79,79.0,34.2,6.8,12.2,0.563,0.0,0.1,0.0,6.8,12.1,0.566,0.563,3.3,5.4,0.6,2.2,6.6,8.8,7.7,1.4,0.8,3.5,2.6,16.9,1
2020,NBA,Ben Simmons,simmobe01,23.0,PHI,PG,57,57.0,35.4,6.6,11.4,0.58,0.0,0.1,0.286,6.5,11.2,0.583,0.581,3.2,5.2,0.621,2.0,5.8,7.8,8.0,2.1,0.6,3.5,3.3,16.4,1
2021,NBA,Ben Simmons,simmobe01,24.0,PHI,PG,58,58.0,32.4,5.6,10.1,0.557,0.1,0.2,0.3,5.6,9.9,0.562,0.56,3.0,4.9,0.613,1.6,5.6,7.2,6.9,1.6,0.6,3.0,2.9,14.3,1
2023,NBA,Ben Simmons,simmobe01,26.0,BRK,PG,42,33.0,26.3,3.2,5.6,0.566,0.0,0.0,0.0,3.2,5.5,0.571,0.566,0.6,1.4,0.439,1.0,5.3,6.3,6.1,1.3,0.6,2.3,3.3,6.9,0
2023,NBA,Bennedict Mathurin,mathube01,20.0,IND,SG,78,17.0,28.5,5.3,12.2,0.434,1.3,4.0,0.323,4.0,8.2,0.488,0.487,4.8,5.8,0.828,1.1,3.0,4.1,1.5,0.6,0.2,1.9,2.1,16.7,0
2024,NBA,Bennedict Mathurin,mathube01,21.0,IND,SF,59,19.0,26.1,5.0,11.2,0.446,1.4,3.6,0.374,3.7,7.6,0.481,0.507,3.1,3.8,0.821,1.0,2.9,4.0,2.0,0.6,0.2,1.6,2.0,14.5,0
2015,NBA,Beno Udrih,udrihbe01,32.0,MEM,PG,79,12.0,18.9,3.1,6.4,0.487,0.3,1.2,0.268,2.8,5.2,0.539,0.513,1.1,1.3,0.853,0.3,1.6,1.8,2.8,0.6,0.1,1.1,1.1,7.7,0
2016,NBA,Beno Udrih,udrihbe01,33.0,2TM,PG,44,5.0,16.1,2.0,4.5,0.434,0.3,1.0,0.341,1.6,3.5,0.461,0.472,0.4,0.5,0.9,0.2,1.5,1.6,2.6,0.3,0.0,1.2,1.2,4.7,0
2017,NBA,Beno Udrih,udrihbe01,34.0,DET,PG,39,0.0,14.4,2.4,5.1,0.467,0.3,0.8,0.344,2.1,4.2,0.491,0.495,0.8,0.9,0.941,0.2,1.3,1.5,3.4,0.3,0.0,0.9,0.7,5.8,0
2024,NBA,Bilal Coulibaly,coulibi01,19.0,WAS,SF,63,15.0,27.2,3.0,6.9,0.435,1.0,2.9,0.346,2.0,3.9,0.502,0.509,1.5,2.1,0.702,0.9,3.2,4.1,1.7,0.9,0.8,1.4,2.2,8.4,0
2015,NBA,Bismack Biyombo,biyombi01,22.0,CHO,C,64,21.0,19.4,1.6,2.9,0.543,0.0,0.0,0.0,1.6,2.9,0.543,0.543,1.6,2.7,0.583,2.5,3.9,6.4,0.3,0.3,1.5,0.8,2.2,4.8,0
2016,NBA,Bismack Biyombo,biyombi01,23.0,TOR,C,82,22.0,22.0,1.9,3.5,0.542,0.0,0.0,0.0,1.9,3.5,0.544,0.542,1.7,2.8,0.628,2.2,5.8,8.0,0.4,0.2,1.6,0.9,2.7,5.5,0
2017,NBA,Bismack Biyombo,biyombi01,24.0,ORL,C,81,27.0,22.1,2.2,4.2,0.528,0.0,0.0,0.0,2.2,4.2,0.528,0.528,1.5,2.9,0.534,1.9,5.1,7.0,0.9,0.3,1.1,1.2,2.5,6.0,0
2018,NBA,Bismack Biyombo,biyombi01,25.0,ORL,C,82,25.0,18.2,2.2,4.3,0.52,0.0,0.0,0.0,2.2,4.3,0.521,0.52,1.2,1.9,0.65,1.8,4.0,5.7,0.8,0.3,1.2,1.0,1.9,5.7,0
2019,NBA,Bismack Biyombo,biyombi01,26.0,CHO,C,54,32.0,14.5,1.6,2.9,0.571,0.0,0.0,0.0,1.6,2.9,0.571,0.571,1.1,1.7,0.637,1.5,3.1,4.6,0.6,0.2,0.8,0.6,1.9,4.4,0
2020,NBA,Bismack Biyombo,biyombi01,27.0,CHO,C,53,29.0,19.4,2.8,5.2,0.543,0.0,0.0,0.0,2.8,5.2,0.543,0.543,1.7,2.8,0.603,2.3,3.5,5.8,0.9,0.2,0.9,0.9,2.2,7.4,0
2021,NBA,Bismack Biyombo,biyombi01,28.0,CHO,C,66,36.0,20.4,2.2,3.7,0.587,0.0,0.0,0.0,2.2,3.7,0.589,0.587,0.7,1.6,0.448,2.1,3.2,5.3,1.2,0.3,1.1,1.1,2.1,5.0,0
2022,NBA,Bismack Biyombo,biyombi01,29.0,PHO,C,36,3.0,14.1,2.4,4.0,0.593,0.0,0.0,0.0,2.4,4.0,0.593,0.593,1.1,2.0,0.535,1.8,2.9,4.6,0.6,0.3,0.7,0.7,1.9,5.8,0
2023,NBA,Bismack Biyombo,biyombi01,30.0,PHO,C,61,14.0,14.3,2.0,3.4,0.578,0.0,0.0,0.0,2.0,3.4,0.578,0.578,0.4,1.1,0.357,1.5,2.8,4.3,0.9,0.3,1.4,0.8,1.9,4.3,0
2024,NBA,Bismack Biyombo,biyombi01,31.0,2TM,C,40,27.0,19.8,1.9,3.3,0.565,0.0,0.0,0.0,1.9,3.3,0.565,0.565,0.7,1.4,0.481,1.6,3.7,5.2,1.3,0.3,0.9,1.1,2.2,4.4,0
2015,NBA,Blake Griffin,griffbl01,25.0,LAC,PF,67,67.0,35.2,8.6,17.1,0.502,0.1,0.4,0.4,8.4,16.7,0.504,0.506,4.6,6.4,0.728,1.9,5.7,7.6,5.3,0.9,0.5,2.3,2.9,21.9,1
2016,NBA,Blake Griffin,griffbl01,26.0,LAC,PF,35,35.0,33.4,8.6,17.2,0.499,0.2,0.5,0.333,8.4,16.7,0.504,0.504,4.0,5.5,0.727,1.5,6.9,8.4,4.9,0.8,0.5,2.4,2.7,21.4,0
2017,NBA,Blake Griffin,griffbl01,27.0,LAC,PF,61,61.0,34.0,7.9,15.9,0.493,0.6,1.9,0.336,7.2,14.1,0.514,0.513,5.2,6.9,0.76,1.8,6.3,8.1,4.9,0.9,0.4,2.3,2.6,21.6,0
2018,NBA,Blake Griffin,griffbl01,28.0,2TM,PF,58,58.0,34.0,7.5,17.2,0.438,1.9,5.6,0.345,5.6,11.6,0.482,0.493,4.5,5.7,0.785,1.3,6.1,7.4,5.8,0.7,0.3,2.8,2.4,21.4,0
2019,NBA,Blake Griffin,griffbl01,29.0,DET,PF,75,75.0,35.0,8.3,17.9,0.462,2.5,7.0,0.362,5.7,10.9,0.525,0.532,5.5,7.3,0.753,1.3,6.2,7.5,5.4,0.7,0.4,3.4,2.7,24.5,1
2021,NBA,Blake Griffin,griffbl01,31.0,2TM,PF,46,30.0,25.8,3.8,8.9,0.423,1.5,4.5,0.341,2.3,4.5,0.505,0.509,1.9,2.5,0.744,0.8,4.1,4.9,3.0,0.7,0.3,1.3,2.4,11.0,0
2022,NBA,Blake Griffin,griffbl01,32.0,BRK,C,56,24.0,17.1,2.4,5.6,0.425,0.7,2.6,0.262,1.7,3.0,0.565,0.486,1.0,1.4,0.724,1.1,3.0,4.1,1.9,0.5,0.3,0.6,1.7,6.4,0
2023,NBA,Blake Griffin,griffbl01,33.0,BOS,C,41,16.0,13.9,1.5,3.2,0.485,0.6,1.6,0.348,1.0,1.6,0.625,0.573,0.5,0.8,0.656,1.1,2.6,3.8,1.5,0.3,0.2,0.5,1.8,4.1,0
2023,NBA,Blake Wesley,weslebl01,19.0,SAS,SG,37,1.0,18.1,1.9,5.8,0.321,0.5,1.4,0.385,1.3,4.4,0.301,0.367,0.7,1.2,0.591,0.3,1.9,2.2,2.6,0.7,0.1,1.8,1.8,5.0,0
2024,NBA,Blake Wesley,weslebl01,20.0,SAS,SG,61,3.0,14.4,1.7,3.5,0.474,0.2,0.9,0.218,1.5,2.6,0.563,0.502,0.9,1.3,0.667,0.3,1.2,1.5,2.7,0.5,0.1,0.9,1.5,4.4,0
2016,NBA,Boban Marjanović,marjabo01,27.0,SAS,C,54,4.0,9.4,1.9,3.2,0.603,0.0,0.0,0.0,1.9,3.2,0.603,0.603,1.6,2.1,0.763,1.4,2.2,3.6,0.4,0.2,0.4,0.5,1.0,5.5,0
2017,NBA,Boban Marjanović,marjabo01,28.0,DET,C,35,0.0,8.4,2.1,3.8,0.545,0.0,0.0,0.0,2.1,3.8,0.545,0.545,1.3,1.7,0.81,1.3,2.4,3.7,0.3,0.2,0.3,0.3,0.7,5.5,0
2018,NBA,Boban Marjanović,marjabo01,29.0,2TM,C,39,1.0,8.6,2.0,3.8,0.534,0.0,0.0,0.0,2.0,3.8,0.534,0.534,2.0,2.5,0.794,1.2,2.5,3.7,0.6,0.3,0.3,0.9,1.3,6.0,0
2019,NBA,Boban Marjanović,marjabo01,30.0,2TM,C,58,12.0,11.7,2.8,4.5,0.615,0.1,0.2,0.4,2.7,4.3,0.624,0.623,1.7,2.3,0.748,1.5,3.1,4.6,0.9,0.3,0.5,1.0,1.6,7.3,0
2020,NBA,Boban Marjanović,marjabo01,31.0,DAL,C,44,5.0,9.6,2.8,4.8,0.573,0.1,0.4,0.235,2.7,4.4,0.603,0.583,1.0,1.3,0.754,1.5,3.0,4.5,0.5,0.2,0.2,0.7,1.3,6.6,0
2021,NBA,Boban Marjanović,marjabo01,32.0,DAL,C,33,3.0,8.2,1.9,3.7,0.508,0.0,0.2,0.125,1.8,3.5,0.535,0.512,0.9,1.2,0.816,1.4,2.5,3.9,0.3,0.1,0.2,0.4,0.9,4.7,0
2022,NBA,Boban Marjanović,marjabo01,33.0,DAL,C,23,0.0,5.6,1.8,3.0,0.6,0.0,0.2,0.25,1.8,2.9,0.621,0.607,0.6,1.0,0.591,0.3,1.3,1.7,0.1,0.0,0.1,0.7,1.0,4.3,0
2023,NBA,Boban Marjanović,marjabo01,34.0,HOU,C,31,0.0,5.5,1.3,1.9,0.683,0.0,0.0,0.0,1.3,1.9,0.695,0.683,0.6,0.9,0.741,0.6,1.3,1.9,0.3,0.2,0.1,0.5,0.3,3.3,0
2017,NBA,Bobby Brown,brownbo02,32.0,HOU,PG,25,0.0,4.9,0.9,2.4,0.383,0.6,1.4,0.4,0.4,1.0,0.36,0.5,0.1,0.1,1.0,0.0,0.2,0.2,0.6,0.0,0.0,0.2,0.2,2.5,0
2018,NBA,Bobby Brown,brownbo02,33.0,HOU,PG,20,0.0,5.8,1.0,2.9,0.328,0.6,2.0,0.275,0.4,0.9,0.444,0.422,0.1,0.1,0.5,0.0,0.4,0.4,0.6,0.2,0.0,0.5,0.3,2.5,0
2016,NBA,Bobby Portis,portibo01,20.0,CHI,PF,62,4.0,17.8,3.0,7.0,0.427,0.3,0.8,0.308,2.7,6.2,0.443,0.445,0.8,1.1,0.727,2.0,3.5,5.4,0.8,0.4,0.4,0.9,1.6,7.0,0
2017,NBA,Bobby Portis,portibo01,21.0,CHI,PF,64,13.0,15.6,2.9,5.9,0.488,0.5,1.5,0.333,2.4,4.4,0.541,0.531,0.6,0.9,0.661,1.2,3.5,4.6,0.5,0.3,0.2,0.6,1.5,6.8,0
2018,NBA,Bobby Portis,portibo01,22.0,CHI,PF,73,4.0,22.5,5.2,11.1,0.471,1.1,3.1,0.359,4.1,8.1,0.514,0.52,1.6,2.1,0.769,2.2,4.6,6.8,1.7,0.7,0.3,1.4,1.8,13.2,0
2019,NBA,Bobby Portis,portibo01,23.0,2TM,PF,50,28.0,26.0,5.6,12.6,0.444,1.5,3.8,0.393,4.1,8.7,0.467,0.504,1.5,1.9,0.794,2.2,5.9,8.1,1.4,0.7,0.4,1.5,2.9,14.2,0
2020,NBA,Bobby Portis,portibo01,24.0,NYK,PF,66,5.0,21.1,4.0,8.9,0.45,1.0,2.8,0.358,3.0,6.1,0.493,0.507,1.1,1.4,0.763,1.2,3.9,5.1,1.5,0.5,0.3,1.1,1.7,10.1,0
2021,NBA,Bobby Portis,portibo01,25.0,MIL,C,66,7.0,20.8,4.7,9.1,0.523,1.1,2.4,0.471,3.6,6.7,0.542,0.585,0.8,1.1,0.74,1.9,5.2,7.1,1.1,0.8,0.4,0.8,1.7,11.4,0
2022,NBA,Bobby Portis,portibo01,26.0,MIL,C,72,59.0,28.2,5.8,12.1,0.479,1.8,4.7,0.393,3.9,7.4,0.533,0.555,1.2,1.6,0.752,2.5,6.6,9.1,1.2,0.7,0.7,1.3,2.4,14.6,0
2023,NBA,Bobby Portis,portibo01,27.0,MIL,PF,70,22.0,26.0,5.7,11.5,0.496,1.4,3.7,0.37,4.3,7.8,0.555,0.555,1.4,1.8,0.768,2.2,7.4,9.6,1.5,0.4,0.2,1.2,1.6,14.1,0
2024,NBA,Bobby Portis,portibo01,28.0,MIL,PF,82,4.0,24.5,5.7,11.2,0.508,1.2,3.0,0.407,4.5,8.2,0.545,0.562,1.2,1.5,0.79,1.7,5.7,7.4,1.3,0.8,0.4,1.1,2.3,13.8,0
2018,NBA,Bogdan Bogdanović,bogdabo01,25.0,SAC,SG,78,52.0,27.9,4.4,9.9,0.446,1.7,4.2,0.392,2.8,5.7,0.485,0.529,1.3,1.5,0.84,0.4,2.5,2.9,3.3,0.9,0.2,1.6,2.2,11.8,0
2019,NBA,Bogdan Bogdanović,bogdabo01,26.0,SAC,SG,70,17.0,27.8,5.2,12.3,0.418,1.9,5.3,0.36,3.2,7.0,0.462,0.496,1.9,2.3,0.827,0.6,2.9,3.5,3.8,1.0,0.2,1.7,2.0,14.1,0
2020,NBA,Bogdan Bogdanović,bogdabo01,27.0,SAC,SG,61,28.0,29.0,5.5,12.6,0.44,2.7,7.2,0.372,2.8,5.3,0.532,0.547,1.4,1.9,0.741,0.4,3.0,3.4,3.4,1.0,0.2,1.7,2.2,15.1,0
2021,NBA,Bogdan Bogdanović,bogdabo01,28.0,ATL,SG,44,27.0,29.7,6.1,12.8,0.473,3.3,7.6,0.438,2.8,5.3,0.522,0.602,0.9,1.0,0.909,0.5,3.2,3.6,3.3,1.1,0.3,1.2,2.3,16.4,0
2022,NBA,Bogdan Bogdanović,bogdabo01,29.0,ATL,SG,63,27.0,29.3,5.4,12.6,0.431,2.7,7.3,0.368,2.7,5.3,0.516,0.537,1.5,1.8,0.843,0.5,3.5,4.0,3.1,1.1,0.2,1.1,2.1,15.1,0
2023,NBA,Bogdan Bogdanović,bogdabo01,30.0,ATL,SG,54,9.0,27.9,5.1,11.3,0.447,2.7,6.7,0.406,2.4,4.6,0.506,0.566,1.2,1.4,0.831,0.4,2.6,3.1,2.8,0.8,0.3,1.2,1.6,14.0,0
2024,NBA,Bogdan Bogdanović,bogdabo01,31.0,ATL,SG,79,33.0,30.4,6.0,13.9,0.428,3.0,8.1,0.374,2.9,5.8,0.503,0.537,1.9,2.1,0.921,0.7,2.8,3.4,3.1,1.2,0.3,1.4,2.3,16.9,0
2015,NBA,Bojan Bogdanović,bogdabo02,25.0,BRK,SF,78,28.0,23.8,3.3,7.4,0.453,1.2,3.3,0.355,2.2,4.1,0.531,0.532,1.1,1.4,0.821,0.6,2.1,2.7,0.9,0.4,0.1,1.0,1.3,9.0,0
2016,NBA,Bojan Bogdanović,bogdabo02,26.0,BRK,SF,79,39.0,26.8,4.1,9.5,0.433,1.6,4.3,0.382,2.5,5.2,0.474,0.519,1.4,1.7,0.833,0.5,2.8,3.2,1.3,0.4,0.1,1.5,1.5,11.2,0
2017,NBA,Bojan Bogdanović,bogdabo02,27.0,2TM,SF,81,54.0,25.7,4.6,10.4,0.445,1.8,4.8,0.367,2.9,5.6,0.512,0.53,2.7,3.0,0.893,0.5,3.0,3.4,1.4,0.4,0.1,1.6,1.8,13.7,0
2018,NBA,Bojan Bogdanović,bogdabo02,28.0,IND,SF,80,80.0,30.8,5.1,10.7,0.474,1.9,4.8,0.402,3.1,5.8,0.534,0.565,2.2,2.6,0.868,0.4,3.0,3.4,1.5,0.7,0.1,1.3,1.6,14.3,0
2019,NBA,Bojan Bogdanović,bogdabo02,29.0,IND,SF,81,81.0,31.8,6.4,13.0,0.497,2.0,4.8,0.425,4.4,8.2,0.538,0.575,3.0,3.8,0.807,0.4,3.7,4.1,2.0,0.9,0.0,1.7,1.7,18.0,0
2020,NBA,Bojan Bogdanović,bogdabo02,30.0,UTA,SF,63,63.0,33.1,6.6,14.8,0.447,3.0,7.3,0.414,3.6,7.6,0.479,0.548,4.0,4.4,0.903,0.6,3.5,4.1,2.1,0.5,0.1,2.5,1.7,20.2,0
2021,NBA,Bojan Bogdanović,bogdabo02,31.0,UTA,SF,72,72.0,30.8,5.6,12.8,0.439,2.5,6.4,0.39,3.1,6.4,0.487,0.536,3.2,3.7,0.879,0.6,3.3,3.9,1.9,0.6,0.1,1.8,1.6,17.0,0
2022,NBA,Bojan Bogdanović,bogdabo02,32.0,UTA,PF,69,69.0,30.9,6.1,13.4,0.455,2.6,6.8,0.387,3.5,6.7,0.524,0.552,3.2,3.8,0.858,0.8,3.4,4.3,1.7,0.5,0.0,1.7,1.7,18.1,0
2023,NBA,Bojan Bogdanović,bogdabo02,33.0,DET,PF,59,59.0,32.1,7.3,14.9,0.488,2.5,6.0,0.411,4.8,9.0,0.539,0.57,4.5,5.1,0.884,0.6,3.2,3.8,2.6,0.6,0.1,2.3,1.9,21.6,0
2024,NBA,Bojan Bogdanović,bogdabo02,34.0,2TM,PF,57,27.0,25.9,5.4,11.9,0.454,2.3,5.9,0.398,3.1,6.1,0.507,0.551,2.1,2.6,0.785,0.4,2.3,2.7,1.7,0.5,0.1,1.8,1.7,15.2,0
2021,NBA,Bol Bol,bolbo01,21.0,DEN,PF,32,2.0,5.0,0.8,1.8,0.431,0.3,0.8,0.375,0.5,1.1,0.471,0.509,0.3,0.5,0.667,0.0,0.8,0.8,0.2,0.1,0.3,0.4,0.4,2.2,0
2023,NBA,Bol Bol,bolbo01,23.0,ORL,PF,70,33.0,21.5,3.7,6.8,0.546,0.4,1.6,0.265,3.3,5.2,0.633,0.577,1.2,1.5,0.759,1.0,4.8,5.8,1.0,0.4,1.2,1.6,1.3,9.1,0
2024,NBA,Bol Bol,bolbo01,24.0,PHO,PF,43,0.0,10.9,2.2,3.5,0.616,0.5,1.2,0.423,1.7,2.3,0.717,0.689,0.3,0.4,0.789,0.7,2.4,3.2,0.4,0.2,0.6,0.4,1.0,5.2,0
2022,NBA,Bones Hyland,hylanbo01,21.0,DEN,SG,69,4.0,19.0,3.3,8.3,0.403,1.9,5.2,0.366,1.4,3.1,0.465,0.518,1.6,1.8,0.856,0.2,2.5,2.7,2.8,0.6,0.3,1.2,2.2,10.1,0
2023,NBA,Bones Hyland,hylanbo01,22.0,2TM,PG,56,1.0,19.4,4.1,10.2,0.399,2.1,5.6,0.371,2.0,4.6,0.434,0.502,1.5,1.8,0.843,0.4,2.1,2.4,3.1,0.7,0.3,1.5,1.7,11.8,0
2024,NBA,Bones Hyland,hylanbo01,23.0,LAC,PG,37,5.0,14.6,2.6,6.8,0.386,1.2,3.6,0.326,1.4,3.1,0.457,0.474,0.5,0.6,0.783,0.1,1.4,1.5,2.5,0.7,0.1,1.2,1.4,6.9,0
2015,NBA,Boris Diaw,diawbo01,32.0,SAS,PF,81,15.0,24.5,3.6,7.8,0.46,0.7,2.1,0.32,2.9,5.7,0.512,0.503,0.9,1.1,0.774,1.0,3.3,4.3,2.9,0.4,0.3,1.6,1.8,8.7,0
2016,NBA,Boris Diaw,diawbo01,33.0,SAS,PF,76,4.0,18.2,2.7,5.0,0.527,0.3,0.9,0.362,2.3,4.1,0.564,0.56,0.7,1.0,0.737,0.8,2.3,3.1,2.3,0.3,0.3,1.3,1.3,6.4,0
2017,NBA,Boris Diaw,diawbo01,34.0,UTA,PF,73,33.0,17.6,2.0,4.5,0.446,0.3,1.1,0.247,1.7,3.4,0.512,0.477,0.4,0.5,0.743,0.6,1.5,2.2,2.3,0.2,0.1,1.2,1.1,4.6,0
2019,NBA,Brad Wanamaker,wanambr01,29.0,BOS,PG,36,0.0,9.5,1.4,2.9,0.476,0.4,1.1,0.41,0.9,1.8,0.515,0.552,0.7,0.8,0.857,0.1,1.1,1.1,1.6,0.3,0.1,0.5,0.9,3.9,0
2020,NBA,Brad Wanamaker,wanambr01,30.0,BOS,PG,71,1.0,19.3,2.3,5.1,0.448,0.5,1.4,0.363,1.8,3.7,0.481,0.499,1.8,1.9,0.926,0.3,1.7,2.0,2.5,0.9,0.2,1.1,1.9,6.9,0
2021,NBA,Brad Wanamaker,wanambr01,31.0,2TM,PG,61,0.0,17.3,1.9,4.9,0.385,0.3,1.4,0.188,1.6,3.5,0.463,0.411,1.5,1.7,0.891,0.3,1.4,1.7,2.9,0.7,0.2,1.2,1.5,5.5,0
2022,NBA,Brad Wanamaker,wanambr01,32.0,2TM,PG,23,2.0,13.9,1.2,3.3,0.364,0.2,0.7,0.235,1.0,2.6,0.4,0.39,1.0,1.1,0.92,0.3,1.4,1.7,2.4,0.3,0.3,1.0,2.0,3.6,0
2015,NBA,Bradley Beal,bealbr01,21.0,WAS,SG,63,59.0,33.4,5.8,13.5,0.427,1.7,4.1,0.409,4.1,9.4,0.434,0.489,2.1,2.6,0.783,0.9,2.9,3.8,3.1,1.2,0.3,2.0,2.2,15.3,0
2016,NBA,Bradley Beal,bealbr01,22.0,WAS,SG,55,35.0,31.1,6.5,14.5,0.449,1.9,4.9,0.387,4.6,9.6,0.481,0.515,2.5,3.2,0.767,0.7,2.7,3.4,2.9,1.0,0.2,2.0,2.1,17.4,0
2017,NBA,Bradley Beal,bealbr01,23.0,WAS,SG,77,77.0,34.9,8.3,17.2,0.482,2.9,7.2,0.404,5.4,10.0,0.538,0.566,3.7,4.4,0.825,0.7,2.4,3.1,3.5,1.1,0.3,2.0,2.2,23.1,0
2018,NBA,Bradley Beal,bealbr01,24.0,WAS,SG,82,82.0,36.3,8.3,18.1,0.46,2.4,6.5,0.375,5.9,11.6,0.507,0.527,3.6,4.5,0.791,0.7,3.7,4.4,4.5,1.2,0.4,2.6,2.0,22.6,1
2019,NBA,Bradley Beal,bealbr01,25.0,WAS,SG,82,82.0,36.9,9.3,19.6,0.475,2.5,7.3,0.351,6.8,12.4,0.548,0.54,4.4,5.5,0.808,1.1,3.9,5.0,5.5,1.5,0.7,2.7,2.8,25.6,1
2020,NBA,Bradley Beal,bealbr01,26.0,WAS,SG,57,57.0,36.0,10.4,22.9,0.455,3.0,8.4,0.353,7.4,14.4,0.515,0.52,6.8,8.0,0.842,0.9,3.3,4.2,6.1,1.2,0.4,3.4,2.2,30.5,0
2021,NBA,Bradley Beal,bealbr01,27.0,WAS,SG,60,60.0,35.8,11.2,23.0,0.485,2.2,6.2,0.349,9.0,16.8,0.535,0.532,6.8,7.7,0.889,1.2,3.5,4.7,4.4,1.2,0.4,3.1,2.3,31.3,1
2022,NBA,Bradley Beal,bealbr01,28.0,WAS,SG,40,40.0,36.0,8.7,19.3,0.451,1.6,5.3,0.3,7.1,14.0,0.508,0.492,4.2,5.1,0.833,1.0,3.8,4.7,6.6,0.9,0.4,3.4,2.4,23.2,0
2023,NBA,Bradley Beal,bealbr01,29.0,WAS,SG,50,50.0,33.5,8.9,17.6,0.506,1.6,4.4,0.365,7.3,13.2,0.552,0.551,3.8,4.6,0.842,0.8,3.1,3.9,5.4,0.9,0.7,2.9,2.1,23.2,0
2024,NBA,Bradley Beal,bealbr01,30.0,PHO,SG,53,53.0,33.3,7.1,13.9,0.513,1.9,4.4,0.43,5.2,9.4,0.552,0.582,2.1,2.5,0.813,1.0,3.4,4.4,5.0,1.0,0.5,2.5,2.4,18.2,0
2015,NBA,Brandan Wright,wrighbr03,27.0,3TM,PF,75,7.0,19.3,3.1,4.8,0.642,0.0,0.0,0.0,3.1,4.8,0.647,0.642,1.0,1.5,0.696,1.7,2.6,4.3,0.5,0.7,1.3,0.5,1.4,7.3,0
2017,NBA,Brandan Wright,wrighbr03,29.0,MEM,PF,28,5.0,16.0,3.0,4.8,0.615,0.0,0.0,0.0,3.0,4.8,0.619,0.615,0.8,1.3,0.657,1.1,1.7,2.8,0.5,0.4,0.7,0.4,1.5,6.8,0
2018,NBA,Brandan Wright,wrighbr03,30.0,2TM,PF,28,1.0,13.6,2.1,3.6,0.578,0.0,0.0,0.0,2.1,3.6,0.578,0.578,0.8,1.2,0.636,1.2,2.2,3.4,0.5,0.5,0.9,0.3,1.1,5.0,0
2024,NBA,Brandin Podziemski,podzibr01,20.0,GSW,SG,74,28.0,26.6,3.7,8.1,0.454,1.2,3.2,0.385,2.4,4.9,0.499,0.529,0.7,1.1,0.633,1.6,4.2,5.8,3.7,0.8,0.2,1.2,1.6,9.2,0
2015,NBA,Brandon Bass,bassbr01,29.0,BOS,PF,82,43.0,23.5,4.2,8.3,0.504,0.1,0.4,0.281,4.1,7.9,0.515,0.51,2.1,2.6,0.79,1.7,3.2,4.9,1.3,0.5,0.4,1.0,1.7,10.6,0
2016,NBA,Brandon Bass,bassbr01,30.0,LAL,PF,66,0.0,20.3,2.6,4.8,0.549,0.0,0.0,0.0,2.6,4.8,0.552,0.549,1.9,2.2,0.845,1.6,2.7,4.3,1.1,0.5,0.8,0.6,1.9,7.2,0
2017,NBA,Brandon Bass,bassbr01,31.0,LAC,PF,52,0.0,11.1,2.1,3.6,0.575,0.0,0.1,0.333,2.0,3.5,0.579,0.578,1.5,1.7,0.875,0.8,1.7,2.5,0.4,0.3,0.2,0.6,0.9,5.6,0
2022,NBA,Brandon Boston Jr.,bostobr01,20.0,LAC,SG,51,0.0,14.9,2.5,6.4,0.385,0.7,2.2,0.306,1.8,4.2,0.425,0.437,1.2,1.4,0.819,0.3,1.8,2.2,1.0,0.5,0.3,0.6,0.8,6.7,0
2023,NBA,Brandon Boston Jr.,bostobr01,21.0,LAC,SF,22,1.0,11.3,2.3,5.5,0.418,0.5,1.3,0.414,1.8,4.2,0.419,0.467,1.3,1.7,0.763,0.3,1.0,1.4,0.9,0.4,0.0,0.5,1.0,6.5,0
2024,NBA,Brandon Boston Jr.,bostobr01,22.0,LAC,SF,32,0.0,10.8,2.0,5.0,0.404,0.4,1.6,0.269,1.6,3.4,0.468,0.447,0.7,1.0,0.697,0.6,1.0,1.6,0.4,0.3,0.3,0.8,1.3,5.2,0
2020,NBA,Brandon Clarke,clarkbr01,23.0,MEM,PF,58,4.0,22.4,5.1,8.3,0.618,0.4,1.1,0.359,4.7,7.2,0.658,0.642,1.5,1.9,0.759,1.6,4.4,5.9,1.4,0.6,0.8,0.9,1.7,12.1,0
2021,NBA,Brandon Clarke,clarkbr01,24.0,MEM,PF,59,16.0,24.0,4.3,8.4,0.517,0.3,1.3,0.26,4.0,7.1,0.565,0.537,1.3,1.9,0.69,1.6,3.9,5.6,1.6,1.0,0.9,0.6,1.4,10.3,0
2022,NBA,Brandon Clarke,clarkbr01,25.0,MEM,PF,64,1.0,19.5,4.5,7.0,0.644,0.1,0.3,0.227,4.4,6.6,0.666,0.65,1.3,2.0,0.654,2.1,3.2,5.3,1.3,0.6,1.1,0.5,1.9,10.4,0
2023,NBA,Brandon Clarke,clarkbr01,26.0,MEM,PF,56,8.0,19.5,4.1,6.2,0.656,0.0,0.1,0.167,4.1,6.1,0.665,0.658,1.8,2.4,0.723,1.6,3.9,5.5,1.3,0.6,0.7,1.0,2.3,10.0,0
2015,NBA,Brandon Davies,daviebr01,23.0,2TM,PF,27,6.0,15.7,2.0,5.1,0.401,0.3,1.3,0.235,1.7,3.8,0.456,0.431,0.9,1.4,0.649,1.4,1.7,3.1,1.1,0.7,0.3,1.1,2.2,5.3,0
2020,NBA,Brandon Goodwin,goodwbr01,24.0,ATL,PG,34,1.0,12.6,2.2,5.6,0.4,0.8,2.6,0.299,1.5,3.0,0.485,0.468,0.8,0.9,0.933,0.3,1.8,2.1,1.5,0.4,0.1,0.9,1.3,6.1,0
2021,NBA,Brandon Goodwin,goodwbr01,25.0,ATL,PG,47,5.0,13.2,1.8,4.7,0.377,0.7,2.2,0.311,1.1,2.6,0.433,0.448,0.6,0.9,0.651,0.2,1.3,1.5,2.0,0.4,0.0,0.8,0.9,4.9,0
2022,NBA,Brandon Goodwin,goodwbr01,26.0,CLE,PG,36,5.0,13.9,1.8,4.3,0.416,0.5,1.5,0.345,1.3,2.8,0.455,0.477,0.7,1.1,0.632,0.4,1.5,1.9,2.5,0.7,0.0,1.0,1.1,4.8,0
2017,NBA,Brandon Ingram,ingrabr01,19.0,LAL,SF,79,40.0,28.8,3.5,8.7,0.402,0.7,2.4,0.294,2.8,6.3,0.443,0.442,1.7,2.7,0.621,0.8,3.2,4.0,2.1,0.6,0.5,1.5,2.0,9.4,0
2018,NBA,Brandon Ingram,ingrabr01,20.0,LAL,SF,59,59.0,33.5,6.1,12.9,0.47,0.7,1.8,0.39,5.4,11.1,0.483,0.497,3.3,4.8,0.681,1.0,4.4,5.3,3.9,0.8,0.7,2.5,2.8,16.1,0
2019,NBA,Brandon Ingram,ingrabr01,21.0,LAL,SF,52,52.0,33.8,7.0,14.0,0.497,0.6,1.8,0.33,6.4,12.2,0.521,0.518,3.8,5.6,0.675,0.8,4.3,5.1,3.0,0.5,0.6,2.5,2.9,18.3,0
2020,NBA,Brandon Ingram,ingrabr01,22.0,NOP,PF,62,62.0,33.9,8.2,17.7,0.463,2.4,6.2,0.391,5.8,11.5,0.501,0.531,5.0,5.9,0.851,0.8,5.3,6.1,4.2,1.0,0.6,3.0,2.9,23.8,1
2021,NBA,Brandon Ingram,ingrabr01,23.0,NOP,SF,61,61.0,34.3,8.4,18.0,0.466,2.3,6.1,0.381,6.1,11.9,0.51,0.531,4.6,5.2,0.878,0.6,4.3,4.9,4.9,0.7,0.6,2.5,2.0,23.8,0
2022,NBA,Brandon Ingram,ingrabr01,24.0,NOP,SF,55,55.0,34.0,8.2,17.9,0.461,1.3,4.1,0.327,6.9,13.8,0.501,0.498,4.8,5.9,0.826,0.6,5.2,5.8,5.6,0.6,0.5,2.7,2.2,22.7,0
2023,NBA,Brandon Ingram,ingrabr01,25.0,NOP,SF,45,45.0,34.2,9.0,18.6,0.484,1.4,3.6,0.39,7.6,14.9,0.507,0.522,5.3,6.0,0.882,0.5,5.0,5.5,5.8,0.7,0.4,3.3,2.6,24.7,0
2024,NBA,Brandon Ingram,ingrabr01,26.0,NOP,SF,64,64.0,32.9,7.8,15.9,0.492,1.3,3.8,0.355,6.5,12.1,0.534,0.534,3.8,4.8,0.801,0.7,4.4,5.1,5.7,0.8,0.6,2.5,2.3,20.8,0
2015,NBA,Brandon Jennings,jennibr01,25.0,DET,PG,41,41.0,28.6,5.3,13.2,0.401,1.9,5.1,0.36,3.5,8.1,0.428,0.471,2.9,3.5,0.839,0.5,2.0,2.5,6.6,1.1,0.1,2.2,1.6,15.4,0
2016,NBA,Brandon Jennings,jennibr01,26.0,2TM,PG,48,7.0,18.1,2.3,6.3,0.368,1.1,3.2,0.329,1.3,3.1,0.409,0.452,1.2,1.6,0.731,0.3,1.7,2.0,3.5,0.6,0.1,1.2,1.2,6.9,0
2017,NBA,Brandon Jennings,jennibr01,27.0,2TM,PG,81,13.0,22.2,2.4,6.6,0.359,1.0,3.1,0.313,1.4,3.5,0.399,0.433,1.4,1.9,0.75,0.4,2.1,2.4,4.9,0.9,0.0,1.6,1.4,7.1,0
2015,NBA,Brandon Knight,knighbr03,23.0,2TM,PG,63,61.0,32.3,6.0,14.1,0.422,2.0,5.1,0.389,4.0,9.0,0.441,0.493,3.1,3.5,0.874,0.4,3.4,3.9,5.2,1.4,0.2,3.0,1.8,17.0,0
2016,NBA,Brandon Knight,knighbr03,24.0,PHO,SG,52,50.0,36.0,7.1,17.2,0.415,2.3,6.8,0.342,4.8,10.5,0.461,0.482,3.0,3.5,0.852,0.7,3.2,3.9,5.1,1.2,0.4,3.4,2.4,19.6,0
2017,NBA,Brandon Knight,knighbr03,25.0,PHO,SG,54,5.0,21.1,3.9,9.7,0.398,0.8,2.6,0.324,3.0,7.1,0.425,0.441,2.4,2.9,0.857,0.5,1.7,2.2,2.4,0.5,0.1,1.6,1.6,11.0,0
2019,NBA,Brandon Knight,knighbr03,27.0,2TM,PG,39,26.0,18.9,2.5,6.7,0.381,1.1,3.3,0.318,1.5,3.4,0.443,0.46,0.7,0.9,0.794,0.3,1.3,1.5,1.8,0.5,0.1,0.8,1.6,6.8,0
2020,NBA,Brandon Knight,knighbr03,28.0,2TM,SG,25,3.0,18.5,2.4,6.7,0.353,1.8,5.2,0.344,0.6,1.4,0.389,0.488,0.8,1.4,0.588,0.2,1.5,1.6,2.8,0.4,0.1,1.5,1.6,7.3,0
2024,NBA,Brandon Miller,millebr02,21.0,CHO,SF,74,68.0,32.2,6.4,14.6,0.44,2.5,6.7,0.373,3.9,8.0,0.495,0.524,1.9,2.3,0.827,0.8,3.4,4.3,2.4,0.9,0.6,1.8,2.5,17.3,0
2018,NBA,Brandon Paul,paulbr01,26.0,SAS,SG,64,2.0,9.0,0.9,2.0,0.433,0.2,0.8,0.278,0.6,1.1,0.548,0.492,0.3,0.7,0.512,0.1,1.0,1.1,0.6,0.4,0.1,0.5,0.9,2.3,0
2015,NBA,Brandon Rush,rushbr01,29.0,GSW,SG,33,0.0,8.2,0.3,1.6,0.204,0.1,0.8,0.111,0.2,0.8,0.296,0.231,0.2,0.3,0.455,0.1,1.1,1.2,0.4,0.2,0.4,0.3,0.8,0.9,0
2016,NBA,Brandon Rush,rushbr01,30.0,GSW,SG,72,25.0,14.7,1.5,3.6,0.427,0.9,2.2,0.414,0.6,1.4,0.447,0.552,0.3,0.4,0.643,0.3,2.2,2.5,0.8,0.3,0.3,0.5,0.8,4.2,0
2017,NBA,Brandon Rush,rushbr01,31.0,MIN,SG,47,33.0,21.9,1.5,4.0,0.374,0.9,2.4,0.386,0.6,1.6,0.356,0.492,0.3,0.4,0.722,0.3,1.8,2.1,1.0,0.5,0.5,0.6,0.9,4.2,0
2022,NBA,Brandon Williams,willibr03,22.0,POR,PG,24,16.0,26.7,4.4,11.8,0.372,1.3,4.4,0.292,3.1,7.3,0.42,0.427,2.8,4.0,0.701,0.8,2.3,3.1,3.9,1.0,0.4,2.4,2.2,12.9,0
2024,NBA,Braxton Key,keybr01,26.0,DEN,SF,20,0.0,3.0,0.4,0.9,0.412,0.1,0.3,0.4,0.3,0.6,0.417,0.471,0.3,0.4,0.75,0.2,0.8,0.9,0.5,0.1,0.1,0.1,0.3,1.1,0
2015,NBA,Brendan Haywood,haywobr01,35.0,CLE,C,22,1.0,5.4,0.6,1.4,0.467,0.0,0.0,0.0,0.6,1.4,0.467,0.467,0.3,0.6,0.538,0.3,1.0,1.3,0.1,0.1,0.5,0.5,0.8,1.6,0
2015,NBA,Brian Roberts,roberbr01,29.0,CHO,PG,72,10.0,18.5,2.4,6.3,0.389,0.9,2.7,0.321,1.6,3.6,0.44,0.458,0.9,1.0,0.892,0.2,1.3,1.5,2.3,0.5,0.1,0.8,1.0,6.7,0
2016,NBA,Brian Roberts,roberbr01,30.0,2TM,PG,51,0.0,9.2,1.5,3.2,0.448,0.3,0.8,0.357,1.2,2.4,0.48,0.494,0.8,0.9,0.894,0.1,0.7,0.8,1.1,0.2,0.0,0.5,0.7,4.0,0
2017,NBA,Brian Roberts,roberbr01,31.0,CHO,PG,41,2.0,10.1,1.1,3.0,0.377,0.4,1.1,0.386,0.7,1.9,0.372,0.447,0.8,1.0,0.846,0.1,0.8,1.0,1.3,0.2,0.0,0.6,0.4,3.5,0
2017,NBA,Briante Weber,weberbr01,24.0,2TM,PG,20,0.0,10.3,1.3,3.0,0.417,0.1,0.5,0.1,1.2,2.5,0.48,0.425,0.6,0.8,0.688,0.4,0.9,1.3,1.1,0.6,0.1,0.4,0.8,3.1,0
2024,NBA,Brice Sensabaugh,sensabr01,20.0,UTA,SF,32,11.0,18.3,2.7,6.8,0.39,1.1,3.6,0.296,1.6,3.2,0.495,0.468,1.2,1.3,0.902,0.5,2.7,3.2,1.7,0.4,0.2,1.5,1.3,7.5,0
2021,NBA,Brodric Thomas,thomabr01,24.0,2TM,SG,32,1.0,12.5,1.2,3.4,0.361,0.5,1.8,0.271,0.7,1.5,0.469,0.435,1.0,1.4,0.674,0.3,1.4,1.7,0.9,0.5,0.3,0.7,1.3,3.9,0
2015,NBA,Brook Lopez,lopezbr01,26.0,BRK,C,72,44.0,29.2,7.0,13.7,0.513,0.0,0.1,0.1,7.0,13.6,0.517,0.513,3.1,3.8,0.814,3.0,4.5,7.4,0.7,0.6,1.8,1.4,2.9,17.2,0
2016,NBA,Brook Lopez,lopezbr01,27.0,BRK,C,73,73.0,33.7,8.1,15.8,0.511,0.0,0.2,0.143,8.1,15.7,0.515,0.512,4.3,5.5,0.787,2.8,5.1,7.8,2.0,0.8,1.7,2.4,2.9,20.6,0
2017,NBA,Brook Lopez,lopezbr01,28.0,BRK,C,75,75.0,29.6,7.4,15.6,0.474,1.8,5.2,0.346,5.6,10.5,0.536,0.531,3.9,4.9,0.81,1.6,3.8,5.4,2.3,0.5,1.7,2.5,2.6,20.5,0
2018,NBA,Brook Lopez,lopezbr01,29.0,LAL,C,74,72.0,23.4,5.0,10.7,0.465,1.5,4.4,0.345,3.5,6.3,0.549,0.536,1.5,2.1,0.703,1.0,3.0,4.0,1.7,0.4,1.3,1.3,2.6,13.0,0
2019,NBA,Brook Lopez,lopezbr01,30.0,MIL,C,81,81.0,28.7,4.4,9.7,0.452,2.3,6.3,0.365,2.1,3.4,0.613,0.571,1.4,1.6,0.842,0.4,4.5,4.9,1.2,0.6,2.2,1.0,2.3,12.5,0
2020,NBA,Brook Lopez,lopezbr01,31.0,MIL,C,68,67.0,26.7,4.3,9.9,0.435,1.5,4.8,0.314,2.8,5.1,0.549,0.511,1.9,2.2,0.836,0.9,3.7,4.6,1.5,0.7,2.4,1.0,2.4,12.0,0
2021,NBA,Brook Lopez,lopezbr01,32.0,MIL,C,70,70.0,27.2,4.6,9.1,0.503,1.4,4.0,0.338,3.2,5.1,0.632,0.577,1.7,2.0,0.845,1.5,3.5,5.0,0.7,0.6,1.5,0.9,2.1,12.3,0
2023,NBA,Brook Lopez,lopezbr01,34.0,MIL,C,78,78.0,30.4,6.1,11.5,0.531,1.7,4.7,0.374,4.4,6.9,0.637,0.606,1.9,2.4,0.784,2.0,4.7,6.7,1.3,0.5,2.5,1.4,2.6,15.9,0
2024,NBA,Brook Lopez,lopezbr01,35.0,MIL,C,79,79.0,30.5,4.6,9.6,0.485,1.9,5.1,0.366,2.8,4.4,0.621,0.583,1.4,1.7,0.821,1.5,3.7,5.2,1.6,0.5,2.4,1.0,2.4,12.5,0
2019,NBA,Bruce Brown,brownbr01,22.0,DET,SG,74,56.0,19.6,1.7,4.2,0.398,0.3,1.3,0.258,1.4,3.0,0.457,0.436,0.6,0.8,0.75,0.6,1.9,2.5,1.2,0.5,0.5,0.6,2.4,4.3,0
2020,NBA,Bruce Brown,brownbr01,23.0,DET,PG,58,43.0,28.2,3.4,7.7,0.443,0.6,1.7,0.344,2.8,6.1,0.47,0.48,1.5,2.1,0.739,1.1,3.7,4.7,4.0,1.1,0.5,1.7,2.8,8.9,0
2021,NBA,Bruce Brown,brownbr01,24.0,BRK,PG,65,37.0,22.3,3.6,6.5,0.556,0.3,0.9,0.288,3.4,5.6,0.599,0.576,1.3,1.8,0.735,1.7,3.7,5.4,1.6,0.9,0.4,0.8,2.2,8.8,0
2022,NBA,Bruce Brown,brownbr01,25.0,BRK,SF,72,45.0,24.6,3.6,7.0,0.506,0.5,1.3,0.404,3.0,5.7,0.529,0.543,1.3,1.8,0.758,1.4,3.4,4.8,2.1,1.1,0.7,0.8,2.4,9.0,0
2023,NBA,Bruce Brown,brownbr01,26.0,DEN,SF,80,31.0,28.5,4.5,9.3,0.483,1.1,3.2,0.358,3.3,6.1,0.548,0.545,1.5,1.9,0.758,0.8,3.3,4.1,3.4,1.1,0.6,1.5,2.4,11.5,0
2024,NBA,Bruce Brown,brownbr01,27.0,2TM,SG,67,44.0,27.9,4.1,8.7,0.478,0.8,2.4,0.323,3.4,6.2,0.538,0.523,1.7,2.1,0.824,0.8,3.4,4.2,2.9,0.9,0.3,1.3,2.2,10.8,0
2019,NBA,Bruno Caboclo,cabocbr01,23.0,MEM,PF,34,19.0,23.5,2.8,6.6,0.427,1.4,3.8,0.369,1.4,2.8,0.505,0.533,1.2,1.5,0.84,1.2,3.4,4.6,1.5,0.4,1.0,1.1,2.4,8.3,0
2020,NBA,Bruno Caboclo,cabocbr01,24.0,2TM,C,30,0.0,8.1,1.3,3.0,0.427,0.2,1.1,0.182,1.1,1.9,0.571,0.461,0.3,0.3,0.889,0.8,1.2,2.0,0.4,0.5,0.6,0.4,1.0,3.0,0
2020,NBA,Bruno Fernando,fernabr01,21.0,ATL,C,56,13.0,12.7,1.8,3.6,0.518,0.1,0.7,0.135,1.8,2.9,0.605,0.53,0.5,0.9,0.569,1.2,2.3,3.5,0.9,0.3,0.3,0.8,1.9,4.3,0
2021,NBA,Bruno Fernando,fernabr01,22.0,ATL,C,33,0.0,6.8,0.5,1.3,0.409,0.0,0.1,0.0,0.5,1.3,0.429,0.409,0.5,0.7,0.682,0.5,1.9,2.4,0.3,0.1,0.1,0.6,0.7,1.5,0
2022,NBA,Bruno Fernando,fernabr01,23.0,2TM,C,30,0.0,5.1,1.2,1.8,0.655,0.0,0.1,0.5,1.2,1.8,0.66,0.664,0.5,0.8,0.625,0.6,1.2,1.8,0.2,0.0,0.4,0.5,0.8,2.9,0
2023,NBA,Bruno Fernando,fernabr01,24.0,2TM,C,39,4.0,10.4,1.5,2.9,0.527,0.0,0.1,0.0,1.5,2.8,0.546,0.527,0.9,1.3,0.7,1.4,2.1,3.5,0.8,0.2,0.9,0.6,1.9,3.9,0
2024,NBA,Bruno Fernando,fernabr01,25.0,ATL,C,45,2.0,15.2,2.4,4.2,0.583,0.0,0.1,0.0,2.4,4.1,0.596,0.583,1.4,2.1,0.667,1.3,3.0,4.3,1.0,0.6,0.6,1.0,2.4,6.3,0
2023,NBA,Bryce McGowens,mcgowbr01,20.0,CHO,SG,46,7.0,17.1,1.7,4.4,0.396,0.6,1.7,0.325,1.2,2.7,0.443,0.46,1.3,1.7,0.75,0.4,1.6,2.0,1.2,0.3,0.1,0.9,1.0,5.3,0
2024,NBA,Bryce McGowens,mcgowbr01,21.0,CHO,SG,59,14.0,14.9,1.7,3.9,0.439,0.6,1.7,0.333,1.1,2.2,0.523,0.513,1.1,1.4,0.776,0.3,1.4,1.7,0.9,0.4,0.2,0.5,1.3,5.1,0
2017,NBA,Bryn Forbes,forbebr01,23.0,SAS,SG,36,0.0,7.9,1.0,2.8,0.364,0.5,1.5,0.321,0.5,1.3,0.413,0.449,0.1,0.2,0.833,0.1,0.6,0.6,0.6,0.0,0.0,0.3,0.6,2.6,0
2018,NBA,Bryn Forbes,forbebr01,24.0,SAS,SG,80,12.0,19.0,2.6,6.2,0.421,1.1,2.9,0.39,1.5,3.4,0.446,0.51,0.6,0.9,0.667,0.2,1.2,1.4,1.0,0.4,0.0,0.5,1.4,6.9,0
2019,NBA,Bryn Forbes,forbebr01,25.0,SAS,SG,82,81.0,28.0,4.4,9.6,0.456,2.1,5.0,0.426,2.3,4.6,0.489,0.568,0.8,1.0,0.885,0.2,2.7,2.9,2.1,0.5,0.0,1.0,1.9,11.8,0
2020,NBA,Bryn Forbes,forbebr01,26.0,SAS,SG,63,62.0,25.1,3.8,9.2,0.417,2.3,6.0,0.388,1.5,3.2,0.47,0.544,1.2,1.4,0.833,0.2,1.8,2.0,1.7,0.5,0.0,0.9,1.8,11.2,0
2021,NBA,Bryn Forbes,forbebr01,27.0,MIL,SG,70,10.0,19.3,3.6,7.6,0.473,2.2,4.9,0.452,1.4,2.7,0.511,0.618,0.7,0.9,0.77,0.2,1.4,1.6,0.6,0.3,0.0,0.6,1.1,10.0,0
2022,NBA,Bryn Forbes,forbebr01,28.0,2TM,SG,75,2.0,17.1,3.1,7.2,0.429,1.6,3.9,0.414,1.5,3.3,0.447,0.542,1.1,1.2,0.908,0.1,1.1,1.2,1.0,0.3,0.1,0.7,1.3,8.8,0
2023,NBA,Bryn Forbes,forbebr01,29.0,MIN,SG,25,0.0,10.7,1.2,3.3,0.361,0.6,1.8,0.304,0.6,1.5,0.432,0.446,0.6,0.6,1.0,0.2,0.4,0.6,0.7,0.3,0.1,0.5,0.9,3.6,0
2017,NBA,Buddy Hield,hieldbu01,24.0,2TM,SG,82,55.0,23.0,4.0,9.4,0.426,1.8,4.6,0.391,2.2,4.7,0.461,0.523,0.8,0.9,0.842,0.4,2.9,3.3,1.5,0.5,0.1,1.2,1.4,10.6,0
2018,NBA,Buddy Hield,hieldbu01,25.0,SAC,SG,80,13.0,25.3,5.2,11.7,0.446,2.2,5.1,0.431,3.0,6.6,0.457,0.54,0.9,1.0,0.877,0.7,3.2,3.8,1.9,1.1,0.3,1.6,1.9,13.5,0
2019,NBA,Buddy Hield,hieldbu01,26.0,SAC,SG,82,82.0,31.9,7.6,16.6,0.458,3.4,7.9,0.427,4.2,8.6,0.487,0.56,2.1,2.4,0.886,1.3,3.7,5.0,2.5,0.7,0.4,1.8,2.5,20.7,0
2020,NBA,Buddy Hield,hieldbu01,27.0,SAC,SG,72,44.0,30.8,6.9,16.1,0.429,3.8,9.6,0.394,3.2,6.6,0.479,0.545,1.6,1.9,0.846,0.8,3.8,4.6,3.0,0.9,0.2,2.3,2.3,19.2,0
2021,NBA,Buddy Hield,hieldbu01,28.0,SAC,SG,71,71.0,34.3,5.7,14.0,0.406,4.0,10.2,0.391,1.7,3.8,0.446,0.548,1.2,1.5,0.846,0.4,4.3,4.7,3.6,0.9,0.4,1.8,2.5,16.6,0
2022,NBA,Buddy Hield,hieldbu01,29.0,2TM,SG,81,32.0,30.9,5.5,13.6,0.406,3.2,8.8,0.366,2.3,4.7,0.482,0.526,1.4,1.6,0.874,0.8,3.5,4.4,2.8,0.9,0.3,1.9,2.3,15.6,0
2023,NBA,Buddy Hield,hieldbu01,30.0,IND,SF,80,73.0,31.0,5.9,13.0,0.458,3.6,8.5,0.425,2.3,4.5,0.518,0.596,1.3,1.6,0.822,0.8,4.2,5.0,2.8,1.2,0.3,1.7,2.0,16.8,0
2024,NBA,Buddy Hield,hieldbu01,31.0,2TM,SF,84,42.0,25.7,4.4,10.1,0.436,2.6,6.8,0.386,1.8,3.4,0.539,0.565,0.6,0.7,0.881,0.7,2.5,3.2,2.8,0.8,0.5,1.2,2.0,12.1,0
2015,NBA,C.J. Miles,milescj01,27.0,IND,SG,70,40.0,26.3,4.7,11.8,0.398,2.2,6.4,0.345,2.5,5.4,0.459,0.491,1.9,2.3,0.807,0.3,2.8,3.1,1.1,0.9,0.4,1.0,1.9,13.5,0
2016,NBA,C.J. Miles,milescj01,28.0,IND,SF,64,24.0,22.9,4.0,9.9,0.409,2.2,6.0,0.367,1.8,3.9,0.474,0.521,1.5,1.9,0.75,0.4,2.3,2.7,1.0,0.8,0.5,1.1,2.2,11.8,0
2017,NBA,C.J. Miles,milescj01,29.0,IND,SF,76,29.0,23.4,3.7,8.5,0.434,2.2,5.4,0.413,1.5,3.1,0.471,0.565,1.1,1.2,0.903,0.4,2.6,3.0,0.6,0.6,0.3,0.5,2.0,10.7,0
2018,NBA,C.J. Miles,milescj01,30.0,TOR,SF,70,3.0,19.1,3.2,8.6,0.379,2.3,6.5,0.361,0.9,2.1,0.434,0.516,1.2,1.4,0.835,0.3,1.9,2.2,0.8,0.5,0.3,0.6,1.9,10.0,0
2019,NBA,C.J. Miles,milescj01,31.0,2TM,SF,53,1.0,16.2,2.1,5.9,0.36,1.3,3.8,0.33,0.8,2.0,0.417,0.468,0.9,1.1,0.828,0.2,1.5,1.8,0.7,0.5,0.3,0.6,1.5,6.4,0
2015,NBA,C.J. Watson,watsocj01,30.0,IND,PG,57,21.0,24.9,3.2,7.3,0.434,1.2,3.1,0.4,1.9,4.2,0.459,0.518,2.4,2.9,0.826,0.3,2.5,2.9,3.6,1.0,0.2,1.8,1.9,10.0,0
2016,NBA,C.J. Watson,watsocj01,31.0,ORL,PG,33,2.0,19.9,1.4,4.2,0.343,0.4,1.5,0.292,1.0,2.7,0.371,0.394,1.0,1.2,0.872,0.3,1.7,2.0,2.7,0.6,0.2,0.8,1.5,4.3,0
2017,NBA,C.J. Watson,watsocj01,32.0,ORL,PG,62,9.0,16.3,1.5,4.0,0.387,0.5,1.7,0.305,1.0,2.3,0.448,0.452,0.9,1.1,0.864,0.3,1.2,1.4,1.8,0.7,0.0,0.8,1.4,4.5,0
2015,NBA,C.J. Wilcox,wilcocj01,24.0,LAC,SG,21,0.0,4.8,0.8,1.8,0.421,0.3,0.9,0.368,0.4,0.9,0.474,0.513,0.1,0.1,1.0,0.0,0.3,0.3,0.4,0.1,0.0,0.5,0.3,2.0,0
2016,NBA,C.J. Wilcox,wilcocj01,25.0,LAC,SG,23,0.0,7.3,1.1,2.9,0.394,0.4,1.0,0.391,0.7,1.9,0.395,0.462,0.4,0.5,0.75,0.0,0.5,0.5,0.4,0.4,0.1,0.1,0.7,3.0,0
2017,NBA,C.J. Wilcox,wilcocj01,26.0,ORL,SG,22,0.0,4.9,0.4,1.4,0.258,0.1,0.7,0.2,0.2,0.7,0.313,0.306,0.1,0.1,1.0,0.2,0.4,0.5,0.5,0.1,0.0,0.3,0.4,1.0,0
2018,NBA,C.J. Williams,willicj01,27.0,LAC,SG,38,18.0,18.6,2.3,5.2,0.442,0.6,2.1,0.282,1.7,3.1,0.546,0.497,0.3,0.4,0.813,0.3,1.2,1.5,1.1,0.8,0.3,0.5,1.7,5.5,0
2021,NBA,CJ Elleby,ellebcj01,20.0,POR,SF,30,0.0,6.4,0.8,2.2,0.379,0.2,1.1,0.206,0.6,1.1,0.563,0.432,0.4,0.5,0.733,0.4,0.7,1.1,0.3,0.2,0.1,0.2,0.9,2.3,0
2022,NBA,CJ Elleby,ellebcj01,21.0,POR,SF,58,28.0,20.2,2.1,5.3,0.393,0.6,2.2,0.294,1.4,3.1,0.462,0.453,1.0,1.4,0.714,1.1,2.8,3.9,1.5,0.6,0.3,1.0,2.0,5.8,0
2015,NBA,CJ McCollum,mccolcj01,23.0,POR,SG,62,3.0,15.7,2.6,5.9,0.436,0.9,2.2,0.396,1.7,3.6,0.46,0.511,0.8,1.2,0.699,0.2,1.2,1.5,1.0,0.7,0.1,0.8,1.3,6.8,0
2016,NBA,CJ McCollum,mccolcj01,24.0,POR,SG,80,80.0,34.8,8.0,17.9,0.448,2.5,5.9,0.417,5.6,12.0,0.463,0.517,2.3,2.8,0.827,0.6,2.7,3.2,4.3,1.2,0.3,2.5,2.3,20.8,0
2017,NBA,CJ McCollum,mccolcj01,25.0,POR,SG,80,80.0,35.0,8.7,18.0,0.48,2.3,5.5,0.421,6.3,12.5,0.506,0.544,3.4,3.7,0.912,0.8,2.9,3.6,3.6,0.9,0.5,2.2,2.5,23.0,0
2018,NBA,CJ McCollum,mccolcj01,26.0,POR,SG,81,81.0,36.1,8.2,18.6,0.443,2.3,5.9,0.397,5.9,12.7,0.465,0.506,2.6,3.1,0.836,0.7,3.3,4.0,3.4,1.0,0.4,1.9,2.1,21.4,0
2019,NBA,CJ McCollum,mccolcj01,27.0,POR,SG,70,70.0,33.9,8.2,17.8,0.459,2.4,6.4,0.375,5.8,11.4,0.506,0.527,2.3,2.7,0.828,0.9,3.1,4.0,3.0,0.8,0.4,1.5,2.5,21.0,0
2020,NBA,CJ McCollum,mccolcj01,28.0,POR,SG,70,70.0,36.5,8.7,19.4,0.451,2.8,7.3,0.379,6.0,12.1,0.494,0.522,2.0,2.6,0.757,0.7,3.6,4.2,4.4,0.8,0.6,1.8,2.6,22.2,0
2021,NBA,CJ McCollum,mccolcj01,29.0,POR,SG,47,47.0,34.0,8.6,18.8,0.458,3.6,8.9,0.402,5.0,9.9,0.509,0.554,2.3,2.8,0.812,0.6,3.3,3.9,4.7,0.9,0.4,1.4,1.9,23.1,0
2022,NBA,CJ McCollum,mccolcj01,30.0,2TM,PG,62,62.0,34.6,8.6,18.8,0.46,2.9,7.6,0.388,5.7,11.2,0.509,0.539,1.9,2.7,0.682,0.9,3.5,4.3,5.1,1.1,0.4,2.0,2.0,22.1,0
2023,NBA,CJ McCollum,mccolcj01,31.0,NOP,PG,75,75.0,35.3,7.8,17.9,0.437,2.8,7.2,0.389,5.0,10.7,0.469,0.515,2.4,3.2,0.769,0.7,3.6,4.4,5.7,0.9,0.5,2.4,2.0,20.9,0
2024,NBA,CJ McCollum,mccolcj01,32.0,NOP,PG,66,66.0,32.7,7.3,16.0,0.459,3.6,8.4,0.429,3.7,7.5,0.492,0.572,1.7,2.1,0.827,0.6,3.7,4.3,4.6,0.9,0.6,1.7,1.9,20.0,0
2022,NBA,Cade Cunningham,cunnica01,20.0,DET,SG,64,64.0,32.6,6.7,16.1,0.416,1.8,5.7,0.314,4.9,10.4,0.472,0.471,2.2,2.6,0.845,0.9,4.6,5.5,5.6,1.2,0.7,3.7,3.1,17.4,0
2024,NBA,Cade Cunningham,cunnica01,22.0,DET,PG,62,62.0,33.5,8.5,18.8,0.449,1.9,5.4,0.355,6.5,13.4,0.487,0.5,3.8,4.4,0.869,0.5,3.8,4.3,7.5,0.9,0.4,3.4,2.5,22.7,0
2023,NBA,Caleb Houstan,houstca01,20.0,ORL,SF,51,4.0,15.9,1.3,3.6,0.363,0.9,2.7,0.338,0.4,0.9,0.435,0.489,0.3,0.4,0.833,0.7,1.3,1.9,0.6,0.2,0.1,0.4,1.2,3.8,0
2024,NBA,Caleb Houstan,houstca01,21.0,ORL,SF,59,13.0,13.8,1.4,3.5,0.388,1.2,3.3,0.373,0.1,0.2,0.615,0.563,0.4,0.4,0.808,0.5,0.9,1.4,0.5,0.3,0.1,0.3,1.0,4.3,0
2021,NBA,Caleb Martin,martica02,25.0,CHO,SF,53,3.0,15.4,1.8,4.8,0.375,0.6,2.4,0.248,1.2,2.5,0.496,0.436,0.8,1.2,0.641,0.6,2.1,2.7,1.3,0.7,0.2,0.6,1.2,5.0,0
2022,NBA,Caleb Martin,martica02,26.0,MIA,SF,60,12.0,22.9,3.5,6.8,0.507,1.1,2.6,0.413,2.4,4.3,0.565,0.585,1.2,1.6,0.763,1.2,2.7,3.8,1.1,1.0,0.5,0.9,1.7,9.2,0
2023,NBA,Caleb Martin,martica02,27.0,MIA,SF,71,49.0,29.3,3.6,7.7,0.464,1.2,3.3,0.356,2.4,4.4,0.545,0.54,1.3,1.6,0.805,1.2,3.6,4.8,1.6,1.0,0.4,1.1,2.0,9.6,0
2024,NBA,Caleb Martin,martica02,28.0,MIA,SF,64,23.0,27.4,3.8,8.7,0.431,1.3,3.6,0.349,2.5,5.1,0.489,0.504,1.2,1.5,0.778,1.2,3.2,4.4,2.2,0.7,0.5,1.2,2.0,10.0,0
2018,NBA,Caleb Swanigan,swanica01,20.0,POR,PF,27,3.0,7.0,0.9,2.2,0.4,0.0,0.3,0.125,0.9,1.9,0.442,0.408,0.4,0.7,0.667,0.6,1.4,2.0,0.5,0.2,0.1,0.7,1.4,2.3,0
2019,NBA,Caleb Swanigan,swanica01,21.0,2TM,PF,21,0.0,8.5,0.9,2.5,0.34,0.0,0.3,0.143,0.8,2.2,0.37,0.349,0.3,0.4,0.667,0.8,2.2,3.0,0.5,0.3,0.0,0.9,1.3,2.0,0
2020,NBA,Caleb Swanigan,swanica01,22.0,2TM,PF,27,1.0,10.7,1.0,1.7,0.596,0.0,0.1,0.0,1.0,1.7,0.622,0.596,0.3,0.6,0.529,1.0,2.7,3.7,1.1,0.1,0.3,1.4,2.3,2.4,0
2020,NBA,Cam Reddish,reddica01,20.0,ATL,SF,58,34.0,26.7,3.7,9.6,0.384,1.4,4.3,0.332,2.2,5.2,0.428,0.459,1.7,2.2,0.802,0.6,3.1,3.7,1.5,1.1,0.5,1.7,2.3,10.5,0
2021,NBA,Cam Reddish,reddica01,21.0,ATL,SF,26,21.0,28.8,3.7,10.1,0.365,1.3,4.8,0.262,2.4,5.3,0.46,0.428,2.6,3.2,0.817,0.8,3.2,4.0,1.3,1.3,0.3,1.3,2.6,11.2,0
2022,NBA,Cam Reddish,reddica01,22.0,2TM,SF,49,7.0,20.7,3.4,8.3,0.404,1.3,3.8,0.359,2.0,4.6,0.442,0.485,2.1,2.3,0.902,0.5,1.6,2.1,1.0,1.0,0.3,1.2,1.2,10.1,0
2023,NBA,Cam Reddish,reddica01,23.0,2TM,SF,40,20.0,24.8,3.5,7.8,0.446,1.1,3.6,0.313,2.4,4.2,0.56,0.518,1.6,1.9,0.853,0.5,1.8,2.2,1.4,1.0,0.4,1.2,1.8,9.7,0
2024,NBA,Cam Reddish,reddica01,24.0,LAL,SF,48,26.0,20.5,1.9,4.9,0.389,0.8,2.3,0.336,1.1,2.6,0.435,0.468,0.9,1.1,0.759,0.6,1.5,2.1,1.0,1.0,0.3,0.6,1.3,5.4,0
2022,NBA,Cam Thomas,thomaca02,20.0,BRK,SG,67,2.0,17.6,3.3,7.5,0.433,0.7,2.6,0.27,2.6,4.9,0.52,0.48,1.3,1.6,0.829,0.2,2.2,2.4,1.2,0.5,0.1,0.8,1.0,8.5,0
2023,NBA,Cam Thomas,thomaca02,21.0,BRK,SG,57,4.0,16.6,3.5,8.0,0.441,0.9,2.3,0.383,2.6,5.7,0.464,0.497,2.6,3.1,0.868,0.1,1.5,1.7,1.4,0.4,0.1,1.1,1.0,10.6,0
2024,NBA,Cam Thomas,thomaca02,22.0,BRK,SG,66,51.0,31.4,8.0,18.0,0.442,2.2,6.0,0.364,5.8,12.0,0.481,0.503,4.3,5.1,0.856,0.4,2.8,3.2,2.9,0.7,0.2,1.9,2.1,22.5,0
2024,NBA,Cam Whitmore,whitmca01,19.0,HOU,SF,47,2.0,18.7,4.5,9.9,0.454,1.7,4.7,0.359,2.8,5.3,0.538,0.539,1.6,2.4,0.679,0.9,2.9,3.8,0.7,0.6,0.4,1.0,1.4,12.3,0
2020,NBA,Cameron Johnson,johnsca02,23.0,PHO,PF,57,9.0,22.0,3.1,7.1,0.435,1.9,4.8,0.39,1.2,2.3,0.526,0.565,0.8,1.0,0.807,0.9,2.4,3.3,1.2,0.6,0.4,0.6,1.5,8.8,0
2021,NBA,Cameron Johnson,johnsca02,24.0,PHO,PF,60,11.0,24.0,3.4,8.1,0.42,2.0,5.6,0.349,1.4,2.5,0.581,0.541,0.8,1.0,0.847,0.6,2.8,3.3,1.4,0.6,0.3,0.7,1.4,9.6,0
2022,NBA,Cameron Johnson,johnsca02,25.0,PHO,PF,66,16.0,26.2,4.2,9.2,0.46,2.5,5.9,0.425,1.7,3.3,0.523,0.596,1.5,1.7,0.86,0.6,3.5,4.1,1.5,0.9,0.2,0.7,1.7,12.5,0
2023,NBA,Cameron Johnson,johnsca02,26.0,2TM,PF,42,41.0,28.5,5.3,11.3,0.47,2.5,6.1,0.404,2.9,5.2,0.548,0.579,2.4,2.9,0.842,0.8,3.6,4.4,1.9,1.2,0.3,0.9,2.0,15.5,0
2024,NBA,Cameron Johnson,johnsca02,27.0,BRK,PF,58,47.0,27.6,4.8,10.7,0.446,2.4,6.1,0.391,2.4,4.6,0.519,0.557,1.5,1.9,0.789,0.9,3.4,4.3,2.4,0.8,0.3,1.0,1.8,13.4,0
2016,NBA,Cameron Payne,payneca01,21.0,OKC,PG,57,1.0,12.2,2.0,4.9,0.41,0.6,1.9,0.324,1.4,2.9,0.467,0.475,0.3,0.4,0.792,0.2,1.3,1.5,1.9,0.6,0.1,0.8,1.4,5.0,0
2017,NBA,Cameron Payne,payneca01,22.0,2TM,PG,31,0.0,14.9,2.1,6.2,0.332,0.9,2.8,0.314,1.2,3.5,0.346,0.402,0.2,0.3,0.625,0.1,1.5,1.5,1.8,0.5,0.1,0.9,1.7,5.2,0
2018,NBA,Cameron Payne,payneca01,23.0,CHI,PG,25,14.0,23.3,3.5,8.6,0.405,1.4,3.6,0.385,2.1,5.0,0.419,0.486,0.5,0.6,0.75,0.7,2.0,2.8,4.5,1.0,0.4,1.4,1.8,8.8,0
2019,NBA,Cameron Payne,payneca01,24.0,2TM,PG,40,13.0,17.8,2.4,5.6,0.43,0.6,2.1,0.298,1.8,3.5,0.511,0.487,0.8,1.0,0.805,0.3,1.5,1.8,2.7,0.7,0.2,1.1,1.6,6.3,0
2021,NBA,Cameron Payne,payneca01,26.0,PHO,PG,60,1.0,18.0,3.2,6.6,0.484,1.2,2.8,0.44,2.0,3.8,0.515,0.576,0.8,0.9,0.893,0.3,2.1,2.4,3.6,0.6,0.3,1.0,1.6,8.4,0
2022,NBA,Cameron Payne,payneca01,27.0,PHO,PG,58,12.0,22.0,4.1,10.1,0.409,1.2,3.6,0.336,2.9,6.5,0.449,0.469,1.3,1.5,0.843,0.4,2.6,3.0,4.9,0.7,0.3,1.8,2.1,10.8,0
2023,NBA,Cameron Payne,payneca01,28.0,PHO,PG,48,15.0,20.2,3.9,9.4,0.415,1.4,3.9,0.368,2.5,5.6,0.448,0.49,1.0,1.3,0.766,0.3,2.0,2.2,4.5,0.7,0.2,1.7,1.8,10.3,0
2024,NBA,Cameron Payne,payneca01,29.0,2TM,PG,78,10.0,16.7,2.7,6.2,0.432,1.3,3.4,0.39,1.3,2.7,0.486,0.541,0.7,0.9,0.866,0.3,1.2,1.5,2.6,0.5,0.1,0.8,1.6,7.4,0
2017,NBA,Caris LeVert,leverca01,22.0,BRK,SF,57,26.0,21.7,3.0,6.7,0.45,1.0,3.2,0.321,2.0,3.4,0.571,0.528,1.2,1.6,0.72,0.4,2.9,3.3,1.9,0.9,0.1,1.0,1.6,8.2,0
2018,NBA,Caris LeVert,leverca01,23.0,BRK,SF,71,10.0,26.3,4.5,10.4,0.435,1.2,3.5,0.347,3.3,6.9,0.48,0.493,1.9,2.6,0.711,0.7,2.9,3.7,4.2,1.2,0.3,2.2,2.2,12.1,0
2019,NBA,Caris LeVert,leverca01,24.0,BRK,SF,40,25.0,26.6,5.2,12.1,0.429,1.2,3.9,0.312,4.0,8.2,0.483,0.478,2.1,3.1,0.691,0.9,2.9,3.8,3.9,1.1,0.4,1.7,1.9,13.7,0
2020,NBA,Caris LeVert,leverca01,25.0,BRK,SG,45,31.0,29.6,6.9,16.3,0.425,1.8,4.9,0.364,5.1,11.4,0.451,0.48,3.1,4.4,0.711,1.1,3.1,4.2,4.4,1.2,0.2,2.6,1.8,18.7,0
2021,NBA,Caris LeVert,leverca01,26.0,2TM,SG,47,39.0,31.6,7.6,17.3,0.441,1.8,5.5,0.326,5.9,11.8,0.495,0.493,3.1,3.8,0.811,0.7,3.9,4.6,5.2,1.4,0.6,2.2,2.2,20.2,0
2022,NBA,Caris LeVert,leverca01,27.0,2TM,SG,58,49.0,30.7,6.5,14.7,0.444,1.4,4.4,0.32,5.1,10.3,0.497,0.492,2.5,3.3,0.756,0.7,2.9,3.7,4.3,0.9,0.4,1.9,2.3,17.0,0
2023,NBA,Caris LeVert,leverca01,28.0,CLE,SG,74,30.0,30.2,4.3,10.0,0.431,1.7,4.4,0.392,2.6,5.6,0.462,0.517,1.8,2.4,0.722,0.7,3.1,3.8,3.9,1.0,0.3,1.6,2.3,12.1,0
2024,NBA,Caris LeVert,leverca01,29.0,CLE,SG,68,10.0,28.8,5.1,12.1,0.421,1.6,4.9,0.325,3.5,7.2,0.486,0.487,2.3,3.0,0.766,0.6,3.5,4.1,5.1,1.1,0.5,1.7,1.8,14.0,0
2015,NBA,Carl Landry,landrca01,31.0,SAC,PF,70,15.0,17.0,2.7,5.3,0.515,0.0,0.0,0.0,2.7,5.3,0.515,0.515,1.8,2.1,0.82,1.4,2.4,3.8,0.4,0.2,0.2,0.8,1.9,7.2,0
2016,NBA,Carl Landry,landrca01,32.0,PHI,PF,36,12.0,15.8,3.9,6.9,0.556,0.2,0.4,0.462,3.7,6.6,0.561,0.568,1.9,2.5,0.736,1.4,2.7,4.1,0.9,0.3,0.3,0.6,1.9,9.8,0
2015,NBA,Carlos Boozer,boozeca01,33.0,LAL,PF,71,26.0,23.8,5.2,10.5,0.499,0.0,0.0,0.0,5.2,10.5,0.499,0.499,1.3,2.1,0.627,1.6,5.2,6.8,1.3,0.6,0.2,1.3,2.6,11.8,0
2015,NBA,Carmelo Anthony,anthoca01,30.0,NYK,SF,40,40.0,35.7,9.0,20.2,0.444,1.5,4.5,0.341,7.4,15.7,0.474,0.482,4.7,5.9,0.797,1.8,4.8,6.6,3.1,1.0,0.4,2.2,2.2,24.2,1
2016,NBA,Carmelo Anthony,anthoca01,31.0,NYK,SF,72,72.0,35.1,7.9,18.2,0.434,1.5,4.3,0.339,6.4,13.8,0.463,0.474,4.6,5.6,0.829,1.4,6.4,7.7,4.2,0.9,0.5,2.4,2.5,21.8,1
2017,NBA,Carmelo Anthony,anthoca01,32.0,NYK,SF,74,74.0,34.3,8.1,18.8,0.433,2.0,5.7,0.359,6.1,13.1,0.466,0.488,4.1,4.9,0.833,0.8,5.1,5.9,2.9,0.8,0.5,2.1,2.7,22.4,1
2018,NBA,Carmelo Anthony,anthoca01,33.0,OKC,PF,78,78.0,32.1,6.1,15.0,0.404,2.2,6.1,0.357,3.9,8.9,0.437,0.476,1.9,2.5,0.767,0.9,4.9,5.8,1.3,0.6,0.6,1.3,2.5,16.2,0
2020,NBA,Carmelo Anthony,anthoca01,35.0,POR,PF,58,58.0,32.8,5.8,13.5,0.43,1.5,3.9,0.385,4.3,9.6,0.448,0.485,2.3,2.8,0.845,1.2,5.1,6.3,1.5,0.8,0.5,1.7,2.9,15.4,0
2021,NBA,Carmelo Anthony,anthoca01,36.0,POR,PF,69,3.0,24.5,4.7,11.3,0.421,1.9,4.7,0.409,2.8,6.6,0.429,0.506,2.0,2.2,0.89,0.5,2.6,3.1,1.5,0.7,0.6,0.9,2.1,13.4,0
2022,NBA,Carmelo Anthony,anthoca01,37.0,LAL,PF,69,3.0,26.0,4.6,10.5,0.441,2.2,5.8,0.375,2.5,4.7,0.521,0.544,1.9,2.3,0.83,0.9,3.3,4.2,1.0,0.7,0.8,0.9,2.4,13.3,0
2015,NBA,Caron Butler,butleca01,34.0,DET,SF,78,21.0,20.8,2.1,5.1,0.407,1.1,2.8,0.379,1.0,2.3,0.441,0.511,0.7,0.8,0.902,0.3,2.2,2.5,1.0,0.6,0.1,0.6,1.5,5.9,0
2020,NBA,Carsen Edwards,edwarca01,21.0,BOS,SG,37,0.0,9.5,1.1,3.5,0.328,0.6,2.1,0.316,0.5,1.4,0.346,0.422,0.4,0.5,0.684,0.2,1.1,1.3,0.6,0.3,0.1,0.4,0.9,3.3,0
2021,NBA,Carsen Edwards,edwarca01,22.0,BOS,SG,31,1.0,8.9,1.5,3.6,0.423,0.6,2.0,0.286,0.9,1.5,0.604,0.505,0.4,0.4,0.846,0.1,0.7,0.8,0.5,0.2,0.0,0.2,0.8,4.0,0
2015,NBA,Cartier Martin,martica01,30.0,DET,SF,23,0.0,8.6,0.7,2.3,0.283,0.3,1.4,0.182,0.4,0.9,0.45,0.34,0.0,0.0,0.0,0.0,0.9,0.9,0.5,0.1,0.0,0.2,0.9,1.6,0
2024,NBA,Cason Wallace,wallaca01,20.0,OKC,SG,82,13.0,20.6,2.6,5.4,0.491,1.2,2.9,0.419,1.5,2.5,0.572,0.602,0.4,0.5,0.784,0.6,1.6,2.3,1.5,0.9,0.5,0.5,1.6,6.8,0
2021,NBA,Cassius Stanley,stanlca01,21.0,IND,SG,24,0.0,3.9,0.5,1.8,0.302,0.1,0.5,0.231,0.4,1.3,0.333,0.337,0.3,0.4,0.778,0.3,0.5,0.8,0.0,0.0,0.1,0.0,0.6,1.5,0
2021,NBA,Cassius Winston,winstca01,22.0,WAS,PG,22,0.0,4.5,0.6,1.5,0.424,0.4,0.8,0.471,0.3,0.7,0.375,0.545,0.2,0.3,0.833,0.0,0.4,0.4,0.5,0.1,0.0,0.2,0.4,1.9,0
2018,NBA,Cedi Osman,osmande01,22.0,CLE,SF,61,12.0,11.0,1.5,3.0,0.484,0.5,1.4,0.368,1.0,1.6,0.586,0.57,0.4,0.8,0.565,0.3,1.7,2.0,0.7,0.4,0.0,0.5,1.3,3.9,0
2019,NBA,Cedi Osman,osmande01,23.0,CLE,SF,76,75.0,32.2,4.7,11.1,0.427,1.7,4.9,0.348,3.0,6.2,0.489,0.504,1.9,2.4,0.779,0.6,4.1,4.7,2.6,0.8,0.1,1.5,2.6,13.0,0
2020,NBA,Cedi Osman,osmande01,24.0,CLE,SF,65,65.0,29.4,4.1,9.4,0.437,1.9,4.9,0.383,2.2,4.4,0.497,0.538,1.0,1.4,0.67,0.6,3.0,3.6,2.4,0.8,0.2,1.4,2.5,11.0,0
2021,NBA,Cedi Osman,osmande01,25.0,CLE,SF,59,26.0,25.6,3.7,9.9,0.374,1.7,5.5,0.306,2.0,4.4,0.458,0.458,1.3,1.6,0.8,0.6,2.8,3.4,2.9,0.9,0.2,1.4,2.0,10.4,0
2022,NBA,Cedi Osman,osmande01,26.0,CLE,SF,66,3.0,22.2,3.7,8.7,0.432,1.9,5.4,0.357,1.8,3.2,0.559,0.544,1.3,2.0,0.664,0.4,1.8,2.2,2.0,0.8,0.2,1.0,1.9,10.7,0
2023,NBA,Cedi Osman,osmande01,27.0,CLE,SF,77,2.0,20.1,3.1,6.9,0.451,1.5,4.1,0.372,1.6,2.8,0.564,0.56,1.0,1.4,0.694,0.3,2.0,2.3,1.5,0.5,0.1,0.7,1.6,8.7,0
2024,NBA,Cedi Osman,osmande01,28.0,SAS,SF,72,3.0,17.6,2.6,5.3,0.479,1.2,3.1,0.389,1.4,2.3,0.601,0.591,0.5,0.7,0.673,0.3,2.2,2.5,1.7,0.5,0.2,0.7,1.5,6.8,0
2019,NBA,Chandler Hutchison,hutchch01,22.0,CHI,SF,44,14.0,20.3,2.2,4.8,0.459,0.3,1.1,0.28,1.9,3.6,0.516,0.493,0.5,0.9,0.605,0.7,3.5,4.2,0.8,0.5,0.1,0.6,1.3,5.2,0
2020,NBA,Chandler Hutchison,hutchch01,23.0,CHI,SF,28,10.0,18.8,2.9,6.3,0.457,0.4,1.4,0.316,2.4,4.9,0.496,0.491,1.6,2.8,0.59,0.6,3.2,3.9,0.9,1.0,0.3,1.0,1.7,7.8,0
2021,NBA,Chandler Hutchison,hutchch01,24.0,2TM,SF,25,1.0,13.8,1.6,4.1,0.379,0.3,0.9,0.364,1.2,3.2,0.383,0.417,0.8,1.0,0.84,0.2,2.9,3.1,0.7,0.5,0.2,0.8,1.3,4.3,0
2015,NBA,Chandler Parsons,parsoch01,26.0,DAL,SF,66,66.0,33.1,5.8,12.6,0.462,2.0,5.3,0.38,3.8,7.3,0.521,0.542,2.1,2.9,0.72,1.0,3.9,4.9,2.4,1.0,0.3,1.5,2.1,15.7,0
2016,NBA,Chandler Parsons,parsoch01,27.0,DAL,SF,61,51.0,29.5,5.2,10.7,0.492,1.7,4.1,0.414,3.5,6.6,0.54,0.571,1.5,2.2,0.684,0.5,4.2,4.7,2.8,0.8,0.3,1.6,1.9,13.7,0
2017,NBA,Chandler Parsons,parsoch01,28.0,MEM,SF,34,34.0,19.9,2.2,6.5,0.338,0.7,2.7,0.269,1.5,3.8,0.388,0.394,1.0,1.3,0.814,0.2,2.3,2.5,1.6,0.6,0.1,0.7,1.5,6.2,0
2018,NBA,Chandler Parsons,parsoch01,29.0,MEM,SF,36,8.0,19.2,3.0,6.5,0.462,1.4,3.4,0.421,1.6,3.1,0.504,0.571,0.5,0.8,0.63,0.4,2.1,2.5,1.9,0.5,0.3,1.0,1.5,7.9,0
2019,NBA,Chandler Parsons,parsoch01,30.0,MEM,SF,25,3.0,19.8,2.7,7.3,0.374,1.2,3.8,0.309,1.6,3.5,0.443,0.453,0.9,1.0,0.88,0.2,2.6,2.8,1.7,0.8,0.2,1.3,1.8,7.5,0
2015,NBA,Channing Frye,fryech01,31.0,ORL,PF,75,51.0,24.9,2.5,6.5,0.392,1.8,4.6,0.393,0.7,1.9,0.39,0.532,0.4,0.5,0.886,0.4,3.5,3.9,1.3,0.6,0.5,1.0,2.5,7.3,0
2016,NBA,Channing Frye,fryech01,32.0,2TM,C,70,32.0,17.1,2.2,5.0,0.438,1.3,3.4,0.387,0.9,1.6,0.545,0.569,0.4,0.5,0.857,0.5,2.8,3.3,1.0,0.4,0.4,0.6,1.8,6.1,0
2017,NBA,Channing Frye,fryech01,33.0,CLE,C,74,15.0,18.9,3.2,7.0,0.458,1.9,4.5,0.409,1.4,2.5,0.546,0.589,0.9,1.0,0.851,0.5,3.4,3.9,0.6,0.4,0.5,0.7,1.9,9.1,0
2018,NBA,Channing Frye,fryech01,34.0,2TM,C,53,1.0,13.1,2.0,4.0,0.491,0.7,2.2,0.339,1.2,1.8,0.67,0.583,0.3,0.4,0.895,0.2,2.3,2.5,0.7,0.3,0.2,0.4,1.3,5.0,0
2019,NBA,Channing Frye,fryech01,35.0,CLE,C,36,6.0,9.5,1.2,3.3,0.368,0.9,2.2,0.405,0.3,1.1,0.289,0.504,0.3,0.4,0.786,0.1,1.3,1.4,0.6,0.2,0.1,0.4,1.2,3.6,0
2022,NBA,Charles Bassey,bassech01,21.0,PHI,C,23,0.0,7.3,1.3,2.0,0.638,0.0,0.2,0.0,1.3,1.9,0.698,0.638,0.4,0.5,0.75,1.0,1.7,2.7,0.3,0.2,0.7,0.3,1.4,3.0,0
2023,NBA,Charles Bassey,bassech01,22.0,SAS,C,35,2.0,14.5,2.5,3.9,0.644,0.1,0.2,0.375,2.4,3.6,0.661,0.656,0.6,1.1,0.595,2.1,3.4,5.5,1.4,0.5,0.9,1.2,2.1,5.7,0
2022,NBA,Charlie Brown Jr.,brownch02,24.0,2TM,SG,22,2.0,8.0,0.5,1.8,0.256,0.0,0.5,0.083,0.4,1.2,0.333,0.269,0.4,0.5,0.9,0.6,0.8,1.5,0.3,0.5,0.2,0.2,0.8,1.4,0
2015,NBA,Charlie Villanueva,villach01,30.0,DAL,PF,64,1.0,10.6,2.3,5.7,0.414,1.3,3.5,0.376,1.0,2.2,0.475,0.529,0.3,0.5,0.571,0.5,1.9,2.3,0.3,0.2,0.3,0.4,1.0,6.3,0
2016,NBA,Charlie Villanueva,villach01,31.0,DAL,PF,62,4.0,10.7,2.0,5.3,0.382,0.8,2.8,0.273,1.3,2.5,0.503,0.454,0.4,0.4,0.917,0.4,2.1,2.5,0.4,0.3,0.2,0.5,1.1,5.1,0
2015,NBA,Chase Budinger,budinch01,26.0,MIN,SF,67,4.0,19.2,2.5,5.8,0.433,0.8,2.1,0.364,1.7,3.7,0.474,0.5,1.0,1.2,0.827,0.5,2.5,3.0,1.0,0.7,0.1,0.7,1.1,6.8,0
2016,NBA,Chase Budinger,budinch01,27.0,2TM,SF,66,2.0,14.1,1.6,3.6,0.435,0.4,1.3,0.279,1.2,2.3,0.523,0.485,0.6,0.8,0.696,0.7,1.6,2.3,1.0,0.5,0.2,0.7,0.9,4.1,0
2017,NBA,Chasson Randle,randlch01,23.0,2TM,PG,26,0.0,11.5,1.5,3.8,0.408,0.6,1.8,0.34,0.9,2.0,0.471,0.49,1.6,1.7,0.953,0.2,1.0,1.2,1.3,0.3,0.1,0.7,1.5,5.3,0
2019,NBA,Chasson Randle,randlch01,25.0,WAS,PG,49,2.0,15.2,1.9,4.4,0.419,0.9,2.3,0.4,0.9,2.1,0.441,0.525,0.9,1.3,0.694,0.2,0.9,1.1,2.0,0.5,0.1,0.9,1.9,5.5,0
2021,NBA,Chasson Randle,randlch01,27.0,ORL,PG,41,5.0,20.4,2.2,5.8,0.388,1.1,3.2,0.338,1.2,2.6,0.449,0.481,0.9,1.2,0.792,0.2,1.8,2.0,1.8,0.5,0.1,1.1,1.6,6.5,0
2018,NBA,Cheick Diallo,diallch01,21.0,NOP,PF,52,0.0,11.2,2.0,3.4,0.58,0.0,0.0,0.0,2.0,3.4,0.58,0.58,1.0,1.3,0.758,0.9,3.2,4.1,0.4,0.2,0.4,0.5,1.6,4.9,0
2019,NBA,Cheick Diallo,diallch01,22.0,NOP,PF,64,1.0,14.0,2.6,4.2,0.62,0.0,0.1,0.25,2.6,4.2,0.625,0.622,0.8,1.0,0.746,1.2,4.0,5.2,0.5,0.5,0.5,0.8,1.8,6.0,0
2020,NBA,Cheick Diallo,diallch01,23.0,PHO,C,47,2.0,10.2,2.0,3.0,0.648,0.0,0.1,0.333,1.9,3.0,0.655,0.651,0.7,0.8,0.872,0.6,2.1,2.8,0.5,0.2,0.3,0.7,1.2,4.7,0
2024,NBA,Chet Holmgren,holmgch01,21.0,OKC,C,82,82.0,29.4,6.2,11.6,0.53,1.6,4.3,0.37,4.6,7.4,0.623,0.598,2.7,3.4,0.793,1.6,6.3,7.9,2.4,0.6,2.3,1.6,2.4,16.5,0
2019,NBA,Chimezie Metu,metuch01,21.0,SAS,PF,29,0.0,5.0,0.7,2.0,0.328,0.0,0.1,0.0,0.7,1.9,0.339,0.328,0.4,0.6,0.765,0.3,0.9,1.2,0.4,0.2,0.1,0.5,0.5,1.8,0
2021,NBA,Chimezie Metu,metuch01,23.0,SAC,C,36,6.0,13.6,2.5,5.0,0.508,0.4,1.0,0.351,2.2,3.9,0.549,0.545,0.9,1.2,0.721,0.9,2.3,3.1,0.8,0.4,0.5,0.8,1.6,6.3,0
2022,NBA,Chimezie Metu,metuch01,24.0,SAC,C,60,20.0,21.3,3.4,7.5,0.452,1.0,3.1,0.306,2.4,4.4,0.555,0.516,1.2,1.5,0.78,0.6,5.0,5.6,1.0,0.9,0.5,1.0,1.6,8.9,0
2023,NBA,Chimezie Metu,metuch01,25.0,SAC,PF,66,0.0,10.4,2.0,3.3,0.589,0.1,0.6,0.237,1.8,2.7,0.663,0.61,0.8,1.1,0.74,0.7,2.3,3.0,0.6,0.3,0.3,0.5,1.2,4.9,0
2024,NBA,Chimezie Metu,metuch01,26.0,2TM,C,51,12.0,16.8,2.4,4.8,0.504,0.5,1.8,0.298,1.9,2.9,0.633,0.561,1.1,1.3,0.906,0.8,3.0,3.8,0.9,0.8,0.3,1.0,1.4,6.5,0
2015,NBA,Chris Andersen,anderch01,36.0,MIA,C,60,20.0,18.9,2.0,3.5,0.58,0.1,0.2,0.308,1.9,3.2,0.598,0.589,1.3,1.9,0.667,1.3,3.7,5.0,0.7,0.4,1.0,0.7,1.5,5.3,0
2016,NBA,Chris Andersen,anderch01,37.0,2TM,C,27,15.0,14.9,1.4,2.7,0.528,0.1,0.5,0.286,1.3,2.1,0.586,0.556,0.9,1.3,0.694,1.3,2.3,3.6,0.4,0.6,0.5,0.3,1.1,3.9,0
2015,NBA,Chris Bosh,boshch01,30.0,MIA,C,44,44.0,35.4,7.8,16.9,0.46,1.4,3.8,0.375,6.4,13.1,0.485,0.503,4.1,5.3,0.772,1.0,6.0,7.0,2.2,0.9,0.6,2.2,1.6,21.1,1
2016,NBA,Chris Bosh,boshch01,31.0,MIA,PF,53,53.0,33.5,6.8,14.5,0.467,1.5,4.2,0.365,5.2,10.3,0.508,0.52,4.0,5.1,0.795,0.9,6.5,7.4,2.4,0.7,0.6,1.5,1.9,19.1,1
2019,NBA,Chris Boucher,bouchch01,26.0,TOR,PF,28,0.0,5.8,1.2,2.7,0.447,0.4,1.3,0.324,0.8,1.4,0.564,0.526,0.5,0.5,0.867,0.6,1.4,2.0,0.1,0.2,0.9,0.3,1.1,3.3,0
2020,NBA,Chris Boucher,bouchch01,27.0,TOR,C,62,0.0,13.2,2.3,4.8,0.472,0.6,1.9,0.322,1.7,2.9,0.569,0.535,1.5,1.9,0.784,1.7,2.7,4.5,0.4,0.4,1.0,0.5,1.8,6.6,0
2021,NBA,Chris Boucher,bouchch01,28.0,TOR,C,60,14.0,24.2,4.8,9.3,0.514,1.5,3.9,0.383,3.3,5.4,0.609,0.595,2.5,3.2,0.788,2.0,4.8,6.7,1.1,0.6,1.9,0.8,2.8,13.6,0
2022,NBA,Chris Boucher,bouchch01,29.0,TOR,SF,80,9.0,21.1,3.4,7.2,0.464,0.9,2.9,0.297,2.5,4.4,0.575,0.523,1.9,2.4,0.777,2.2,3.9,6.2,0.3,0.6,0.9,0.5,2.2,9.4,0
2023,NBA,Chris Boucher,bouchch01,30.0,TOR,PF,76,0.0,20.0,3.4,7.0,0.493,0.8,2.5,0.328,2.6,4.5,0.585,0.552,1.7,2.2,0.762,2.1,3.5,5.5,0.4,0.6,0.8,0.5,1.9,9.4,0
2024,NBA,Chris Boucher,bouchch01,31.0,TOR,PF,50,0.0,14.1,2.2,4.3,0.507,0.6,1.9,0.33,1.6,2.5,0.642,0.578,1.4,1.8,0.772,1.2,2.9,4.1,0.5,0.3,0.5,0.6,1.4,6.4,0
2020,NBA,Chris Chiozza,chiozch01,24.0,2TM,PG,28,2.0,14.3,2.0,5.0,0.393,1.0,2.6,0.375,1.0,2.4,0.412,0.489,0.2,0.2,1.0,0.3,1.6,1.9,3.0,0.8,0.1,1.1,1.3,5.1,0
2021,NBA,Chris Chiozza,chiozch01,25.0,BRK,PG,22,1.0,10.5,1.4,4.0,0.352,0.6,1.9,0.31,0.8,2.1,0.391,0.426,0.6,0.8,0.765,0.1,1.0,1.1,3.0,0.3,0.3,0.7,0.9,4.0,0
2022,NBA,Chris Chiozza,chiozch01,26.0,GSW,PG,34,1.0,10.9,0.7,2.4,0.296,0.5,1.6,0.321,0.2,0.8,0.25,0.401,0.1,0.1,0.667,0.3,0.8,1.1,1.9,0.4,0.0,0.9,0.9,2.0,0
2020,NBA,Chris Clemons,clemoch01,22.0,HOU,SG,33,0.0,8.8,1.7,4.3,0.401,1.1,3.2,0.346,0.6,1.1,0.571,0.532,0.3,0.3,0.909,0.1,0.8,0.9,0.8,0.3,0.2,0.6,0.8,4.9,0
2015,NBA,Chris Copeland,copelch01,30.0,IND,SF,50,12.0,16.6,2.2,6.2,0.361,1.0,3.3,0.311,1.2,2.9,0.42,0.445,0.7,0.9,0.733,0.5,1.8,2.2,1.0,0.2,0.2,1.2,1.6,6.2,0
2016,NBA,Chris Copeland,copelch01,31.0,MIL,PF,24,1.0,6.5,0.7,2.1,0.333,0.4,1.5,0.278,0.3,0.6,0.467,0.431,0.3,0.3,0.857,0.0,0.4,0.4,0.5,0.1,0.0,0.3,0.7,2.1,0
2022,NBA,Chris Duarte,duartch01,24.0,IND,SG,55,39.0,28.0,4.9,11.3,0.432,1.7,4.6,0.369,3.2,6.7,0.475,0.507,1.6,2.0,0.804,0.7,3.4,4.1,2.1,1.0,0.2,1.6,1.7,13.1,0
2023,NBA,Chris Duarte,duartch01,25.0,IND,SF,46,12.0,19.5,2.7,7.2,0.369,1.2,3.8,0.316,1.5,3.5,0.428,0.452,1.3,1.6,0.847,0.4,2.1,2.5,1.4,0.5,0.2,0.9,1.4,7.9,0
2024,NBA,Chris Duarte,duartch01,26.0,SAC,SF,59,11.0,12.2,1.4,3.6,0.381,0.7,2.2,0.346,0.6,1.4,0.434,0.486,0.4,0.6,0.788,0.4,1.4,1.8,0.7,0.5,0.1,0.4,1.4,3.9,0
2015,NBA,Chris Johnson,johnsch04,24.0,3TM,SF,29,2.0,18.1,2.1,5.3,0.403,1.0,3.3,0.295,1.2,2.0,0.576,0.494,0.5,0.6,0.875,0.3,1.6,1.9,0.5,0.9,0.2,0.5,1.5,5.7,0
2016,NBA,Chris Johnson,johnsch04,25.0,UTA,SF,70,2.0,12.2,1.0,2.8,0.371,0.4,1.4,0.273,0.6,1.4,0.474,0.441,0.5,0.6,0.81,0.4,1.5,1.9,0.6,0.5,0.3,0.6,1.4,2.9,0
2015,NBA,Chris Kaman,kamanch01,32.0,POR,C,74,13.0,18.9,3.8,7.4,0.515,0.0,0.0,0.0,3.8,7.4,0.515,0.515,1.0,1.4,0.706,2.0,4.5,6.5,0.9,0.2,0.7,1.5,1.9,8.6,0
2024,NBA,Chris Livingston,livinch01,20.0,MIL,SF,21,0.0,4.3,0.5,1.0,0.5,0.0,0.2,0.2,0.5,0.8,0.588,0.523,0.1,0.2,0.75,0.1,0.9,1.0,0.2,0.1,0.0,0.2,0.7,1.2,0
2016,NBA,Chris McCullough,mcculch01,20.0,BRK,PF,24,4.0,15.1,1.8,4.5,0.404,0.5,1.4,0.382,1.3,3.1,0.413,0.463,0.5,1.0,0.478,1.0,1.8,2.8,0.4,1.2,0.5,0.6,1.6,4.7,0
2015,NBA,Chris Paul,paulch01,29.0,LAC,PG,82,82.0,34.8,6.9,14.3,0.485,1.7,4.3,0.398,5.2,10.0,0.523,0.545,3.5,3.9,0.9,0.6,4.0,4.6,10.2,1.9,0.2,2.3,2.5,19.1,1
2016,NBA,Chris Paul,paulch01,30.0,LAC,PG,74,74.0,32.7,7.0,15.1,0.462,1.6,4.4,0.371,5.3,10.6,0.501,0.517,4.0,4.4,0.896,0.5,3.7,4.2,10.0,2.1,0.2,2.6,2.5,19.5,1
2017,NBA,Chris Paul,paulch01,31.0,LAC,PG,61,61.0,31.5,6.1,12.9,0.476,2.0,5.0,0.411,4.1,7.9,0.518,0.555,3.8,4.3,0.892,0.7,4.3,5.0,9.2,2.0,0.1,2.4,2.4,18.1,0
2018,NBA,Chris Paul,paulch01,32.0,HOU,PG,58,58.0,31.8,6.3,13.8,0.46,2.5,6.5,0.38,3.8,7.2,0.532,0.55,3.5,3.8,0.919,0.6,4.8,5.4,7.9,1.7,0.2,2.2,2.4,18.6,0
2019,NBA,Chris Paul,paulch01,33.0,HOU,PG,58,58.0,32.0,5.2,12.4,0.419,2.2,6.1,0.358,3.0,6.3,0.479,0.508,3.0,3.5,0.862,0.6,3.9,4.6,8.2,2.0,0.3,2.6,2.5,15.6,0
2020,NBA,Chris Paul,paulch01,34.0,OKC,PG,70,70.0,31.5,6.2,12.7,0.489,1.6,4.3,0.365,4.6,8.3,0.554,0.552,3.6,4.0,0.907,0.4,4.6,5.0,6.7,1.6,0.2,2.3,2.3,17.6,1
2021,NBA,Chris Paul,paulch01,35.0,PHO,PG,70,70.0,31.4,6.3,12.6,0.499,1.5,3.7,0.395,4.8,8.9,0.543,0.557,2.4,2.6,0.934,0.4,4.1,4.5,8.9,1.4,0.3,2.2,2.4,16.4,1
2022,NBA,Chris Paul,paulch01,36.0,PHO,PG,65,65.0,32.9,5.6,11.3,0.493,1.0,3.1,0.317,4.6,8.3,0.559,0.536,2.6,3.1,0.837,0.3,4.0,4.4,10.8,1.9,0.3,2.4,2.1,14.7,1
2023,NBA,Chris Paul,paulch01,37.0,PHO,PG,59,59.0,32.0,5.0,11.3,0.44,1.7,4.4,0.375,3.3,6.9,0.482,0.513,2.3,2.7,0.831,0.5,3.8,4.3,8.9,1.5,0.4,1.9,2.1,13.9,0
2024,NBA,Chris Paul,paulch01,38.0,GSW,PG,58,18.0,26.4,3.6,8.1,0.441,1.3,3.6,0.371,2.2,4.4,0.498,0.525,0.7,0.9,0.827,0.3,3.6,3.9,6.8,1.2,0.1,1.3,1.9,9.2,0
2020,NBA,Chris Silva,silvach01,23.0,MIA,PF,44,0.0,7.9,1.1,1.8,0.615,0.0,0.1,0.0,1.1,1.7,0.64,0.615,0.8,1.3,0.673,1.4,1.5,2.9,0.5,0.2,0.5,0.7,1.9,3.0,0
2023,NBA,Christian Braun,braunch01,21.0,DEN,SG,76,6.0,15.5,1.9,3.8,0.495,0.4,1.3,0.354,1.4,2.5,0.565,0.554,0.5,0.8,0.625,0.6,1.8,2.4,0.8,0.5,0.2,0.5,1.3,4.7,0
2024,NBA,Christian Braun,braunch01,22.0,DEN,SG,82,4.0,20.2,2.7,5.9,0.46,0.8,2.0,0.384,1.9,3.9,0.498,0.525,1.1,1.6,0.694,1.0,2.8,3.7,1.6,0.5,0.4,0.7,1.7,7.3,0
2023,NBA,Christian Koloko,kolokch01,22.0,TOR,C,58,19.0,13.8,1.2,2.6,0.48,0.0,0.2,0.083,1.2,2.4,0.514,0.483,0.6,1.0,0.627,1.4,1.5,2.9,0.5,0.4,1.0,0.3,2.2,3.1,0
2019,NBA,Christian Wood,woodch01,23.0,2TM,PF,21,2.0,12.0,2.9,5.6,0.521,0.4,1.2,0.346,2.5,4.3,0.571,0.56,2.0,2.7,0.732,0.8,3.1,4.0,0.4,0.3,0.5,0.8,0.8,8.2,0
2020,NBA,Christian Wood,woodch01,24.0,DET,PF,62,12.0,21.4,4.6,8.2,0.567,0.9,2.3,0.386,3.8,5.9,0.636,0.62,2.9,3.9,0.744,1.7,4.6,6.3,1.0,0.5,0.9,1.4,1.6,13.1,0
2021,NBA,Christian Wood,woodch01,25.0,HOU,C,41,41.0,32.3,8.0,15.6,0.514,1.9,5.0,0.374,6.1,10.6,0.581,0.574,3.0,4.8,0.631,1.9,7.8,9.6,1.7,0.8,1.2,2.0,2.1,21.0,0
2022,NBA,Christian Wood,woodch01,26.0,HOU,C,68,67.0,30.8,6.5,12.9,0.501,1.9,4.9,0.39,4.5,8.0,0.57,0.576,3.0,4.9,0.623,1.6,8.5,10.1,2.3,0.8,1.0,1.9,2.5,17.9,0
2023,NBA,Christian Wood,woodch01,27.0,DAL,C,67,17.0,25.9,5.9,11.5,0.515,1.6,4.2,0.376,4.3,7.3,0.594,0.583,3.2,4.2,0.772,1.3,6.0,7.3,1.8,0.4,1.1,1.8,2.5,16.6,0
2024,NBA,Christian Wood,woodch01,28.0,LAL,PF,50,1.0,17.4,2.5,5.3,0.466,0.7,2.3,0.307,1.8,3.0,0.587,0.532,1.3,1.9,0.702,0.8,4.3,5.1,1.0,0.3,0.7,1.0,1.4,6.9,0
2015,NBA,Chuck Hayes,hayesch01,31.0,TOR,C,29,0.0,8.8,0.8,1.6,0.478,0.0,0.0,0.0,0.8,1.6,0.478,0.478,0.2,0.4,0.545,0.6,1.1,1.8,0.7,0.3,0.1,0.3,1.3,1.7,0
2021,NBA,Chuma Okeke,okekech01,22.0,ORL,PF,45,19.0,25.2,3.0,7.2,0.417,1.1,3.1,0.348,1.9,4.1,0.47,0.492,0.7,0.9,0.75,0.9,3.1,4.0,2.2,1.1,0.5,0.8,1.1,7.8,0
2022,NBA,Chuma Okeke,okekech01,23.0,ORL,PF,70,20.0,25.0,3.1,8.2,0.376,1.7,5.3,0.318,1.4,2.9,0.48,0.478,0.8,0.9,0.846,0.7,4.3,5.0,1.7,1.4,0.6,0.8,1.4,8.6,0
2023,NBA,Chuma Okeke,okekech01,24.0,ORL,SF,27,8.0,19.2,1.6,4.5,0.352,1.0,3.2,0.302,0.6,1.3,0.472,0.459,0.6,0.8,0.762,1.0,2.6,3.6,1.4,0.7,0.4,0.6,1.5,4.7,0
2024,NBA,Chuma Okeke,okekech01,25.0,ORL,SF,47,8.0,9.2,0.9,2.4,0.357,0.5,1.7,0.28,0.4,0.6,0.567,0.46,0.1,0.1,0.571,0.4,1.3,1.7,0.4,0.2,0.1,0.3,0.4,2.3,0
2015,NBA,Cleanthony Early,earlycl01,23.0,NYK,SF,39,7.0,16.6,1.9,5.5,0.355,0.6,2.2,0.262,1.4,3.3,0.415,0.407,0.9,1.2,0.75,0.6,1.9,2.5,0.9,0.6,0.3,1.0,1.5,5.4,0
2016,NBA,Clint Capela,capelca01,21.0,HOU,C,77,35.0,19.1,3.0,5.2,0.582,0.0,0.0,0.0,3.0,5.1,0.583,0.582,1.0,2.7,0.379,2.5,3.9,6.4,0.6,0.8,1.2,0.8,2.5,7.0,0
2017,NBA,Clint Capela,capelca01,22.0,HOU,C,65,59.0,23.9,5.6,8.7,0.643,0.0,0.0,0.0,5.6,8.7,0.643,0.643,1.4,2.7,0.531,2.7,5.4,8.1,1.0,0.5,1.2,1.3,2.8,12.6,0
2018,NBA,Clint Capela,capelca01,23.0,HOU,C,74,74.0,27.5,6.0,9.1,0.652,0.0,0.0,0.0,6.0,9.1,0.653,0.652,1.9,3.5,0.56,3.3,7.6,10.8,0.9,0.8,1.9,1.4,2.5,13.9,0
2019,NBA,Clint Capela,capelca01,24.0,HOU,C,67,67.0,33.6,7.1,10.9,0.648,0.0,0.0,0.0,7.1,10.9,0.648,0.648,2.5,3.9,0.636,4.4,8.2,12.7,1.4,0.7,1.5,1.4,2.5,16.6,0
2020,NBA,Clint Capela,capelca01,25.0,HOU,C,39,39.0,32.8,6.3,9.9,0.629,0.0,0.0,0.0,6.3,9.9,0.629,0.629,1.4,2.7,0.529,4.3,9.5,13.8,1.2,0.8,1.8,1.6,2.6,13.9,0
2021,NBA,Clint Capela,capelca01,26.0,ATL,C,63,63.0,30.1,6.6,11.0,0.594,0.0,0.0,0.0,6.6,11.0,0.594,0.594,2.1,3.6,0.573,4.7,9.6,14.3,0.8,0.7,2.0,1.2,2.3,15.2,0
2022,NBA,Clint Capela,capelca01,27.0,ATL,C,74,73.0,27.6,5.0,8.2,0.613,0.0,0.0,0.0,5.0,8.1,0.614,0.613,1.1,2.3,0.473,3.8,8.1,11.9,1.2,0.7,1.3,0.6,2.2,11.1,0
2023,NBA,Clint Capela,capelca01,28.0,ATL,C,65,63.0,26.6,5.4,8.2,0.653,0.0,0.0,0.0,5.4,8.2,0.654,0.653,1.2,2.0,0.603,4.0,7.1,11.0,0.9,0.7,1.2,0.8,2.1,12.0,0
2024,NBA,Clint Capela,capelca01,29.0,ATL,C,73,73.0,25.8,4.8,8.5,0.571,0.0,0.0,0.0,4.8,8.5,0.572,0.571,1.8,2.8,0.631,4.6,6.0,10.6,1.2,0.6,1.5,1.0,2.2,11.5,0
2020,NBA,Coby White,whiteco01,19.0,CHI,PG,65,1.0,25.8,4.8,12.2,0.394,2.0,5.8,0.354,2.8,6.4,0.43,0.478,1.6,2.0,0.791,0.4,3.1,3.5,2.7,0.8,0.1,1.7,1.8,13.2,0
2021,NBA,Coby White,whiteco01,20.0,CHI,PG,69,54.0,31.2,5.4,13.1,0.416,2.4,6.6,0.359,3.1,6.5,0.473,0.506,1.9,2.1,0.901,0.4,3.7,4.1,4.8,0.6,0.2,2.3,2.6,15.1,0
2022,NBA,Coby White,whiteco01,21.0,CHI,PG,61,17.0,27.5,4.6,10.6,0.433,2.2,5.8,0.385,2.3,4.8,0.491,0.539,1.3,1.5,0.857,0.3,2.7,3.0,2.9,0.5,0.2,1.1,2.2,12.7,0
2023,NBA,Coby White,whiteco01,22.0,CHI,SG,74,2.0,23.4,3.6,8.0,0.443,1.7,4.6,0.372,1.8,3.4,0.54,0.551,0.8,0.9,0.871,0.2,2.6,2.9,2.8,0.7,0.1,1.0,1.6,9.7,0
2024,NBA,Coby White,whiteco01,23.0,CHI,PG,79,78.0,36.5,6.8,15.3,0.447,2.6,7.0,0.376,4.2,8.3,0.508,0.534,2.8,3.3,0.838,0.6,4.0,4.5,5.1,0.7,0.2,2.1,2.4,19.1,0
2020,NBA,Cody Martin,martico01,24.0,CHO,SF,48,3.0,18.8,1.9,4.3,0.43,0.4,1.6,0.234,1.5,2.7,0.546,0.473,0.9,1.4,0.646,0.8,2.5,3.3,2.0,0.8,0.2,0.9,1.6,5.0,0
2021,NBA,Cody Martin,martico01,25.0,CHO,SF,52,10.0,16.3,1.6,3.6,0.441,0.3,1.1,0.276,1.3,2.5,0.515,0.484,0.5,0.8,0.581,1.0,2.1,3.1,1.7,0.7,0.2,0.8,1.0,4.0,0
2022,NBA,Cody Martin,martico01,26.0,CHO,SF,71,11.0,26.3,2.9,6.0,0.482,0.9,2.2,0.384,2.0,3.7,0.542,0.554,1.1,1.5,0.701,1.2,2.9,4.0,2.5,1.2,0.5,0.9,1.6,7.7,0
2024,NBA,Cody Martin,martico01,28.0,CHO,SF,28,22.0,26.9,2.9,7.7,0.381,1.0,3.1,0.314,2.0,4.6,0.426,0.444,0.7,1.2,0.606,0.7,3.2,3.9,3.7,1.1,0.6,1.6,1.7,7.5,0
2015,NBA,Cody Zeller,zelleco01,22.0,CHO,C,62,45.0,24.0,2.8,6.0,0.461,0.0,0.0,1.0,2.8,6.0,0.46,0.462,2.0,2.6,0.774,1.6,4.3,5.8,1.6,0.5,0.8,1.0,2.5,7.6,0
2016,NBA,Cody Zeller,zelleco01,23.0,CHO,C,73,60.0,24.3,3.2,6.0,0.529,0.0,0.1,0.1,3.2,5.8,0.539,0.53,2.4,3.2,0.754,1.9,4.3,6.2,1.0,0.8,0.9,0.9,2.8,8.7,0
2017,NBA,Cody Zeller,zelleco01,24.0,CHO,C,62,58.0,27.8,4.1,7.1,0.571,0.0,0.0,0.0,4.1,7.1,0.572,0.571,2.1,3.2,0.679,2.2,4.4,6.5,1.6,1.0,0.9,1.0,3.0,10.3,0
2018,NBA,Cody Zeller,zelleco01,25.0,CHO,C,33,0.0,19.0,2.6,4.7,0.545,0.1,0.1,0.667,2.5,4.6,0.542,0.551,1.8,2.6,0.718,2.0,3.3,5.4,0.9,0.4,0.6,1.0,2.5,7.1,0
2019,NBA,Cody Zeller,zelleco01,26.0,CHO,C,49,47.0,25.4,3.9,7.0,0.551,0.1,0.4,0.273,3.8,6.6,0.57,0.559,2.3,2.9,0.787,2.2,4.6,6.8,2.1,0.8,0.8,1.3,3.3,10.1,0
2020,NBA,Cody Zeller,zelleco01,27.0,CHO,C,58,39.0,23.1,4.3,8.3,0.524,0.3,1.3,0.24,4.0,7.0,0.577,0.543,2.1,3.1,0.682,2.8,4.3,7.1,1.5,0.7,0.4,1.3,2.4,11.1,0
2021,NBA,Cody Zeller,zelleco01,28.0,CHO,C,48,21.0,20.9,3.8,6.8,0.559,0.1,0.6,0.143,3.7,6.2,0.598,0.565,1.8,2.5,0.714,2.5,4.4,6.8,1.8,0.6,0.4,1.1,2.5,9.4,0
2022,NBA,Cody Zeller,zelleco01,29.0,POR,C,27,0.0,13.1,1.9,3.3,0.567,0.0,0.1,0.0,1.9,3.2,0.593,0.567,1.4,1.8,0.776,1.9,2.8,4.6,0.8,0.3,0.2,0.7,2.1,5.2,0
2024,NBA,Cody Zeller,zelleco01,31.0,NOP,C,43,0.0,7.4,0.6,1.4,0.419,0.0,0.1,0.333,0.6,1.4,0.424,0.427,0.5,0.9,0.605,1.1,1.5,2.6,0.9,0.2,0.1,0.4,1.0,1.8,0
2024,NBA,Colby Jones,jonesco02,21.0,SAC,SG,30,0.0,6.4,0.9,2.4,0.394,0.1,0.7,0.091,0.9,1.6,0.531,0.408,0.2,0.4,0.545,0.6,0.8,1.3,0.7,0.2,0.2,0.3,1.0,2.1,0
2015,NBA,Cole Aldrich,aldrico01,26.0,NYK,C,61,16.0,16.0,2.4,4.9,0.478,0.0,0.0,0.0,2.4,4.9,0.478,0.478,0.8,1.0,0.781,1.7,3.9,5.5,1.2,0.6,1.1,1.0,2.0,5.5,0
2016,NBA,Cole Aldrich,aldrico01,27.0,LAC,C,60,5.0,13.3,2.2,3.8,0.596,0.0,0.0,0.0,2.2,3.8,0.596,0.596,1.0,1.4,0.714,1.4,3.4,4.8,0.8,0.8,1.1,1.1,2.3,5.5,0
2017,NBA,Cole Aldrich,aldrico01,28.0,MIN,C,62,0.0,8.6,0.7,1.4,0.523,0.0,0.0,0.0,0.7,1.4,0.523,0.523,0.2,0.4,0.682,0.8,1.7,2.5,0.4,0.4,0.4,0.3,1.4,1.7,0
2018,NBA,Cole Aldrich,aldrico01,29.0,MIN,C,21,0.0,2.3,0.2,0.7,0.333,0.0,0.0,0.0,0.2,0.7,0.333,0.333,0.1,0.3,0.333,0.1,0.6,0.7,0.1,0.1,0.0,0.0,0.5,0.6,0
2021,NBA,Cole Anthony,anthoco01,20.0,ORL,PG,47,34.0,27.1,4.7,11.7,0.397,1.2,3.7,0.337,3.4,8.1,0.424,0.449,2.3,2.8,0.832,0.8,3.9,4.7,4.1,0.6,0.4,2.3,2.1,12.9,0
2022,NBA,Cole Anthony,anthoco01,21.0,ORL,PG,65,65.0,31.7,5.5,14.0,0.391,2.0,6.0,0.338,3.5,8.0,0.432,0.464,3.3,3.9,0.854,0.5,4.9,5.4,5.7,0.7,0.3,2.6,2.6,16.3,0
2023,NBA,Cole Anthony,anthoco01,22.0,ORL,PG,60,4.0,25.9,4.6,10.2,0.454,1.3,3.4,0.364,3.4,6.7,0.5,0.516,2.5,2.8,0.894,0.8,4.0,4.8,3.9,0.6,0.5,1.5,2.6,13.0,0
2024,NBA,Cole Anthony,anthoco01,23.0,ORL,PG,81,0.0,22.4,4.1,9.4,0.435,1.1,3.4,0.338,3.0,6.0,0.49,0.496,2.2,2.7,0.826,0.8,3.0,3.8,2.9,0.8,0.5,1.6,2.2,11.6,0
2024,NBA,Collin Gillespie,gilleco01,24.0,DEN,PG,24,0.0,9.4,1.3,2.9,0.464,0.6,1.6,0.395,0.7,1.3,0.548,0.572,0.3,0.5,0.667,0.0,0.8,0.9,1.1,0.5,0.0,0.6,1.0,3.6,0
2019,NBA,Collin Sexton,sextoco01,20.0,CLE,PG,82,72.0,31.8,6.3,14.7,0.43,1.5,3.6,0.402,4.9,11.1,0.44,0.48,2.6,3.1,0.839,0.7,2.2,2.9,3.0,0.5,0.1,2.3,2.3,16.7,0
2020,NBA,Collin Sexton,sextoco01,21.0,CLE,PG,65,65.0,33.0,7.9,16.7,0.472,1.5,3.9,0.38,6.4,12.8,0.501,0.517,3.5,4.1,0.846,0.9,2.2,3.1,3.0,1.0,0.1,2.4,2.2,20.8,0
2021,NBA,Collin Sexton,sextoco01,22.0,CLE,SG,60,60.0,35.3,8.8,18.4,0.475,1.6,4.4,0.371,7.1,14.0,0.508,0.519,5.2,6.4,0.815,1.0,2.2,3.1,4.4,1.0,0.2,2.8,2.6,24.3,0
2023,NBA,Collin Sexton,sextoco01,24.0,UTA,PG,48,15.0,23.9,4.9,9.8,0.506,1.0,2.5,0.393,3.9,7.2,0.546,0.558,3.4,4.1,0.819,0.8,1.4,2.2,2.9,0.6,0.1,1.8,2.3,14.3,0
2024,NBA,Collin Sexton,sextoco01,25.0,UTA,SG,78,51.0,26.6,6.5,13.3,0.487,1.6,4.2,0.394,4.8,9.1,0.53,0.549,4.1,4.7,0.859,0.9,1.7,2.6,4.9,0.8,0.2,2.1,2.0,18.7,0
2015,NBA,Corey Brewer,breweco01,28.0,2TM,SF,80,17.0,26.1,4.3,10.1,0.426,0.8,2.9,0.268,3.5,7.1,0.491,0.465,2.1,2.8,0.743,1.0,2.7,3.7,2.2,1.4,0.2,1.6,2.2,11.5,0
2016,NBA,Corey Brewer,breweco01,29.0,HOU,SF,82,12.0,20.4,2.6,6.7,0.384,0.7,2.7,0.272,1.8,4.0,0.46,0.439,1.3,1.7,0.75,0.5,1.9,2.4,1.3,1.0,0.2,1.0,2.0,7.2,0
2017,NBA,Corey Brewer,breweco01,30.0,2TM,SF,82,11.0,15.6,1.8,4.2,0.422,0.3,1.4,0.229,1.5,2.8,0.522,0.461,0.6,0.8,0.735,0.4,1.6,2.0,1.2,0.7,0.2,0.7,1.6,4.5,0
2018,NBA,Corey Brewer,breweco01,31.0,2TM,SF,72,18.0,16.8,2.0,4.4,0.449,0.4,1.5,0.282,1.5,2.9,0.539,0.498,0.9,1.3,0.722,0.6,1.5,2.1,0.9,1.1,0.2,0.7,1.9,5.3,0
2019,NBA,Corey Brewer,breweco01,32.0,2TM,SF,31,3.0,15.9,1.7,4.0,0.431,0.5,1.4,0.318,1.3,2.5,0.494,0.488,1.0,1.4,0.721,0.8,1.6,2.5,1.3,1.0,0.2,0.6,2.0,4.9,0
2022,NBA,Corey Kispert,kispeco01,22.0,WAS,SF,77,36.0,23.4,3.0,6.7,0.455,1.5,4.2,0.35,1.6,2.5,0.629,0.564,0.7,0.8,0.871,0.7,2.0,2.7,1.1,0.5,0.3,0.6,1.2,8.2,0
2023,NBA,Corey Kispert,kispeco01,23.0,WAS,SF,74,45.0,28.3,3.9,7.9,0.497,2.2,5.2,0.424,1.7,2.7,0.637,0.637,1.0,1.2,0.852,0.4,2.4,2.8,1.2,0.4,0.1,0.7,1.3,11.1,0
2024,NBA,Corey Kispert,kispeco01,24.0,WAS,SF,80,22.0,25.8,4.8,9.9,0.486,2.3,6.0,0.383,2.5,3.9,0.643,0.602,1.4,2.0,0.726,0.4,2.4,2.8,2.0,0.5,0.2,1.2,1.8,13.4,0
2015,NBA,Cory Jefferson,jeffeco01,24.0,BRK,PF,50,1.0,10.6,1.5,3.3,0.449,0.0,0.3,0.133,1.5,3.0,0.48,0.455,0.6,1.1,0.574,0.9,2.0,2.9,0.3,0.2,0.4,0.4,1.2,3.7,0
2015,NBA,Cory Joseph,josepco01,23.0,SAS,PG,79,14.0,18.3,2.6,5.2,0.504,0.2,0.6,0.364,2.4,4.6,0.52,0.523,1.3,1.8,0.734,0.6,1.9,2.4,2.4,0.6,0.2,0.8,1.3,6.8,0
2016,NBA,Cory Joseph,josepco01,24.0,TOR,SG,80,4.0,25.6,3.2,7.3,0.439,0.4,1.4,0.273,2.8,5.9,0.478,0.465,1.7,2.2,0.764,0.5,2.1,2.6,3.1,0.8,0.3,1.3,1.6,8.5,0
2017,NBA,Cory Joseph,josepco01,25.0,TOR,PG,80,22.0,25.0,3.7,8.3,0.452,0.6,1.7,0.356,3.1,6.6,0.477,0.489,1.2,1.5,0.77,0.6,2.3,2.9,3.3,0.8,0.2,1.4,1.8,9.3,0
2018,NBA,Cory Joseph,josepco01,26.0,IND,PG,82,17.0,27.0,3.1,7.4,0.424,0.8,2.3,0.353,2.3,5.0,0.457,0.479,0.9,1.1,0.745,0.5,2.7,3.2,3.2,1.0,0.2,1.1,1.7,7.9,0
2019,NBA,Cory Joseph,josepco01,27.0,IND,PG,82,9.0,25.2,2.8,6.7,0.412,0.7,2.1,0.322,2.1,4.6,0.454,0.463,0.4,0.5,0.698,0.5,2.9,3.4,3.9,1.1,0.3,1.0,1.6,6.5,0
2020,NBA,Cory Joseph,josepco01,28.0,SAC,PG,72,26.0,24.4,2.4,5.7,0.415,0.8,2.2,0.352,1.6,3.5,0.455,0.483,0.8,1.0,0.857,0.6,2.0,2.6,3.5,0.7,0.3,1.1,1.8,6.4,0
2021,NBA,Cory Joseph,josepco01,29.0,2TM,PG,63,13.0,23.0,3.2,6.8,0.469,0.7,2.1,0.341,2.5,4.7,0.527,0.522,1.1,1.4,0.818,0.6,2.0,2.5,3.4,1.0,0.3,1.3,2.2,8.2,0
2022,NBA,Cory Joseph,josepco01,30.0,DET,PG,65,39.0,24.6,2.7,6.2,0.445,1.0,2.4,0.414,1.7,3.7,0.465,0.526,1.5,1.7,0.885,0.4,2.2,2.7,3.6,0.6,0.3,1.3,2.3,8.0,0
2023,NBA,Cory Joseph,josepco01,31.0,DET,PG,62,2.0,19.8,2.4,5.7,0.427,1.1,2.9,0.389,1.3,2.8,0.468,0.527,0.9,1.2,0.792,0.3,1.4,1.7,3.5,0.5,0.1,0.9,1.4,6.9,0
2024,NBA,Cory Joseph,josepco01,32.0,GSW,PG,26,0.0,11.4,0.9,2.5,0.359,0.5,1.6,0.31,0.4,0.8,0.455,0.461,0.2,0.3,0.571,0.2,0.9,1.2,1.6,0.2,0.1,0.5,1.0,2.4,0
2015,NBA,Courtney Lee,leeco01,29.0,MEM,SG,77,74.0,30.6,3.7,8.4,0.448,1.2,2.9,0.402,2.6,5.4,0.473,0.518,1.4,1.7,0.86,0.3,2.0,2.3,2.0,1.0,0.2,1.0,1.7,10.1,0
2016,NBA,Courtney Lee,leeco01,30.0,2TM,SG,79,65.0,29.5,3.7,8.1,0.454,1.0,2.7,0.378,2.6,5.3,0.493,0.518,1.3,1.5,0.839,0.4,2.2,2.6,1.7,1.1,0.4,0.9,1.7,9.6,0
2017,NBA,Courtney Lee,leeco01,31.0,NYK,SG,77,74.0,31.9,4.2,9.1,0.456,1.4,3.5,0.401,2.8,5.6,0.49,0.533,1.1,1.3,0.867,0.7,2.7,3.4,2.3,1.1,0.3,0.9,1.8,10.8,0
2018,NBA,Courtney Lee,leeco01,32.0,NYK,SG,76,69.0,30.4,4.5,9.9,0.454,1.5,3.7,0.406,3.0,6.3,0.482,0.529,1.5,1.6,0.919,0.4,2.6,2.9,2.4,1.1,0.2,1.1,1.4,12.0,0
2019,NBA,Courtney Lee,leeco01,33.0,2TM,SG,34,6.0,12.6,1.6,3.8,0.411,0.5,1.6,0.291,1.1,2.2,0.5,0.473,0.4,0.6,0.667,0.3,1.3,1.6,1.1,0.6,0.1,0.4,0.9,4.0,0
2020,NBA,Courtney Lee,leeco01,34.0,DAL,SG,24,9.0,14.4,1.7,3.4,0.488,0.9,2.0,0.447,0.8,1.5,0.543,0.616,0.3,0.3,0.857,0.3,1.0,1.3,0.5,0.8,0.3,0.5,1.4,4.5,0
2024,NBA,Craig Porter Jr.,portecr01,23.0,CLE,PG,51,6.0,12.7,2.3,4.5,0.509,0.2,0.7,0.353,2.0,3.8,0.536,0.535,0.8,1.1,0.732,0.4,1.7,2.1,2.3,0.4,0.3,0.9,0.8,5.6,0
2016,NBA,Cristiano Felício,feliccr01,23.0,CHI,C,31,4.0,10.4,1.3,2.3,0.556,0.0,0.1,0.0,1.3,2.2,0.588,0.556,0.8,1.1,0.714,1.0,2.3,3.3,0.8,0.2,0.4,0.4,1.0,3.4,0
2017,NBA,Cristiano Felício,feliccr01,24.0,CHI,C,66,0.0,15.8,1.9,3.3,0.579,0.0,0.0,0.0,1.9,3.3,0.579,0.579,0.9,1.4,0.645,1.9,2.8,4.7,0.6,0.4,0.3,0.5,1.7,4.8,0
2018,NBA,Cristiano Felício,feliccr01,25.0,CHI,C,55,16.0,17.8,2.3,3.9,0.591,0.0,0.0,0.0,2.3,3.9,0.596,0.591,1.0,1.5,0.667,1.5,2.7,4.2,1.0,0.3,0.2,1.0,1.9,5.6,0
2019,NBA,Cristiano Felício,feliccr01,26.0,CHI,C,60,0.0,12.4,1.6,3.0,0.531,0.0,0.1,0.0,1.6,2.9,0.543,0.531,0.8,1.2,0.685,1.3,2.3,3.6,0.6,0.2,0.1,0.6,1.2,4.0,0
2020,NBA,Cristiano Felício,feliccr01,27.0,CHI,C,22,0.0,17.5,1.5,2.5,0.63,0.0,0.1,0.0,1.5,2.4,0.654,0.63,0.8,1.0,0.783,2.5,2.1,4.6,0.7,0.5,0.1,0.8,1.5,3.9,0
2016,NBA,D'Angelo Russell,russeda01,19.0,LAL,PG,80,48.0,28.2,4.9,12.0,0.41,1.6,4.6,0.351,3.3,7.3,0.447,0.478,1.8,2.4,0.737,0.6,2.8,3.4,3.3,1.2,0.2,2.5,1.8,13.2,0
2017,NBA,D'Angelo Russell,russeda01,20.0,LAL,PG,63,60.0,28.7,5.6,13.8,0.405,2.1,6.1,0.352,3.4,7.7,0.447,0.483,2.3,3.0,0.782,0.5,3.0,3.5,4.8,1.4,0.3,2.8,2.1,15.6,0
2018,NBA,D'Angelo Russell,russeda01,21.0,BRK,PG,48,35.0,25.7,5.8,14.0,0.414,1.9,5.8,0.324,3.9,8.2,0.477,0.481,2.0,2.7,0.74,0.6,3.3,3.9,5.2,0.8,0.4,3.1,1.9,15.5,0
2019,NBA,D'Angelo Russell,russeda01,22.0,BRK,PG,81,81.0,30.2,8.1,18.7,0.434,2.9,7.8,0.369,5.2,10.9,0.482,0.512,2.0,2.5,0.78,0.7,3.2,3.9,7.0,1.2,0.2,3.1,1.7,21.1,1
2020,NBA,D'Angelo Russell,russeda01,23.0,2TM,PG,45,45.0,32.3,8.0,18.8,0.426,3.5,9.6,0.367,4.5,9.2,0.487,0.519,3.6,4.4,0.809,0.4,3.6,3.9,6.3,1.1,0.3,3.3,1.9,23.1,0
2021,NBA,D'Angelo Russell,russeda01,24.0,MIN,PG,42,26.0,28.5,6.7,15.5,0.431,2.9,7.4,0.387,3.8,8.1,0.471,0.523,2.7,3.5,0.765,0.4,2.3,2.6,5.8,1.1,0.4,2.7,1.6,19.0,0
2022,NBA,D'Angelo Russell,russeda01,25.0,MIN,PG,65,65.0,32.0,6.2,15.0,0.411,2.7,8.0,0.34,3.5,7.0,0.492,0.502,3.0,3.7,0.825,0.4,2.9,3.3,7.1,1.0,0.3,2.5,2.0,18.1,0
2023,NBA,D'Angelo Russell,russeda01,26.0,2TM,PG,71,71.0,32.5,6.3,13.4,0.469,2.7,6.9,0.396,3.5,6.5,0.548,0.572,2.5,3.0,0.829,0.5,2.5,3.0,6.2,1.0,0.4,2.6,2.0,17.8,0
2024,NBA,D'Angelo Russell,russeda01,27.0,LAL,PG,76,69.0,32.7,6.5,14.2,0.456,3.0,7.2,0.415,3.5,7.0,0.497,0.56,2.1,2.5,0.828,0.4,2.7,3.1,6.3,0.9,0.5,2.1,2.1,18.0,0
2015,NBA,D.J. Augustin,augusdj01,27.0,2TM,PG,82,14.0,24.0,3.1,7.9,0.399,1.0,3.0,0.337,2.1,4.9,0.436,0.463,2.2,2.5,0.868,0.2,1.7,2.0,4.3,0.6,0.0,1.8,1.1,9.5,0
2016,NBA,D.J. Augustin,augusdj01,28.0,2TM,PG,62,0.0,19.0,2.4,5.6,0.423,1.1,2.7,0.405,1.3,2.9,0.44,0.52,1.7,2.1,0.805,0.1,1.4,1.5,3.2,0.6,0.1,1.4,1.4,7.5,0
2017,NBA,D.J. Augustin,augusdj01,29.0,ORL,PG,78,20.0,19.7,2.5,6.6,0.377,1.2,3.5,0.347,1.3,3.1,0.412,0.469,1.7,2.1,0.814,0.2,1.3,1.5,2.7,0.4,0.0,1.2,1.3,7.9,0
2018,NBA,D.J. Augustin,augusdj01,30.0,ORL,PG,75,36.0,23.5,3.3,7.2,0.452,1.5,3.6,0.419,1.7,3.6,0.485,0.557,2.2,2.5,0.868,0.4,1.7,2.1,3.8,0.7,0.0,1.6,1.3,10.2,0
2019,NBA,D.J. Augustin,augusdj01,31.0,ORL,PG,81,81.0,28.0,3.9,8.4,0.47,1.6,3.8,0.421,2.3,4.5,0.511,0.566,2.2,2.6,0.866,0.5,2.0,2.5,5.3,0.6,0.0,1.6,1.4,11.7,0
2020,NBA,D.J. Augustin,augusdj01,32.0,ORL,PG,57,13.0,24.9,3.2,8.1,0.399,1.2,3.5,0.348,2.0,4.6,0.438,0.475,2.8,3.2,0.89,0.4,1.8,2.1,4.6,0.6,0.0,1.5,1.3,10.5,0
2021,NBA,D.J. Augustin,augusdj01,33.0,2TM,PG,57,12.0,19.8,2.4,6.0,0.394,1.5,3.8,0.382,0.9,2.2,0.413,0.515,1.5,1.6,0.904,0.4,1.3,1.6,3.3,0.5,0.0,1.1,1.0,7.7,0
2022,NBA,D.J. Augustin,augusdj01,34.0,2TM,PG,55,2.0,16.1,1.7,4.0,0.423,1.2,3.0,0.415,0.5,1.1,0.448,0.577,0.7,0.8,0.884,0.2,1.0,1.2,1.9,0.3,0.0,1.0,0.7,5.3,0
2018,NBA,D.J. Wilson,wilsodj01,21.0,MIL,PF,22,0.0,3.2,0.4,0.7,0.563,0.1,0.2,0.4,0.3,0.5,0.636,0.625,0.0,0.1,0.5,0.1,0.4,0.5,0.1,0.1,0.0,0.2,0.3,1.0,0
2019,NBA,D.J. Wilson,wilsodj01,22.0,MIL,PF,48,3.0,18.4,2.2,5.2,0.414,1.0,2.6,0.362,1.2,2.6,0.468,0.506,0.5,1.0,0.553,0.9,3.7,4.6,1.1,0.4,0.4,0.7,1.8,5.8,0
2020,NBA,D.J. Wilson,wilsodj01,23.0,MIL,PF,37,1.0,9.8,1.4,3.6,0.394,0.5,2.0,0.247,0.9,1.6,0.576,0.462,0.3,0.5,0.611,0.3,2.2,2.5,0.7,0.1,0.1,0.5,0.9,3.6,0
2021,NBA,D.J. Wilson,wilsodj01,24.0,2TM,PF,35,1.0,12.4,1.9,4.8,0.405,0.9,2.5,0.345,1.1,2.3,0.469,0.494,0.5,0.7,0.68,0.6,2.6,3.2,0.7,0.3,0.5,0.6,1.3,5.2,0
2021,NBA,DaQuan Jeffries,jeffrda01,23.0,2TM,SG,31,5.0,15.9,1.6,3.9,0.417,0.6,2.2,0.299,1.0,1.7,0.566,0.5,0.2,0.3,0.875,0.6,1.7,2.3,0.7,0.5,0.3,0.5,1.5,4.1,0
2015,NBA,Dahntay Jones,jonesda02,34.0,LAC,SF,33,0.0,3.7,0.2,0.6,0.286,0.0,0.1,0.0,0.2,0.5,0.353,0.286,0.3,0.3,0.818,0.0,0.3,0.3,0.1,0.1,0.0,0.0,0.7,0.6,0
2022,NBA,Daishen Nix,nixda01,19.0,HOU,SG,24,0.0,10.9,1.1,2.8,0.403,0.3,1.1,0.269,0.8,1.7,0.488,0.455,0.7,1.3,0.533,0.3,1.1,1.4,1.7,0.6,0.0,1.1,0.9,3.2,0
2023,NBA,Daishen Nix,nixda01,20.0,HOU,PG,57,7.0,16.0,1.4,4.2,0.342,0.7,2.5,0.286,0.7,1.7,0.423,0.426,0.4,0.6,0.667,0.3,1.4,1.7,2.3,0.5,0.1,1.5,1.0,4.0,0
2018,NBA,Dakari Johnson,johnsda04,22.0,OKC,C,31,6.0,5.2,0.7,1.3,0.564,0.0,0.0,0.0,0.7,1.3,0.564,0.564,0.4,0.6,0.55,0.5,0.6,1.1,0.3,0.2,0.3,0.1,0.9,1.8,0
2022,NBA,Dalano Banton,bantoda01,22.0,TOR,PG,64,1.0,10.9,1.3,3.2,0.411,0.2,0.8,0.255,1.1,2.4,0.464,0.443,0.4,0.7,0.591,0.6,1.3,1.9,1.5,0.4,0.2,0.8,1.1,3.2,0
2023,NBA,Dalano Banton,bantoda01,23.0,TOR,PG,31,2.0,9.0,1.8,4.2,0.423,0.5,1.6,0.294,1.3,2.5,0.506,0.481,0.5,0.8,0.708,0.4,1.1,1.5,1.2,0.4,0.4,0.6,1.1,4.6,0
2024,NBA,Dalano Banton,bantoda01,24.0,2TM,PG,54,9.0,19.4,3.7,9.3,0.404,1.1,3.7,0.296,2.6,5.6,0.475,0.463,1.7,2.2,0.783,0.8,2.5,3.3,2.4,0.6,0.4,1.4,1.2,10.3,0
2023,NBA,Dalen Terry,terryda01,20.0,CHI,SG,38,0.0,5.6,0.8,1.9,0.444,0.2,0.7,0.259,0.7,1.2,0.556,0.493,0.4,0.6,0.667,0.3,0.7,1.0,0.6,0.3,0.1,0.2,0.6,2.2,0
2024,NBA,Dalen Terry,terryda01,21.0,CHI,SG,59,2.0,11.5,1.2,2.7,0.439,0.3,1.3,0.23,0.9,1.4,0.627,0.494,0.4,0.7,0.581,0.5,1.4,1.9,1.4,0.5,0.3,0.5,1.4,3.1,0
2019,NBA,Damian Jones,jonesda03,23.0,GSW,C,24,22.0,17.1,2.2,3.1,0.716,0.0,0.0,0.0,2.2,3.1,0.716,0.716,1.0,1.5,0.649,1.3,1.8,3.1,1.2,0.5,1.0,0.7,2.6,5.4,0
2020,NBA,Damian Jones,jonesda03,24.0,ATL,C,55,27.0,16.1,2.2,3.2,0.68,0.0,0.2,0.222,2.2,3.1,0.704,0.685,1.1,1.5,0.738,1.3,2.4,3.7,0.6,0.5,0.7,0.5,2.7,5.6,0
2021,NBA,Damian Jones,jonesda03,25.0,3TM,C,39,10.0,14.0,1.8,2.6,0.68,0.0,0.1,0.2,1.8,2.5,0.704,0.684,1.1,1.5,0.724,0.9,2.2,3.1,0.7,0.3,0.7,0.7,2.0,4.7,0
2022,NBA,Damian Jones,jonesda03,26.0,SAC,C,56,15.0,18.2,3.1,4.8,0.658,0.2,0.5,0.345,2.9,4.2,0.696,0.677,1.7,2.3,0.718,1.3,3.1,4.4,1.2,0.5,0.8,1.1,2.3,8.1,0
2023,NBA,Damian Jones,jonesda03,27.0,2TM,C,41,1.0,11.6,1.3,2.1,0.64,0.2,0.4,0.588,1.1,1.7,0.652,0.698,0.5,0.7,0.759,1.0,2.0,3.0,0.4,0.2,0.5,0.6,1.3,3.5,0
2024,NBA,Damian Jones,jonesda03,28.0,CLE,C,39,0.0,6.9,1.1,1.8,0.597,0.1,0.4,0.214,1.0,1.5,0.69,0.618,0.5,0.5,0.857,0.5,1.1,1.6,0.4,0.2,0.3,0.3,0.7,2.7,0
2015,NBA,Damian Lillard,lillada01,24.0,POR,PG,82,82.0,35.7,7.2,16.6,0.434,2.4,7.0,0.343,4.8,9.6,0.5,0.506,4.2,4.9,0.864,0.6,4.0,4.6,6.2,1.2,0.3,2.7,2.0,21.0,1
2016,NBA,Damian Lillard,lillada01,25.0,POR,PG,75,75.0,35.7,8.2,19.7,0.419,3.1,8.1,0.375,5.2,11.5,0.45,0.497,5.5,6.2,0.892,0.6,3.4,4.0,6.8,0.9,0.4,3.2,2.2,25.1,0
2017,NBA,Damian Lillard,lillada01,26.0,POR,PG,75,75.0,35.9,8.8,19.8,0.444,2.9,7.7,0.37,6.0,12.1,0.492,0.516,6.5,7.3,0.895,0.6,4.3,4.9,5.9,0.9,0.3,2.6,2.0,27.0,0
2018,NBA,Damian Lillard,lillada01,27.0,POR,PG,73,73.0,36.6,8.5,19.4,0.439,3.1,8.6,0.361,5.4,10.8,0.501,0.519,6.8,7.4,0.916,0.8,3.6,4.5,6.6,1.1,0.4,2.8,1.6,26.9,1
2019,NBA,Damian Lillard,lillada01,28.0,POR,PG,80,80.0,35.5,8.5,19.2,0.444,3.0,8.0,0.369,5.6,11.1,0.499,0.522,5.9,6.4,0.912,0.9,3.8,4.6,6.9,1.1,0.4,2.7,1.9,25.8,1
2020,NBA,Damian Lillard,lillada01,29.0,POR,PG,66,66.0,37.5,9.5,20.4,0.463,4.1,10.2,0.401,5.4,10.2,0.524,0.563,7.0,7.8,0.888,0.5,3.8,4.3,8.0,1.1,0.3,2.9,1.7,30.0,1
2021,NBA,Damian Lillard,lillada01,30.0,POR,PG,67,67.0,35.8,9.0,19.9,0.451,4.1,10.5,0.391,4.9,9.4,0.519,0.554,6.7,7.2,0.928,0.5,3.7,4.2,7.5,0.9,0.3,3.0,1.5,28.8,1
2022,NBA,Damian Lillard,lillada01,31.0,POR,PG,29,29.0,36.4,7.7,19.0,0.402,3.2,9.8,0.324,4.5,9.2,0.485,0.486,5.5,6.2,0.878,0.4,3.7,4.1,7.3,0.6,0.4,2.9,1.3,24.0,0
2023,NBA,Damian Lillard,lillada01,32.0,POR,PG,58,58.0,36.3,9.6,20.7,0.463,4.2,11.3,0.371,5.4,9.4,0.574,0.564,8.8,9.6,0.914,0.8,4.0,4.8,7.3,0.9,0.3,3.3,1.9,32.2,1
2024,NBA,Damian Lillard,lillada01,33.0,MIL,PG,73,73.0,35.3,7.4,17.5,0.424,3.0,8.5,0.354,4.4,9.0,0.49,0.51,6.5,7.0,0.92,0.5,3.9,4.4,7.0,1.0,0.2,2.6,1.8,24.3,1
2016,NBA,Damien Inglis,inglida01,20.0,MIL,SF,20,1.0,7.8,0.7,1.9,0.351,0.2,0.7,0.231,0.5,1.2,0.417,0.392,0.4,0.4,0.875,0.1,1.5,1.6,0.5,0.3,0.2,0.6,0.6,1.8,0
2019,NBA,Damion Lee,leeda03,26.0,GSW,SG,32,0.0,11.7,1.8,4.0,0.441,0.8,2.1,0.397,0.9,1.8,0.492,0.547,0.6,0.7,0.864,0.3,1.8,2.0,0.4,0.4,0.0,0.3,0.9,4.9,0
2020,NBA,Damion Lee,leeda03,27.0,GSW,SG,49,36.0,29.0,4.3,10.4,0.417,1.7,4.9,0.356,2.6,5.6,0.471,0.5,2.2,2.6,0.873,0.7,4.2,4.9,2.7,1.0,0.1,1.4,2.4,12.7,0
2021,NBA,Damion Lee,leeda03,28.0,GSW,SG,57,1.0,18.9,2.2,4.8,0.467,1.4,3.4,0.397,0.9,1.4,0.638,0.608,0.7,0.8,0.909,0.4,2.8,3.2,1.3,0.7,0.1,0.5,1.6,6.5,0
2022,NBA,Damion Lee,leeda03,29.0,GSW,SG,63,5.0,19.9,2.7,6.1,0.441,1.0,3.0,0.337,1.7,3.1,0.541,0.523,1.0,1.2,0.88,0.4,2.8,3.2,1.0,0.6,0.1,0.6,1.5,7.4,0
2023,NBA,Damion Lee,leeda03,30.0,PHO,SG,74,5.0,20.4,2.7,6.1,0.442,1.5,3.3,0.445,1.2,2.8,0.439,0.564,1.3,1.4,0.904,0.5,2.5,3.0,1.3,0.4,0.1,1.1,1.6,8.2,0
2015,NBA,Damjan Rudež,rudezda01,28.0,IND,SF,68,2.0,15.4,1.8,3.9,0.452,1.0,2.5,0.406,0.7,1.4,0.538,0.584,0.2,0.3,0.696,0.1,0.6,0.7,0.8,0.2,0.1,0.7,1.2,4.8,0
2016,NBA,Damjan Rudež,rudezda01,29.0,MIN,SF,33,0.0,8.4,0.8,1.9,0.403,0.5,1.5,0.34,0.2,0.4,0.667,0.54,0.2,0.2,1.0,0.2,0.5,0.6,0.3,0.1,0.0,0.4,1.0,2.3,0
2017,NBA,Damjan Rudež,rudezda01,30.0,ORL,SF,45,0.0,7.0,0.7,2.0,0.352,0.4,1.4,0.313,0.2,0.5,0.458,0.466,0.0,0.0,0.0,0.1,0.4,0.6,0.4,0.3,0.0,0.2,0.7,1.8,0
2018,NBA,Damyean Dotson,dotsoda01,23.0,NYK,SG,44,2.0,10.8,1.6,3.7,0.447,0.5,1.5,0.324,1.1,2.1,0.538,0.516,0.4,0.5,0.696,0.2,1.7,1.9,0.7,0.3,0.0,0.4,0.8,4.1,0
2019,NBA,Damyean Dotson,dotsoda01,24.0,NYK,SG,73,40.0,27.5,4.0,9.6,0.415,1.7,4.7,0.368,2.2,4.9,0.461,0.506,1.0,1.3,0.745,0.5,3.1,3.6,1.8,0.8,0.1,1.0,1.8,10.7,0
2020,NBA,Damyean Dotson,dotsoda01,25.0,NYK,SG,48,0.0,17.4,2.5,6.0,0.414,1.2,3.4,0.362,1.3,2.6,0.48,0.516,0.5,0.7,0.667,0.2,1.7,1.9,1.2,0.5,0.1,0.4,0.9,6.7,0
2021,NBA,Damyean Dotson,dotsoda01,26.0,CLE,SG,46,7.0,19.7,2.6,6.4,0.406,1.0,3.5,0.289,1.6,2.9,0.545,0.485,0.5,0.8,0.667,0.1,1.9,2.0,2.0,0.3,0.1,0.9,0.9,6.7,0
2020,NBA,Daniel Gafford,gaffoda01,21.0,CHI,C,43,7.0,14.2,2.2,3.1,0.701,0.0,0.0,0.0,2.2,3.1,0.701,0.701,0.7,1.4,0.533,1.2,1.3,2.5,0.5,0.3,1.3,0.7,2.3,5.1,0
2021,NBA,Daniel Gafford,gaffoda01,22.0,2TM,C,54,11.0,14.6,2.9,4.2,0.684,0.0,0.0,0.0,2.9,4.2,0.684,0.684,1.3,2.0,0.667,1.7,2.5,4.3,0.5,0.5,1.4,0.8,1.8,7.0,0
2022,NBA,Daniel Gafford,gaffoda01,23.0,WAS,C,72,53.0,20.1,4.0,5.7,0.693,0.0,0.0,0.0,4.0,5.7,0.695,0.693,1.5,2.1,0.699,2.2,3.5,5.7,0.9,0.4,1.4,0.9,2.4,9.4,0
2023,NBA,Daniel Gafford,gaffoda01,24.0,WAS,C,78,47.0,20.6,3.7,5.1,0.732,0.0,0.0,0.0,3.7,5.1,0.732,0.732,1.6,2.4,0.679,2.1,3.5,5.6,1.1,0.4,1.3,1.1,2.4,9.0,0
2024,NBA,Daniel Gafford,gaffoda01,25.0,2TM,PF,74,66.0,24.5,4.7,6.5,0.725,0.0,0.0,0.0,4.7,6.5,0.725,0.725,1.6,2.4,0.674,2.6,5.0,7.6,1.6,0.9,2.1,1.0,3.1,11.0,0
2021,NBA,Daniel Oturu,oturuda01,21.0,LAC,C,30,0.0,5.4,0.7,1.7,0.423,0.0,0.2,0.2,0.7,1.6,0.447,0.433,0.3,0.4,0.75,0.7,0.9,1.6,0.3,0.1,0.2,0.3,0.8,1.8,0
2018,NBA,Daniel Theis,theisda01,25.0,BOS,C,63,3.0,14.9,2.0,3.7,0.541,0.3,0.9,0.31,1.7,2.8,0.617,0.579,1.0,1.3,0.753,1.4,2.9,4.3,0.9,0.5,0.8,0.9,2.5,5.3,0
2019,NBA,Daniel Theis,theisda01,26.0,BOS,C,66,2.0,13.8,2.2,4.0,0.549,0.4,1.0,0.388,1.8,3.0,0.603,0.598,0.8,1.2,0.737,1.3,2.1,3.4,1.0,0.3,0.6,0.5,2.4,5.7,0
2020,NBA,Daniel Theis,theisda01,27.0,BOS,C,65,64.0,24.1,3.7,6.6,0.566,0.5,1.5,0.333,3.2,5.1,0.633,0.603,1.3,1.8,0.763,2.2,4.4,6.6,1.7,0.6,1.3,0.8,3.4,9.2,0
2021,NBA,Daniel Theis,theisda01,28.0,2TM,C,65,51.0,24.6,3.9,7.2,0.541,0.8,2.3,0.322,3.1,4.8,0.646,0.593,1.1,1.7,0.673,1.4,4.0,5.5,1.7,0.6,0.9,1.0,2.6,9.6,0
2022,NBA,Daniel Theis,theisda01,29.0,2TM,C,47,27.0,20.8,3.2,6.2,0.519,0.7,2.3,0.308,2.5,3.9,0.641,0.576,1.0,1.5,0.681,1.3,3.6,4.9,0.9,0.4,0.7,1.0,2.4,8.2,0
2024,NBA,Daniel Theis,theisda01,31.0,2TM,C,60,3.0,16.9,2.6,4.9,0.532,0.4,1.2,0.366,2.2,3.7,0.586,0.577,0.6,0.8,0.76,1.4,2.7,4.1,1.0,0.4,0.9,0.7,2.1,6.3,0
2015,NBA,Danilo Gallinari,gallida01,26.0,DEN,SF,59,27.0,24.2,3.9,9.6,0.401,1.8,5.1,0.355,2.1,4.5,0.453,0.496,2.9,3.2,0.895,0.5,3.2,3.7,1.4,0.8,0.3,1.0,1.6,12.4,0
2016,NBA,Danilo Gallinari,gallida01,27.0,DEN,SF,53,53.0,34.7,5.4,13.2,0.41,1.6,4.5,0.364,3.8,8.7,0.434,0.472,7.1,8.2,0.868,1.0,4.3,5.3,2.5,0.8,0.4,1.5,1.6,19.5,0
2017,NBA,Danilo Gallinari,gallida01,28.0,DEN,SF,63,63.0,33.9,5.3,11.9,0.447,2.0,5.1,0.389,3.3,6.8,0.491,0.531,5.5,6.1,0.902,0.6,4.5,5.2,2.1,0.6,0.2,1.3,1.5,18.2,0
2018,NBA,Danilo Gallinari,gallida01,29.0,LAC,SF,21,21.0,32.0,4.9,12.2,0.398,1.7,5.3,0.324,3.1,6.9,0.455,0.469,3.9,4.1,0.931,0.4,4.4,4.8,2.0,0.6,0.5,1.2,1.4,15.3,0
2019,NBA,Danilo Gallinari,gallida01,30.0,LAC,SF,68,68.0,30.3,6.0,13.0,0.463,2.4,5.5,0.433,3.6,7.5,0.484,0.554,5.4,6.0,0.904,0.8,5.3,6.1,2.6,0.7,0.3,1.5,1.9,19.8,0
2020,NBA,Danilo Gallinari,gallida01,31.0,OKC,PF,62,62.0,29.6,5.8,13.2,0.438,2.9,7.1,0.405,2.9,6.1,0.476,0.547,4.3,4.8,0.893,0.5,4.6,5.2,1.9,0.7,0.1,1.2,1.2,18.7,0
2021,NBA,Danilo Gallinari,gallida01,32.0,ATL,PF,51,4.0,24.0,4.0,9.3,0.434,2.0,5.0,0.406,2.0,4.3,0.466,0.542,3.2,3.4,0.925,0.3,3.8,4.1,1.5,0.6,0.2,0.8,2.1,13.3,0
2022,NBA,Danilo Gallinari,gallida01,33.0,ATL,PF,66,18.0,25.3,3.9,9.0,0.434,1.7,4.5,0.381,2.2,4.6,0.485,0.528,2.1,2.4,0.904,0.5,4.1,4.7,1.5,0.4,0.2,0.6,1.4,11.7,0
2024,NBA,Danilo Gallinari,gallida01,35.0,3TM,SF,49,0.0,12.9,1.7,3.9,0.437,0.6,1.9,0.323,1.1,2.0,0.546,0.516,1.7,2.0,0.857,0.4,1.8,2.2,1.1,0.3,0.1,0.5,1.0,5.7,0
2015,NBA,Danny Granger,grangda01,31.0,MIA,SF,30,6.0,20.4,2.2,5.4,0.401,1.0,2.8,0.357,1.2,2.6,0.449,0.494,0.9,1.2,0.757,0.7,2.0,2.7,0.6,0.4,0.2,0.8,2.2,6.3,0
2015,NBA,Danny Green,greenda02,27.0,SAS,SG,81,80.0,28.5,4.0,9.1,0.436,2.4,5.6,0.418,1.6,3.5,0.466,0.566,1.4,1.6,0.874,0.7,3.6,4.2,2.0,1.2,1.1,1.1,2.0,11.7,0
2016,NBA,Danny Green,greenda02,28.0,SAS,SG,79,79.0,26.1,2.7,7.1,0.376,1.5,4.4,0.332,1.2,2.7,0.448,0.48,0.4,0.6,0.739,0.6,3.2,3.8,1.8,1.0,0.8,0.9,1.8,7.2,0
2017,NBA,Danny Green,greenda02,29.0,SAS,SG,68,68.0,26.6,2.6,6.6,0.392,1.7,4.6,0.379,0.9,2.0,0.42,0.523,0.4,0.5,0.844,0.5,2.8,3.3,1.8,1.0,0.8,1.1,1.8,7.3,0
2018,NBA,Danny Green,greenda02,30.0,SAS,SG,70,60.0,25.6,3.1,8.0,0.387,1.7,4.6,0.363,1.4,3.4,0.419,0.49,0.7,0.9,0.769,0.6,3.0,3.6,1.6,0.9,1.1,1.1,1.7,8.6,0
2019,NBA,Danny Green,greenda02,31.0,TOR,SG,80,80.0,27.7,3.7,7.9,0.465,2.5,5.4,0.455,1.2,2.4,0.487,0.622,0.5,0.6,0.841,0.8,3.2,4.0,1.6,0.9,0.7,0.9,2.1,10.3,0
2020,NBA,Danny Green,greenda02,32.0,LAL,SG,68,68.0,24.8,2.9,7.0,0.416,1.8,4.8,0.367,1.1,2.2,0.524,0.542,0.5,0.7,0.688,0.8,2.6,3.3,1.3,1.3,0.5,0.9,2.0,8.0,0
2021,NBA,Danny Green,greenda02,33.0,PHI,SF,69,69.0,28.0,3.2,7.9,0.412,2.5,6.3,0.405,0.7,1.6,0.438,0.573,0.4,0.6,0.775,0.8,3.0,3.8,1.7,1.3,0.8,1.0,1.8,9.5,0
2022,NBA,Danny Green,greenda02,34.0,PHI,SF,62,28.0,21.8,2.0,5.2,0.394,1.7,4.4,0.38,0.4,0.8,0.469,0.555,0.2,0.2,0.786,0.5,2.0,2.5,1.0,1.0,0.6,0.7,1.7,5.9,0
2015,NBA,Dante Cunningham,cunnida01,27.0,NOP,PF,66,27.0,25.0,2.3,5.1,0.457,0.0,0.2,0.1,2.3,5.0,0.468,0.459,0.4,0.7,0.617,1.1,2.8,3.9,0.8,0.7,0.6,0.5,1.5,5.2,0
2016,NBA,Dante Cunningham,cunnida01,28.0,NOP,SF,80,46.0,24.6,2.3,5.2,0.451,0.7,2.2,0.316,1.6,3.0,0.55,0.518,0.7,1.0,0.695,0.7,2.2,3.0,1.0,0.5,0.4,0.5,2.2,6.1,0
2017,NBA,Dante Cunningham,cunnida01,29.0,NOP,PF,66,35.0,25.0,2.6,5.4,0.485,1.1,2.7,0.392,1.6,2.7,0.579,0.584,0.2,0.4,0.593,0.8,3.3,4.2,0.6,0.6,0.4,0.4,1.5,6.6,0
2018,NBA,Dante Cunningham,cunnida01,30.0,2TM,SF,73,25.0,21.4,2.2,5.0,0.451,0.8,2.3,0.345,1.5,2.7,0.541,0.53,0.4,0.7,0.596,1.1,3.0,4.1,0.7,0.5,0.4,0.5,1.5,5.7,0
2019,NBA,Dante Cunningham,cunnida01,31.0,SAS,PF,64,21.0,14.5,1.2,2.5,0.475,0.5,1.0,0.462,0.7,1.5,0.484,0.57,0.2,0.3,0.778,0.8,2.2,2.9,0.8,0.4,0.2,0.3,1.1,3.0,0
2015,NBA,Dante Exum,exumda01,19.0,UTA,PG,82,41.0,22.2,1.8,5.1,0.349,1.0,3.2,0.314,0.8,1.9,0.408,0.448,0.2,0.4,0.625,0.3,1.3,1.6,2.4,0.5,0.2,1.4,1.8,4.8,0
2017,NBA,Dante Exum,exumda01,21.0,UTA,PG,66,26.0,18.6,2.3,5.5,0.427,0.7,2.3,0.295,1.7,3.2,0.519,0.488,0.9,1.1,0.795,0.5,1.5,2.0,1.7,0.3,0.2,1.2,2.2,6.2,0
2019,NBA,Dante Exum,exumda01,23.0,UTA,PG,42,1.0,15.8,2.4,5.7,0.419,0.4,1.5,0.29,2.0,4.3,0.464,0.456,1.6,2.0,0.791,0.4,1.2,1.6,2.6,0.3,0.1,1.2,1.6,6.9,0
2020,NBA,Dante Exum,exumda01,24.0,2TM,SG,35,1.0,13.9,1.6,3.4,0.471,0.4,1.2,0.349,1.2,2.2,0.539,0.534,0.9,1.2,0.744,0.3,1.6,1.9,1.1,0.4,0.2,0.9,1.1,4.5,0
2024,NBA,Dante Exum,exumda01,28.0,DAL,PG,55,17.0,19.8,2.9,5.5,0.533,1.0,2.0,0.491,2.0,3.5,0.557,0.621,1.0,1.2,0.779,0.5,2.3,2.7,2.9,0.4,0.1,0.9,1.5,7.8,0
2018,NBA,Danuel House Jr.,houseda01,24.0,PHO,SG,23,3.0,17.5,2.4,5.6,0.434,0.7,2.5,0.259,1.8,3.1,0.577,0.492,1.1,1.3,0.806,0.6,2.7,3.3,1.1,0.3,0.3,0.5,1.0,6.6,0
2019,NBA,Danuel House Jr.,houseda01,25.0,HOU,SF,39,13.0,25.1,3.0,6.5,0.468,1.9,4.6,0.416,1.1,1.9,0.595,0.615,1.4,1.8,0.789,0.6,2.9,3.6,1.0,0.5,0.3,0.9,2.1,9.4,0
2020,NBA,Danuel House Jr.,houseda01,26.0,HOU,SF,63,52.0,30.4,3.7,8.6,0.427,2.0,5.6,0.363,1.6,2.9,0.549,0.546,1.2,1.4,0.811,0.9,3.3,4.2,1.3,1.1,0.5,0.9,2.1,10.5,0
2021,NBA,Danuel House Jr.,houseda01,27.0,HOU,SF,36,23.0,25.9,3.1,7.6,0.404,1.5,4.3,0.346,1.6,3.2,0.483,0.504,1.1,1.8,0.651,0.5,3.2,3.7,1.9,0.6,0.4,1.0,1.9,8.8,0
2022,NBA,Danuel House Jr.,houseda01,28.0,3TM,SF,42,7.0,17.3,1.9,4.7,0.404,1.0,2.8,0.376,0.9,1.9,0.444,0.515,1.0,1.4,0.759,0.4,2.2,2.6,1.0,0.5,0.4,0.8,1.2,5.9,0
2023,NBA,Danuel House Jr.,houseda01,29.0,PHI,SF,56,5.0,14.4,1.7,3.5,0.472,0.7,2.0,0.336,1.0,1.6,0.644,0.566,0.8,1.1,0.75,0.2,1.5,1.7,0.8,0.3,0.2,0.5,1.2,4.8,0
2024,NBA,Danuel House Jr.,houseda01,30.0,PHI,SF,34,4.0,15.0,1.4,3.1,0.448,0.4,1.5,0.3,0.9,1.6,0.582,0.519,1.0,1.4,0.761,0.5,1.2,1.7,0.8,0.4,0.1,0.6,1.3,4.2,0
2017,NBA,Dario Šarić,saricda01,22.0,PHI,PF,81,36.0,26.3,4.7,11.4,0.411,1.3,4.2,0.311,3.4,7.2,0.469,0.468,2.1,2.7,0.782,1.4,5.0,6.3,2.2,0.7,0.4,2.3,2.0,12.8,0
2018,NBA,Dario Šarić,saricda01,23.0,PHI,PF,78,73.0,29.6,5.2,11.4,0.453,2.0,5.1,0.393,3.2,6.3,0.501,0.541,2.3,2.7,0.86,2.0,4.7,6.7,2.6,0.7,0.3,1.9,2.1,14.6,0
2019,NBA,Dario Šarić,saricda01,24.0,2TM,PF,81,41.0,25.0,3.8,8.6,0.437,1.5,4.0,0.365,2.3,4.6,0.499,0.522,1.6,1.9,0.88,1.6,4.1,5.6,1.6,0.6,0.1,1.2,2.2,10.6,0
2020,NBA,Dario Šarić,saricda01,25.0,PHO,PF,66,51.0,24.7,3.9,8.2,0.476,1.3,3.6,0.357,2.6,4.6,0.568,0.554,1.6,1.9,0.844,1.5,4.6,6.2,1.9,0.6,0.2,1.3,2.4,10.7,0
2021,NBA,Dario Šarić,saricda01,26.0,PHO,C,50,4.0,17.4,3.1,6.8,0.447,0.9,2.7,0.348,2.1,4.1,0.512,0.516,1.7,2.0,0.848,0.9,2.9,3.8,1.3,0.6,0.1,1.1,1.9,8.7,0
2023,NBA,Dario Šarić,saricda01,28.0,2TM,C,57,12.0,14.1,2.2,4.9,0.458,0.8,2.0,0.391,1.4,2.8,0.506,0.54,1.1,1.3,0.829,0.9,2.7,3.6,1.3,0.4,0.1,1.0,1.7,6.4,0
2024,NBA,Dario Šarić,saricda01,29.0,GSW,C,64,9.0,17.2,2.8,6.1,0.466,1.2,3.1,0.376,1.7,3.0,0.56,0.562,1.2,1.5,0.849,1.1,3.3,4.4,2.3,0.5,0.2,1.2,1.8,8.0,0
2020,NBA,Darius Bazley,bazleda01,19.0,OKC,PF,61,9.0,18.5,2.0,5.2,0.394,0.8,2.3,0.348,1.2,2.9,0.432,0.472,0.7,1.0,0.694,0.5,3.5,4.0,0.7,0.4,0.7,0.7,0.9,5.6,0
2021,NBA,Darius Bazley,bazleda01,20.0,OKC,PF,55,55.0,31.2,5.0,12.5,0.396,1.5,5.2,0.29,3.5,7.3,0.47,0.456,2.3,3.2,0.702,0.9,6.3,7.2,1.8,0.5,0.5,2.2,1.1,13.7,0
2022,NBA,Darius Bazley,bazleda01,21.0,OKC,PF,69,53.0,27.9,4.0,9.4,0.422,1.2,3.9,0.297,2.8,5.5,0.511,0.484,1.7,2.5,0.688,1.0,5.3,6.3,1.4,0.8,1.0,1.3,1.0,10.8,0
2023,NBA,Darius Bazley,bazleda01,22.0,2TM,C,43,1.0,14.3,1.9,4.3,0.454,0.5,1.2,0.377,1.5,3.0,0.485,0.508,0.9,1.6,0.543,0.8,2.4,3.2,0.9,0.5,0.8,0.6,1.0,5.2,0
2020,NBA,Darius Garland,garlada01,20.0,CLE,SG,59,59.0,30.9,4.7,11.8,0.401,1.8,5.0,0.355,3.0,6.8,0.434,0.476,1.1,1.2,0.875,0.5,1.4,1.9,3.9,0.7,0.1,2.6,1.6,12.3,0
2021,NBA,Darius Garland,garlada01,21.0,CLE,PG,54,50.0,33.1,6.7,14.9,0.451,1.9,4.9,0.395,4.8,9.9,0.479,0.517,2.1,2.4,0.848,0.4,2.0,2.4,6.1,1.2,0.1,3.0,2.0,17.4,0
2022,NBA,Darius Garland,garlada01,22.0,CLE,PG,68,68.0,35.7,8.0,17.3,0.462,2.6,6.7,0.383,5.4,10.6,0.512,0.536,3.2,3.5,0.892,0.6,2.7,3.3,8.6,1.3,0.1,3.6,1.7,21.7,1
2023,NBA,Darius Garland,garlada01,23.0,CLE,PG,69,69.0,35.5,7.6,16.4,0.462,2.4,6.0,0.41,5.1,10.4,0.492,0.537,4.0,4.7,0.863,0.4,2.3,2.7,7.8,1.2,0.1,2.9,2.1,21.6,0
2024,NBA,Darius Garland,garlada01,24.0,CLE,PG,57,57.0,33.4,6.6,14.8,0.446,2.3,6.2,0.371,4.3,8.5,0.501,0.524,2.6,3.1,0.834,0.5,2.1,2.7,6.5,1.3,0.1,3.1,1.7,18.0,0
2018,NBA,Darius Miller,milleda01,27.0,NOP,SF,82,3.0,23.7,2.6,5.9,0.444,1.8,4.4,0.411,0.8,1.6,0.535,0.594,0.7,0.8,0.866,0.2,1.8,2.0,1.4,0.3,0.2,0.7,2.0,7.8,0
2019,NBA,Darius Miller,milleda01,28.0,NOP,SF,69,15.0,25.5,2.7,7.0,0.39,1.9,5.3,0.365,0.8,1.7,0.467,0.528,0.8,1.0,0.789,0.2,1.7,1.9,2.1,0.6,0.3,0.9,2.4,8.2,0
2015,NBA,Darius Morris,morrida01,24.0,BRK,PG,38,0.0,7.9,0.9,2.8,0.34,0.2,0.9,0.212,0.8,1.9,0.397,0.373,0.1,0.2,0.444,0.2,0.5,0.7,1.3,0.2,0.0,0.6,0.5,2.2,0
2015,NBA,Darrell Arthur,arthuda01,26.0,DEN,PF,58,4.0,17.0,2.7,6.6,0.404,0.4,1.9,0.236,2.2,4.7,0.471,0.438,0.8,1.0,0.78,0.9,2.0,2.9,1.0,0.8,0.4,0.8,2.5,6.6,0
2016,NBA,Darrell Arthur,arthuda01,27.0,DEN,PF,70,16.0,21.7,3.2,7.0,0.452,0.6,1.7,0.385,2.5,5.3,0.473,0.498,0.6,0.8,0.755,1.2,3.0,4.2,1.4,0.8,0.7,0.9,2.6,7.5,0
2017,NBA,Darrell Arthur,arthuda01,28.0,DEN,PF,41,7.0,15.6,2.3,5.2,0.442,1.3,2.9,0.453,1.0,2.4,0.429,0.565,0.5,0.5,0.864,0.6,2.1,2.7,1.0,0.5,0.5,0.9,1.9,6.4,0
2015,NBA,Darren Collison,collida01,27.0,SAC,PG,45,45.0,34.8,5.8,12.2,0.473,1.3,3.6,0.373,4.4,8.6,0.514,0.527,3.2,4.1,0.788,0.4,2.8,3.2,5.6,1.5,0.3,2.5,2.1,16.1,0
2016,NBA,Darren Collison,collida01,28.0,SAC,PG,74,15.0,30.0,5.1,10.5,0.486,1.2,2.9,0.401,3.9,7.6,0.519,0.542,2.6,3.1,0.858,0.4,1.9,2.3,4.3,1.0,0.1,1.8,1.9,14.0,0
2017,NBA,Darren Collison,collida01,29.0,SAC,PG,68,64.0,30.3,5.0,10.5,0.476,1.1,2.6,0.417,3.9,7.9,0.495,0.527,2.2,2.5,0.86,0.3,1.9,2.2,4.6,1.0,0.1,1.7,1.8,13.2,0
2018,NBA,Darren Collison,collida01,30.0,IND,PG,69,64.0,29.2,4.6,9.2,0.495,1.4,3.0,0.468,3.2,6.3,0.508,0.571,1.8,2.1,0.882,0.5,2.0,2.6,5.3,1.3,0.2,1.2,1.8,12.4,0
2019,NBA,Darren Collison,collida01,31.0,IND,PG,76,76.0,28.2,4.1,8.7,0.467,1.0,2.6,0.407,3.0,6.1,0.492,0.527,2.1,2.5,0.832,0.5,2.6,3.1,6.0,1.4,0.1,1.6,1.8,11.2,0
2016,NBA,Darrun Hilliard,hillida01,22.0,DET,SG,38,2.0,10.1,1.4,3.4,0.397,0.5,1.3,0.38,0.9,2.1,0.407,0.469,0.8,1.1,0.725,0.1,1.1,1.2,0.7,0.2,0.0,0.5,0.7,4.0,0
2017,NBA,Darrun Hilliard,hillida01,23.0,DET,SG,39,1.0,9.8,1.2,3.2,0.373,0.3,1.2,0.261,0.9,2.1,0.438,0.421,0.5,0.7,0.75,0.1,0.8,0.8,0.8,0.3,0.1,0.7,1.0,3.3,0
2022,NBA,David Duke Jr.,dukeda01,22.0,BRK,PG,22,7.0,15.5,1.8,4.9,0.361,0.4,1.7,0.243,1.4,3.2,0.423,0.403,0.8,1.0,0.81,1.4,1.7,3.0,0.8,0.6,0.3,0.4,1.6,4.7,0
2023,NBA,David Duke Jr.,dukeda01,23.0,BRK,SG,23,0.0,9.9,1.6,3.4,0.462,0.0,0.5,0.083,1.5,2.9,0.53,0.468,0.5,0.7,0.706,0.5,0.8,1.3,0.9,0.4,0.0,0.8,1.3,3.7,0
2015,NBA,David Lee,leeda02,31.0,GSW,PF,49,4.0,18.4,3.3,6.4,0.511,0.0,0.0,0.0,3.3,6.3,0.514,0.511,1.4,2.1,0.654,1.7,3.6,5.2,1.7,0.6,0.5,1.0,1.7,7.9,0
2016,NBA,David Lee,leeda02,32.0,2TM,PF,55,5.0,16.4,3.2,6.1,0.531,0.0,0.0,0.0,3.2,6.1,0.533,0.531,1.3,1.7,0.763,1.8,3.7,5.5,1.5,0.4,0.5,1.2,2.1,7.8,0
2017,NBA,David Lee,leeda02,33.0,SAS,PF,79,10.0,18.7,3.1,5.3,0.59,0.0,0.0,0.0,3.1,5.3,0.59,0.59,1.0,1.4,0.708,1.9,3.7,5.6,1.6,0.4,0.5,1.0,1.6,7.3,0
2017,NBA,David Nwaba,nwabada01,24.0,LAL,SG,20,2.0,19.9,2.4,4.1,0.58,0.1,0.3,0.2,2.3,3.8,0.605,0.586,1.3,2.0,0.641,0.9,2.3,3.2,0.7,0.7,0.4,0.6,1.8,6.0,0
2018,NBA,David Nwaba,nwabada01,25.0,CHI,SG,70,21.0,23.5,2.9,6.0,0.478,0.3,0.7,0.346,2.6,5.3,0.496,0.499,1.9,2.9,0.655,1.3,3.4,4.7,1.5,0.8,0.4,1.1,2.3,7.9,0
2019,NBA,David Nwaba,nwabada01,26.0,CLE,SF,51,14.0,19.3,2.5,5.1,0.481,0.5,1.5,0.32,2.0,3.7,0.545,0.527,1.1,1.7,0.682,0.8,2.4,3.2,1.1,0.7,0.3,0.6,2.1,6.5,0
2020,NBA,David Nwaba,nwabada01,27.0,BRK,SF,20,0.0,13.4,1.9,3.6,0.521,0.6,1.4,0.429,1.3,2.2,0.581,0.606,0.9,1.4,0.667,0.4,1.9,2.3,0.4,0.6,0.6,0.4,1.6,5.2,0
2021,NBA,David Nwaba,nwabada01,28.0,HOU,SF,30,9.0,22.6,3.5,7.3,0.486,0.6,2.1,0.27,3.0,5.2,0.574,0.525,1.6,2.3,0.691,1.3,2.6,3.9,1.0,1.0,0.7,0.6,2.0,9.2,0
2022,NBA,David Nwaba,nwabada01,29.0,HOU,SF,46,4.0,13.2,1.8,3.8,0.483,0.3,1.1,0.306,1.5,2.8,0.551,0.526,1.0,1.5,0.716,0.9,2.4,3.3,0.8,0.6,0.4,0.5,1.2,5.1,0
2023,NBA,David Roddy,roddyda01,21.0,MEM,PF,70,4.0,18.0,2.6,6.0,0.429,0.9,3.0,0.307,1.6,3.0,0.553,0.506,0.6,0.9,0.631,0.7,2.0,2.8,0.8,0.4,0.3,0.8,1.5,6.7,0
2024,NBA,David Roddy,roddyda01,22.0,2TM,PF,65,13.0,18.1,2.5,6.3,0.403,0.7,2.5,0.293,1.8,3.8,0.478,0.462,0.7,1.0,0.691,0.8,2.4,3.2,1.2,0.4,0.2,0.9,1.1,6.5,0
2015,NBA,David West,westda01,34.0,IND,PF,66,66.0,28.7,4.9,10.4,0.471,0.1,0.3,0.2,4.8,10.1,0.479,0.474,1.8,2.4,0.739,1.6,5.2,6.8,3.4,0.7,0.7,1.8,2.4,11.7,0
2016,NBA,David West,westda01,35.0,SAS,PF,78,19.0,18.0,3.1,5.7,0.545,0.0,0.1,0.429,3.1,5.7,0.546,0.548,0.8,1.0,0.788,0.9,3.0,4.0,1.8,0.6,0.7,0.9,1.8,7.1,0
2017,NBA,David West,westda01,36.0,GSW,C,68,0.0,12.6,2.0,3.7,0.536,0.0,0.1,0.375,1.9,3.6,0.541,0.542,0.6,0.8,0.768,0.7,2.3,3.0,2.2,0.6,0.7,1.1,1.5,4.6,0
2018,NBA,David West,westda01,37.0,GSW,C,73,0.0,13.7,3.0,5.2,0.571,0.0,0.1,0.375,2.9,5.1,0.576,0.575,0.8,1.1,0.759,0.9,2.4,3.3,1.9,0.6,1.0,1.1,1.6,6.8,0
2022,NBA,Davion Mitchell,mitchda01,23.0,SAC,PG,75,19.0,27.7,4.7,11.2,0.418,1.3,4.3,0.316,3.3,7.0,0.48,0.477,0.7,1.1,0.659,0.4,1.8,2.2,4.2,0.7,0.3,1.5,1.9,11.5,0
2023,NBA,Davion Mitchell,mitchda01,24.0,SAC,PG,80,9.0,18.1,2.3,5.0,0.454,0.8,2.5,0.32,1.5,2.5,0.584,0.533,0.3,0.4,0.806,0.2,1.1,1.3,2.3,0.6,0.2,0.8,1.4,5.6,0
2024,NBA,Davion Mitchell,mitchda01,25.0,SAC,PG,72,4.0,15.3,2.0,4.5,0.452,0.8,2.2,0.361,1.2,2.3,0.539,0.54,0.4,0.6,0.714,0.3,1.1,1.3,1.9,0.2,0.0,0.6,1.2,5.3,0
2018,NBA,Davon Reed,reedda01,22.0,PHO,SG,21,1.0,11.5,1.0,3.6,0.289,0.5,1.8,0.289,0.5,1.8,0.289,0.362,0.4,0.6,0.667,0.1,1.8,1.9,0.6,0.5,0.1,0.5,0.8,3.0,0
2022,NBA,Davon Reed,reedda01,26.0,DEN,SG,48,5.0,13.9,1.7,3.4,0.503,0.8,1.8,0.43,0.9,1.6,0.587,0.618,0.2,0.3,0.667,0.3,2.0,2.3,1.1,0.5,0.2,0.3,1.3,4.4,0
2023,NBA,Davon Reed,reedda01,27.0,2TM,SG,43,1.0,8.0,0.7,2.0,0.333,0.4,1.1,0.37,0.3,0.9,0.289,0.435,0.4,0.6,0.667,0.2,1.1,1.4,0.5,0.3,0.1,0.5,0.9,2.1,0
2022,NBA,Day'Ron Sharpe,sharpda01,20.0,BRK,PF,32,8.0,12.2,2.7,4.7,0.577,0.1,0.2,0.286,2.6,4.4,0.592,0.584,0.8,1.3,0.585,2.5,2.5,5.0,0.5,0.3,0.5,0.9,1.9,6.2,0
2023,NBA,Day'Ron Sharpe,sharpda01,21.0,BRK,C,48,3.0,11.5,1.9,3.6,0.544,0.1,0.2,0.545,1.8,3.3,0.544,0.561,0.7,1.1,0.636,2.1,2.1,4.2,0.8,0.3,0.7,0.9,1.9,4.7,0
2024,NBA,Day'Ron Sharpe,sharpda01,22.0,BRK,C,61,1.0,15.1,2.8,4.8,0.571,0.1,0.2,0.267,2.7,4.6,0.588,0.578,1.2,2.0,0.61,2.6,3.7,6.4,1.4,0.4,0.7,1.1,2.1,6.8,0
2018,NBA,De'Aaron Fox,foxde01,20.0,SAC,PG,73,61.0,27.8,4.5,10.9,0.412,0.6,2.1,0.307,3.8,8.8,0.436,0.441,1.9,2.7,0.723,0.5,2.3,2.8,4.4,1.0,0.3,2.4,2.2,11.6,0
2019,NBA,De'Aaron Fox,foxde01,21.0,SAC,PG,81,81.0,31.4,6.2,13.6,0.458,1.1,2.9,0.371,5.2,10.7,0.482,0.497,3.7,5.1,0.727,0.5,3.2,3.8,7.3,1.6,0.6,2.8,2.5,17.3,0
2020,NBA,De'Aaron Fox,foxde01,22.0,SAC,PG,51,49.0,32.0,7.7,16.0,0.48,1.1,3.6,0.292,6.6,12.4,0.535,0.513,4.7,6.7,0.705,0.7,3.2,3.8,6.8,1.5,0.5,3.1,2.8,21.1,0
2021,NBA,De'Aaron Fox,foxde01,23.0,SAC,PG,58,58.0,35.1,9.1,19.1,0.477,1.8,5.5,0.322,7.3,13.6,0.539,0.523,5.2,7.2,0.719,0.6,2.9,3.5,7.2,1.5,0.5,3.0,2.9,25.2,0
2022,NBA,De'Aaron Fox,foxde01,24.0,SAC,PG,59,59.0,35.3,8.7,18.5,0.473,1.3,4.2,0.297,7.5,14.3,0.524,0.506,4.4,5.9,0.75,0.4,3.5,3.9,5.6,1.2,0.4,2.8,2.9,23.2,0
2023,NBA,De'Aaron Fox,foxde01,25.0,SAC,PG,73,73.0,33.4,9.3,18.2,0.512,1.6,5.0,0.324,7.7,13.2,0.584,0.557,4.7,6.0,0.78,0.5,3.6,4.2,6.1,1.1,0.3,2.5,2.4,25.0,1
2024,NBA,De'Aaron Fox,foxde01,26.0,SAC,PG,74,74.0,35.9,9.7,20.9,0.465,2.9,7.8,0.369,6.8,13.1,0.522,0.534,4.2,5.7,0.738,0.9,3.7,4.6,5.6,2.0,0.4,2.6,2.6,26.6,0
2020,NBA,De'Andre Hunter,huntede01,22.0,ATL,SF,63,62.0,32.0,4.4,10.8,0.41,1.7,4.8,0.355,2.7,6.0,0.454,0.489,1.7,2.3,0.764,0.7,3.8,4.5,1.8,0.7,0.3,1.6,2.9,12.3,0
2021,NBA,De'Andre Hunter,huntede01,23.0,ATL,SF,23,19.0,29.5,5.2,10.8,0.484,1.3,4.1,0.326,3.9,6.7,0.582,0.546,3.2,3.7,0.859,0.7,4.0,4.8,1.9,0.8,0.5,1.3,2.6,15.0,0
2022,NBA,De'Andre Hunter,huntede01,24.0,ATL,SF,53,52.0,29.8,4.8,10.8,0.442,1.4,3.7,0.379,3.4,7.2,0.474,0.506,2.4,3.1,0.765,0.5,2.8,3.3,1.3,0.7,0.4,1.3,2.9,13.4,0
2023,NBA,De'Andre Hunter,huntede01,25.0,ATL,SF,67,67.0,31.7,5.7,12.3,0.461,1.5,4.3,0.35,4.2,8.0,0.521,0.522,2.6,3.1,0.826,0.7,3.6,4.2,1.4,0.5,0.3,1.2,3.0,15.4,0
2024,NBA,De'Andre Hunter,huntede01,26.0,ATL,SF,57,37.0,29.5,5.3,11.6,0.459,2.1,5.3,0.385,3.3,6.3,0.521,0.547,2.9,3.4,0.847,0.5,3.4,3.9,1.5,0.7,0.3,1.5,2.6,15.6,0
2019,NBA,De'Anthony Melton,meltode01,20.0,PHO,PG,50,31.0,19.7,2.0,5.1,0.391,0.6,1.9,0.305,1.4,3.2,0.441,0.447,0.4,0.6,0.75,0.5,2.2,2.7,3.2,1.4,0.5,1.5,2.3,5.0,0
2020,NBA,De'Anthony Melton,meltode01,21.0,MEM,PG,60,8.0,19.5,2.7,6.7,0.401,0.7,2.3,0.286,2.0,4.4,0.464,0.451,1.6,2.0,0.769,0.7,3.0,3.7,2.9,1.3,0.3,1.4,1.8,7.6,0
2021,NBA,De'Anthony Melton,meltode01,22.0,MEM,PG,52,1.0,20.1,3.3,7.6,0.438,1.7,4.1,0.412,1.6,3.5,0.467,0.548,0.8,1.0,0.804,0.6,2.5,3.1,2.5,1.2,0.6,1.3,1.6,9.1,0
2022,NBA,De'Anthony Melton,meltode01,23.0,MEM,SG,73,15.0,22.7,3.8,9.5,0.404,1.9,5.1,0.374,1.9,4.4,0.44,0.504,1.2,1.6,0.75,0.9,3.6,4.5,2.7,1.4,0.5,1.5,1.8,10.8,0
2023,NBA,De'Anthony Melton,meltode01,24.0,PHI,SG,77,58.0,27.9,3.6,8.5,0.425,2.0,5.2,0.39,1.6,3.2,0.484,0.546,0.9,1.1,0.793,0.9,3.2,4.1,2.6,1.6,0.5,1.3,2.5,10.1,0
2024,NBA,De'Anthony Melton,meltode01,25.0,PHI,SG,38,33.0,26.9,3.7,9.5,0.386,2.0,5.6,0.36,1.6,3.8,0.425,0.493,1.7,2.1,0.835,0.7,3.0,3.7,3.0,1.6,0.4,1.0,2.2,11.1,0
2015,NBA,DeAndre Jordan,jordade01,26.0,LAC,C,82,82.0,34.4,4.6,6.5,0.71,0.0,0.0,0.25,4.6,6.5,0.713,0.711,2.3,5.7,0.397,4.8,10.1,15.0,0.7,1.0,2.2,1.3,3.0,11.5,0
2016,NBA,DeAndre Jordan,jordade01,27.0,LAC,C,77,77.0,33.7,4.6,6.6,0.703,0.0,0.0,0.0,4.6,6.6,0.704,0.703,3.5,8.0,0.43,3.5,10.3,13.8,1.2,0.7,2.3,1.4,2.7,12.7,0
2017,NBA,DeAndre Jordan,jordade01,28.0,LAC,C,81,81.0,31.7,5.1,7.1,0.714,0.0,0.0,0.0,5.1,7.1,0.717,0.714,2.5,5.2,0.482,3.7,10.1,13.8,1.2,0.6,1.7,1.4,2.6,12.7,1
2018,NBA,DeAndre Jordan,jordade01,29.0,LAC,C,77,77.0,31.5,4.8,7.5,0.645,0.0,0.0,0.0,4.8,7.5,0.645,0.645,2.4,4.1,0.58,4.3,10.9,15.2,1.5,0.5,0.9,1.8,2.6,12.0,0
2019,NBA,DeAndre Jordan,jordade01,30.0,2TM,C,69,69.0,29.7,4.1,6.5,0.641,0.0,0.0,0.0,4.1,6.5,0.641,0.641,2.7,3.8,0.705,3.3,9.8,13.1,2.3,0.6,1.1,2.2,2.4,11.0,0
2020,NBA,DeAndre Jordan,jordade01,31.0,BRK,C,56,6.0,22.0,3.4,5.1,0.666,0.0,0.0,0.0,3.4,5.1,0.666,0.666,1.5,2.2,0.68,2.5,7.5,10.0,1.9,0.3,0.9,1.3,2.0,8.3,0
2021,NBA,DeAndre Jordan,jordade01,32.0,BRK,C,57,43.0,21.9,3.3,4.4,0.763,0.0,0.0,0.0,3.3,4.4,0.766,0.763,0.8,1.6,0.5,2.1,5.4,7.5,1.6,0.3,1.1,1.5,2.0,7.5,0
2022,NBA,DeAndre Jordan,jordade01,33.0,2TM,C,48,20.0,13.0,1.9,3.0,0.643,0.0,0.0,0.0,1.9,3.0,0.643,0.643,0.5,0.8,0.55,1.7,3.8,5.5,0.4,0.3,0.7,0.8,1.5,4.3,0
2023,NBA,DeAndre Jordan,jordade01,34.0,DEN,C,39,8.0,15.0,2.3,2.9,0.765,0.0,0.0,1.0,2.2,2.9,0.763,0.77,0.6,1.2,0.458,1.3,3.8,5.2,0.9,0.3,0.6,1.2,1.8,5.1,0
2024,NBA,DeAndre Jordan,jordade01,35.0,DEN,C,36,2.0,11.0,1.6,2.6,0.624,0.0,0.0,0.0,1.6,2.6,0.624,0.624,0.7,1.5,0.491,1.5,2.9,4.4,0.7,0.2,0.4,0.6,1.6,3.9,0
2017,NBA,DeAndre Liggins,liggide01,28.0,2TM,SG,62,19.0,12.5,0.9,2.3,0.387,0.3,0.7,0.37,0.6,1.5,0.396,0.447,0.4,0.6,0.625,0.3,1.4,1.7,0.9,0.8,0.2,0.7,1.3,2.5,0
2018,NBA,DeAndre Liggins,liggide01,29.0,2TM,SG,58,4.0,12.5,0.7,1.8,0.377,0.3,0.9,0.358,0.4,0.9,0.396,0.467,0.0,0.1,0.4,0.1,1.2,1.3,0.8,0.6,0.2,0.3,1.4,1.7,0
2017,NBA,DeAndre' Bembry,bembrde01,22.0,ATL,SF,38,1.0,9.8,1.2,2.6,0.48,0.0,0.5,0.056,1.2,2.1,0.575,0.485,0.2,0.4,0.375,0.4,1.2,1.6,0.7,0.2,0.1,0.4,0.6,2.7,0
2018,NBA,DeAndre' Bembry,bembrde01,23.0,ATL,SF,26,3.0,17.5,2.0,4.9,0.414,0.4,1.2,0.367,1.6,3.8,0.429,0.457,0.7,1.3,0.576,0.3,2.5,2.8,1.9,0.8,0.5,1.8,1.5,5.2,0
2019,NBA,DeAndre' Bembry,bembrde01,24.0,ATL,SG,82,15.0,23.5,3.4,7.5,0.446,0.6,2.1,0.289,2.7,5.4,0.508,0.487,1.1,1.7,0.64,0.7,3.7,4.4,2.5,1.3,0.5,1.7,2.3,8.4,0
2020,NBA,DeAndre' Bembry,bembrde01,25.0,ATL,SG,43,4.0,21.3,2.4,5.3,0.456,0.3,1.5,0.231,2.1,3.8,0.546,0.489,0.6,1.1,0.542,0.8,2.7,3.5,1.9,1.3,0.4,1.4,2.0,5.8,0
2021,NBA,DeAndre' Bembry,bembrde01,26.0,TOR,SF,51,12.0,19.1,2.3,4.5,0.513,0.3,1.0,0.264,2.0,3.4,0.589,0.544,0.9,1.3,0.682,0.6,2.2,2.9,2.1,1.0,0.4,1.4,1.7,5.7,0
2022,NBA,DeAndre' Bembry,bembrde01,27.0,2TM,SF,56,20.0,18.3,2.2,3.9,0.561,0.3,0.6,0.417,1.9,3.3,0.589,0.595,0.4,0.6,0.6,0.8,2.2,2.9,1.2,0.9,0.4,0.6,2.0,5.1,0
2015,NBA,DeJuan Blair,blairde01,25.0,WAS,PF,29,0.0,6.2,0.9,2.0,0.456,0.0,0.0,0.0,0.9,2.0,0.456,0.456,0.1,0.2,0.667,0.6,1.4,1.9,0.1,0.2,0.0,0.4,1.4,1.9,0
2016,NBA,DeJuan Blair,blairde01,26.0,WAS,C,29,0.0,7.5,1.0,2.3,0.412,0.0,0.0,0.0,1.0,2.3,0.418,0.412,0.2,0.4,0.385,0.7,1.3,2.0,0.4,0.3,0.1,0.5,1.8,2.1,0
2015,NBA,DeMar DeRozan,derozde01,25.0,TOR,SG,60,60.0,35.0,6.8,16.5,0.413,0.4,1.5,0.284,6.4,15.0,0.426,0.426,6.0,7.2,0.832,0.7,3.9,4.6,3.5,1.2,0.2,2.3,2.0,20.1,0
2016,NBA,DeMar DeRozan,derozde01,26.0,TOR,SG,78,78.0,35.9,7.9,17.7,0.446,0.6,1.8,0.338,7.3,15.9,0.458,0.463,7.1,8.4,0.85,0.8,3.7,4.5,4.0,1.0,0.3,2.2,2.1,23.5,1
2017,NBA,DeMar DeRozan,derozde01,27.0,TOR,SG,74,74.0,35.4,9.7,20.9,0.467,0.4,1.7,0.266,9.3,19.2,0.484,0.477,7.4,8.7,0.842,0.9,4.3,5.2,3.9,1.1,0.2,2.4,1.8,27.3,1
2018,NBA,DeMar DeRozan,derozde01,28.0,TOR,SG,80,80.0,33.9,8.1,17.7,0.456,1.1,3.6,0.31,7.0,14.1,0.494,0.488,5.8,7.0,0.825,0.7,3.2,3.9,5.2,1.1,0.3,2.2,1.9,23.0,1
2019,NBA,DeMar DeRozan,derozde01,29.0,SAS,SG,77,77.0,34.9,8.2,17.1,0.481,0.1,0.6,0.156,8.1,16.5,0.492,0.483,4.8,5.7,0.83,0.7,5.3,6.0,6.2,1.1,0.5,2.6,2.3,21.2,0
2020,NBA,DeMar DeRozan,derozde01,30.0,SAS,SF,68,68.0,34.1,8.2,15.4,0.531,0.1,0.5,0.257,8.1,14.9,0.54,0.535,5.6,6.6,0.845,0.6,4.9,5.5,5.6,1.0,0.3,2.4,2.6,22.1,0
2021,NBA,DeMar DeRozan,derozde01,31.0,SAS,PF,61,61.0,33.7,7.5,15.1,0.495,0.3,1.2,0.257,7.1,13.9,0.515,0.505,6.3,7.2,0.88,0.7,3.6,4.2,6.9,0.9,0.2,2.0,2.1,21.6,0
2022,NBA,DeMar DeRozan,derozde01,32.0,CHI,PF,76,76.0,36.1,10.2,20.2,0.504,0.7,1.9,0.352,9.5,18.3,0.52,0.521,6.8,7.8,0.877,0.7,4.4,5.2,4.9,0.9,0.3,2.4,2.3,27.9,1
2023,NBA,DeMar DeRozan,derozde01,33.0,CHI,SF,74,74.0,36.2,8.9,17.6,0.504,0.6,1.9,0.324,8.3,15.7,0.526,0.522,6.2,7.1,0.872,0.5,4.2,4.6,5.1,1.1,0.5,2.1,2.5,24.5,1
2024,NBA,DeMar DeRozan,derozde01,34.0,CHI,SF,79,79.0,37.8,8.2,17.2,0.48,0.9,2.8,0.333,7.3,14.3,0.509,0.507,6.6,7.7,0.853,0.5,3.8,4.3,5.3,1.1,0.6,1.7,2.0,24.0,0
2015,NBA,DeMarcus Cousins,couside01,24.0,SAC,C,59,59.0,34.1,8.4,18.1,0.467,0.0,0.1,0.25,8.4,17.9,0.469,0.468,7.2,9.2,0.782,3.1,9.5,12.7,3.6,1.5,1.7,4.3,4.1,24.1,1
2016,NBA,DeMarcus Cousins,couside01,25.0,SAC,C,65,65.0,34.6,9.2,20.5,0.451,1.1,3.2,0.333,8.2,17.3,0.473,0.477,7.3,10.2,0.718,2.4,9.1,11.5,3.3,1.6,1.4,3.8,3.6,26.9,1
2017,NBA,DeMarcus Cousins,couside01,26.0,2TM,C,72,72.0,34.2,9.0,19.9,0.452,1.8,5.0,0.361,7.2,14.8,0.483,0.498,7.2,9.3,0.772,2.1,8.9,11.0,4.6,1.4,1.3,3.7,3.9,27.0,1
2018,NBA,DeMarcus Cousins,couside01,27.0,NOP,C,48,48.0,36.2,8.5,18.0,0.47,2.2,6.1,0.354,6.3,11.9,0.53,0.53,6.1,8.2,0.746,2.2,10.7,12.9,5.4,1.6,1.6,5.0,3.8,25.2,1
2019,NBA,DeMarcus Cousins,couside01,28.0,GSW,C,30,30.0,25.7,5.9,12.4,0.48,0.9,3.2,0.274,5.1,9.2,0.551,0.515,3.5,4.8,0.736,1.4,6.8,8.2,3.6,1.3,1.5,2.4,3.6,16.3,0
2021,NBA,DeMarcus Cousins,couside01,30.0,2TM,C,41,11.0,17.4,3.2,7.4,0.426,1.1,3.3,0.348,2.0,4.1,0.488,0.503,1.4,2.0,0.728,1.3,5.1,6.4,1.9,0.8,0.6,1.6,2.6,8.9,0
2022,NBA,DeMarcus Cousins,couside01,31.0,2TM,C,48,7.0,15.0,3.1,6.8,0.46,0.8,2.5,0.303,2.3,4.2,0.554,0.517,2.0,2.6,0.76,1.5,4.1,5.6,1.5,0.7,0.4,1.8,2.9,9.0,0
2015,NBA,DeMarre Carroll,carrode01,28.0,ATL,SF,70,69.0,31.3,4.5,9.3,0.487,1.7,4.3,0.395,2.8,5.0,0.567,0.579,1.8,2.6,0.702,1.4,3.9,5.3,1.7,1.3,0.2,1.1,2.2,12.6,0
2016,NBA,DeMarre Carroll,carrode01,29.0,TOR,SF,26,22.0,30.2,4.0,10.4,0.389,1.8,4.5,0.39,2.3,5.8,0.388,0.474,1.2,1.9,0.6,1.2,3.5,4.7,1.0,1.7,0.2,1.1,2.4,11.0,0
2017,NBA,DeMarre Carroll,carrode01,30.0,TOR,SF,72,72.0,26.1,3.1,7.6,0.4,1.5,4.4,0.341,1.5,3.2,0.483,0.499,1.2,1.6,0.761,0.9,2.9,3.8,1.0,1.1,0.4,0.8,2.0,8.9,0
2018,NBA,DeMarre Carroll,carrode01,31.0,BRK,PF,73,73.0,29.9,4.5,10.8,0.414,2.0,5.4,0.371,2.5,5.4,0.457,0.506,2.6,3.4,0.764,1.4,5.1,6.6,2.0,0.8,0.4,1.4,2.3,13.5,0
2019,NBA,DeMarre Carroll,carrode01,32.0,BRK,PF,67,8.0,25.4,3.4,8.6,0.395,1.6,4.6,0.342,1.8,4.0,0.457,0.487,2.7,3.6,0.76,1.0,4.2,5.2,1.3,0.5,0.1,1.1,1.7,11.1,0
2020,NBA,DeMarre Carroll,carrode01,33.0,2TM,C,24,0.0,12.1,1.0,2.8,0.379,0.3,1.4,0.242,0.7,1.4,0.515,0.439,1.2,1.8,0.69,0.5,1.8,2.3,1.0,0.3,0.2,0.7,1.3,3.6,0
2021,NBA,Dean Wade,wadede01,24.0,CLE,PF,63,19.0,19.2,2.1,4.9,0.431,1.2,3.4,0.366,0.9,1.6,0.571,0.556,0.5,0.6,0.769,0.6,2.8,3.4,1.2,0.6,0.3,0.5,1.2,6.0,0
2022,NBA,Dean Wade,wadede01,25.0,CLE,PF,51,28.0,19.2,1.9,4.3,0.456,1.0,2.8,0.359,0.9,1.5,0.64,0.574,0.4,0.6,0.667,0.6,2.3,2.9,1.0,0.6,0.1,0.3,1.7,5.3,0
2023,NBA,Dean Wade,wadede01,26.0,CLE,PF,44,13.0,20.3,1.7,4.0,0.412,1.0,2.9,0.354,0.6,1.1,0.56,0.54,0.3,0.5,0.652,0.5,3.0,3.4,0.8,0.6,0.5,0.4,2.0,4.7,0
2024,NBA,Dean Wade,wadede01,27.0,CLE,PF,54,32.0,20.5,1.8,4.3,0.414,1.5,3.7,0.391,0.3,0.6,0.567,0.584,0.4,0.5,0.769,0.7,3.4,4.0,0.8,0.7,0.5,0.4,1.7,5.4,0
2019,NBA,Deandre Ayton,aytonde01,20.0,PHO,C,71,70.0,30.7,7.2,12.3,0.585,0.0,0.1,0.0,7.2,12.2,0.588,0.585,2.0,2.7,0.746,3.1,7.1,10.3,1.8,0.9,0.9,1.8,2.9,16.3,0
2020,NBA,Deandre Ayton,aytonde01,21.0,PHO,C,38,32.0,32.5,8.2,14.9,0.546,0.1,0.3,0.231,8.1,14.6,0.553,0.548,1.8,2.3,0.753,3.9,7.6,11.5,1.9,0.7,1.5,2.1,3.1,18.2,0
2021,NBA,Deandre Ayton,aytonde01,22.0,PHO,C,69,69.0,30.7,6.2,10.0,0.626,0.1,0.3,0.2,6.2,9.7,0.639,0.629,1.9,2.5,0.769,3.3,7.2,10.5,1.4,0.6,1.2,1.5,2.8,14.4,0
2022,NBA,Deandre Ayton,aytonde01,23.0,PHO,C,58,58.0,29.5,7.6,12.0,0.634,0.1,0.3,0.368,7.5,11.7,0.642,0.639,1.8,2.4,0.746,2.6,7.7,10.2,1.4,0.7,0.7,1.6,2.4,17.2,0
2023,NBA,Deandre Ayton,aytonde01,24.0,PHO,C,67,67.0,30.4,7.8,13.2,0.589,0.1,0.4,0.292,7.7,12.9,0.597,0.592,2.3,3.0,0.76,2.6,7.4,10.0,1.7,0.6,0.8,1.8,2.8,18.0,0
2024,NBA,Deandre Ayton,aytonde01,25.0,POR,C,55,55.0,32.4,7.8,13.6,0.57,0.0,0.2,0.1,7.7,13.4,0.576,0.571,1.2,1.4,0.823,3.2,7.9,11.1,1.6,1.0,0.8,1.8,2.0,16.7,0
2021,NBA,Deividas Sirvydis,sirvyde01,20.0,DET,SG,20,0.0,6.7,0.7,2.0,0.35,0.5,1.4,0.357,0.2,0.6,0.333,0.475,0.2,0.3,0.5,0.0,1.5,1.5,0.3,0.1,0.0,0.3,0.5,2.1,0
2017,NBA,Dejounte Murray,murrade01,20.0,SAS,PG,38,8.0,8.5,1.3,3.1,0.431,0.2,0.6,0.391,1.1,2.4,0.441,0.47,0.6,0.8,0.7,0.2,0.9,1.1,1.3,0.2,0.2,1.0,0.8,3.4,0
2018,NBA,Dejounte Murray,murrade01,21.0,SAS,PG,81,48.0,21.5,3.3,7.5,0.443,0.1,0.4,0.265,3.2,7.1,0.454,0.451,1.3,1.8,0.709,1.4,4.3,5.7,2.9,1.2,0.4,1.7,1.9,8.1,0
2020,NBA,Dejounte Murray,murrade01,23.0,SAS,PG,66,58.0,25.6,4.5,9.7,0.462,0.6,1.7,0.369,3.8,8.0,0.481,0.494,1.4,1.7,0.798,1.0,4.8,5.8,4.1,1.7,0.3,1.9,2.2,10.9,0
2021,NBA,Dejounte Murray,murrade01,24.0,SAS,PG,67,67.0,31.9,6.6,14.5,0.453,0.9,3.0,0.317,5.6,11.6,0.488,0.485,1.6,2.0,0.791,0.9,6.2,7.1,5.4,1.5,0.1,1.7,2.0,15.7,0
2022,NBA,Dejounte Murray,murrade01,25.0,SAS,PG,68,68.0,34.8,8.4,18.3,0.462,1.4,4.3,0.327,7.0,13.9,0.504,0.5,2.9,3.6,0.794,1.2,7.1,8.3,9.2,2.0,0.3,2.6,2.0,21.1,1
2023,NBA,Dejounte Murray,murrade01,26.0,ATL,SG,74,74.0,36.4,8.3,17.8,0.464,1.8,5.2,0.344,6.5,12.6,0.514,0.514,2.1,2.6,0.832,0.7,4.5,5.3,6.1,1.5,0.3,2.2,1.4,20.5,0
2024,NBA,Dejounte Murray,murrade01,27.0,ATL,SG,78,78.0,35.7,8.6,18.8,0.459,2.6,7.1,0.363,6.0,11.7,0.518,0.528,2.7,3.4,0.794,0.8,4.5,5.3,6.4,1.4,0.3,2.6,1.8,22.5,0
2016,NBA,Delon Wright,wrighde01,23.0,TOR,PG,27,1.0,8.5,1.3,3.0,0.45,0.2,0.5,0.385,1.1,2.5,0.463,0.481,1.0,1.3,0.743,0.3,1.1,1.4,1.1,0.3,0.1,0.6,0.3,3.8,0
2017,NBA,Delon Wright,wrighde01,24.0,TOR,PG,27,0.0,16.5,1.8,4.3,0.422,0.4,1.1,0.333,1.4,3.2,0.453,0.466,1.6,2.0,0.764,0.6,1.2,1.8,2.1,1.0,0.4,0.9,1.1,5.6,0
2018,NBA,Delon Wright,wrighde01,25.0,TOR,PG,69,4.0,20.8,2.9,6.3,0.465,0.8,2.2,0.366,2.1,4.0,0.52,0.53,1.4,1.7,0.829,0.7,2.2,2.9,2.9,1.0,0.5,1.1,1.2,8.0,0
2019,NBA,Delon Wright,wrighde01,26.0,2TM,PG,75,13.0,22.7,3.2,7.4,0.434,0.7,2.2,0.298,2.6,5.2,0.492,0.478,1.6,2.0,0.793,0.9,2.6,3.5,3.3,1.2,0.4,1.0,1.4,8.7,0
2020,NBA,Delon Wright,wrighde01,27.0,DAL,PG,73,5.0,21.5,2.6,5.6,0.462,0.6,1.7,0.37,2.0,3.9,0.504,0.519,1.1,1.4,0.77,1.0,2.9,3.8,3.3,1.2,0.3,1.0,1.3,6.9,0
2021,NBA,Delon Wright,wrighde01,28.0,2TM,PG,63,39.0,27.7,3.8,8.2,0.463,1.0,2.7,0.372,2.8,5.5,0.509,0.525,1.6,2.0,0.802,1.0,3.2,4.3,4.4,1.6,0.5,1.3,1.2,10.2,0
2022,NBA,Delon Wright,wrighde01,29.0,ATL,SG,77,8.0,18.9,1.6,3.5,0.454,0.6,1.5,0.379,1.0,2.0,0.51,0.535,0.7,0.8,0.857,0.6,2.2,2.9,2.4,1.2,0.2,0.6,0.7,4.4,0
2023,NBA,Delon Wright,wrighde01,30.0,WAS,PG,50,14.0,24.4,2.8,5.8,0.474,0.8,2.4,0.345,1.9,3.4,0.564,0.545,1.0,1.2,0.867,1.2,2.4,3.6,3.9,1.8,0.3,0.9,1.2,7.4,0
2024,NBA,Delon Wright,wrighde01,31.0,2TM,PG,47,1.0,15.8,1.6,4.0,0.394,0.5,1.4,0.368,1.0,2.6,0.408,0.46,0.8,1.0,0.822,0.4,1.4,1.8,2.5,1.1,0.2,0.3,0.7,4.5,0
2021,NBA,Deni Avdija,avdijde01,20.0,WAS,SF,54,32.0,23.3,2.4,5.8,0.417,1.0,3.1,0.315,1.4,2.7,0.535,0.502,0.5,0.8,0.644,0.4,4.4,4.9,1.2,0.6,0.3,0.6,2.6,6.3,0
2022,NBA,Deni Avdija,avdijde01,21.0,WAS,SF,82,8.0,24.2,3.0,7.1,0.432,1.0,3.2,0.317,2.0,3.9,0.525,0.503,1.3,1.7,0.757,0.6,4.5,5.2,2.0,0.7,0.5,1.1,2.3,8.4,0
2023,NBA,Deni Avdija,avdijde01,22.0,WAS,SF,76,40.0,26.6,3.3,7.6,0.437,0.9,3.1,0.297,2.4,4.6,0.53,0.497,1.6,2.2,0.739,1.0,5.4,6.4,2.8,0.9,0.4,1.6,2.8,9.2,0
2024,NBA,Deni Avdija,avdijde01,23.0,WAS,SF,75,75.0,30.1,5.4,10.7,0.506,1.2,3.1,0.374,4.2,7.6,0.56,0.56,2.7,3.6,0.74,1.1,6.1,7.2,3.8,0.8,0.5,2.1,2.5,14.7,0
2015,NBA,Dennis Schröder,schrode01,21.0,ATL,PG,77,10.0,19.7,3.7,8.6,0.427,0.7,1.9,0.351,3.0,6.7,0.449,0.466,1.9,2.3,0.827,0.4,1.8,2.1,4.1,0.6,0.1,1.9,1.6,10.0,0
2016,NBA,Dennis Schröder,schrode01,22.0,ATL,PG,80,6.0,20.3,4.1,9.8,0.421,1.0,3.0,0.322,3.2,6.8,0.465,0.471,1.8,2.3,0.791,0.3,2.2,2.6,4.4,0.9,0.1,2.3,1.7,11.0,0
2017,NBA,Dennis Schröder,schrode01,23.0,ATL,PG,79,78.0,31.5,6.9,15.4,0.451,1.3,3.7,0.34,5.7,11.6,0.487,0.493,2.8,3.2,0.855,0.5,2.6,3.1,6.3,0.9,0.2,3.3,1.9,17.9,0
2018,NBA,Dennis Schröder,schrode01,24.0,ATL,PG,67,67.0,31.0,7.5,17.1,0.436,1.1,3.9,0.29,6.3,13.2,0.48,0.469,3.4,4.0,0.849,0.7,2.4,3.1,6.2,1.1,0.1,2.7,2.2,19.4,0
2019,NBA,Dennis Schröder,schrode01,25.0,OKC,PG,79,14.0,29.3,5.8,14.0,0.414,1.6,4.6,0.341,4.2,9.4,0.45,0.47,2.4,2.9,0.819,0.5,3.1,3.6,4.1,0.8,0.2,2.2,2.4,15.5,0
2020,NBA,Dennis Schröder,schrode01,26.0,OKC,PG,65,2.0,30.8,7.0,14.8,0.469,1.9,5.0,0.385,5.0,9.8,0.513,0.534,3.0,3.6,0.839,0.3,3.3,3.6,4.0,0.7,0.2,2.6,2.2,18.9,0
2021,NBA,Dennis Schröder,schrode01,27.0,LAL,SG,61,61.0,32.1,5.4,12.5,0.437,1.2,3.5,0.335,4.3,9.0,0.476,0.484,3.4,4.0,0.848,0.5,3.0,3.5,5.8,1.1,0.2,2.7,2.6,15.4,0
2022,NBA,Dennis Schröder,schrode01,28.0,2TM,PG,64,29.0,28.7,4.9,11.3,0.431,1.3,3.9,0.344,3.5,7.4,0.477,0.49,2.5,2.9,0.853,0.5,2.8,3.3,4.6,0.8,0.1,2.2,2.4,13.5,0
2023,NBA,Dennis Schröder,schrode01,29.0,LAL,PG,66,50.0,30.1,4.1,9.8,0.415,1.1,3.4,0.329,3.0,6.4,0.461,0.472,3.3,3.8,0.857,0.3,2.2,2.5,4.5,0.8,0.2,1.7,2.2,12.6,0
2024,NBA,Dennis Schröder,schrode01,30.0,2TM,PG,80,58.0,31.1,5.0,11.6,0.435,1.7,4.6,0.375,3.3,7.0,0.474,0.509,2.2,2.7,0.836,0.5,2.5,3.0,6.1,0.8,0.2,1.9,2.1,14.0,0
2018,NBA,Dennis Smith Jr.,smithde03,20.0,DAL,PG,69,69.0,29.7,5.9,14.8,0.395,1.5,4.9,0.313,4.3,9.9,0.435,0.446,1.9,2.8,0.694,0.7,3.0,3.8,5.2,1.0,0.3,2.8,2.2,15.2,0
2019,NBA,Dennis Smith Jr.,smithde03,21.0,2TM,PG,53,50.0,28.5,5.2,12.3,0.428,1.3,3.9,0.322,4.0,8.3,0.477,0.479,1.9,2.9,0.635,0.6,2.3,2.9,4.8,1.3,0.4,2.9,2.4,13.6,0
2020,NBA,Dennis Smith Jr.,smithde03,22.0,NYK,PG,34,3.0,15.8,2.1,6.2,0.341,0.5,1.6,0.296,1.6,4.6,0.357,0.379,0.8,1.6,0.509,0.6,1.7,2.3,2.9,0.8,0.2,1.7,1.9,5.5,0
2021,NBA,Dennis Smith Jr.,smithde03,23.0,2TM,PG,23,9.0,18.3,2.5,6.3,0.4,0.8,2.5,0.328,1.7,3.8,0.448,0.466,0.8,1.1,0.731,0.5,1.9,2.4,3.3,1.0,0.6,1.1,1.6,6.7,0
2022,NBA,Dennis Smith Jr.,smithde03,24.0,POR,PG,37,4.0,17.2,2.1,5.1,0.418,0.2,0.7,0.222,2.0,4.4,0.451,0.434,1.1,1.7,0.656,0.5,1.8,2.4,3.6,1.2,0.3,1.4,1.4,5.6,0
2023,NBA,Dennis Smith Jr.,smithde03,25.0,CHO,PG,54,15.0,25.7,3.4,8.4,0.412,0.4,2.1,0.216,3.0,6.3,0.475,0.438,1.4,2.0,0.736,0.5,2.6,3.1,4.8,1.4,0.5,1.5,2.3,8.8,0
2024,NBA,Dennis Smith Jr.,smithde03,26.0,BRK,PG,56,2.0,18.9,2.6,6.0,0.435,0.6,1.9,0.294,2.1,4.1,0.502,0.482,0.8,1.0,0.741,0.9,2.0,2.9,3.6,1.2,0.2,1.2,2.2,6.6,0
2017,NBA,Denzel Valentine,valende01,23.0,CHI,SG,57,0.0,17.1,1.8,5.1,0.354,1.3,3.6,0.351,0.5,1.4,0.363,0.481,0.2,0.3,0.778,0.2,2.5,2.6,1.1,0.5,0.1,0.9,1.5,5.1,0
2018,NBA,Denzel Valentine,valende01,24.0,CHI,SG,77,37.0,27.2,3.9,9.4,0.417,1.9,4.8,0.386,2.1,4.6,0.45,0.517,0.5,0.7,0.745,0.6,4.5,5.1,3.2,0.8,0.1,1.3,2.4,10.2,0
2020,NBA,Denzel Valentine,valende01,26.0,CHI,SF,36,5.0,13.6,2.7,6.6,0.409,1.3,3.8,0.336,1.4,2.8,0.51,0.506,0.2,0.2,0.75,0.3,1.8,2.1,1.2,0.7,0.2,0.7,1.4,6.8,0
2021,NBA,Denzel Valentine,valende01,27.0,CHI,SG,62,3.0,16.7,2.5,6.7,0.373,1.3,3.9,0.331,1.2,2.8,0.431,0.469,0.3,0.3,0.941,0.4,2.8,3.2,1.7,0.5,0.1,0.7,1.1,6.5,0
2022,NBA,Denzel Valentine,valende01,28.0,2TM,SG,24,0.0,9.3,1.0,2.8,0.379,0.8,2.0,0.404,0.3,0.8,0.316,0.523,0.0,0.0,0.0,0.4,1.4,1.8,0.5,0.3,0.0,0.5,0.8,2.9,0
2019,NBA,Deonte Burton,burtode02,25.0,OKC,SG,32,0.0,7.5,1.0,2.6,0.402,0.3,0.8,0.296,0.8,1.7,0.455,0.451,0.3,0.4,0.667,0.1,0.8,0.9,0.3,0.2,0.3,0.3,1.0,2.6,0
2020,NBA,Deonte Burton,burtode02,26.0,OKC,SF,39,0.0,9.1,1.1,3.2,0.344,0.3,1.4,0.189,0.8,1.8,0.458,0.384,0.2,0.4,0.571,0.2,1.3,1.5,0.4,0.2,0.3,0.5,0.9,2.7,0
2024,NBA,Dereck Lively II,livelde01,19.0,DAL,C,55,42.0,23.5,4.0,5.4,0.747,0.0,0.0,0.0,4.0,5.3,0.752,0.747,0.7,1.5,0.506,2.5,4.4,6.9,1.1,0.7,1.4,0.9,2.6,8.8,0
2015,NBA,Deron Williams,willide01,30.0,BRK,PG,68,55.0,31.1,4.4,11.3,0.387,1.3,3.5,0.367,3.1,7.9,0.395,0.443,3.0,3.5,0.834,0.4,3.1,3.5,6.6,0.9,0.3,2.3,2.3,13.0,0
2016,NBA,Deron Williams,willide01,31.0,DAL,PG,65,63.0,32.4,4.9,11.9,0.414,1.5,4.3,0.344,3.4,7.6,0.454,0.477,2.8,3.2,0.869,0.3,2.6,2.9,5.8,0.9,0.2,2.3,2.4,14.1,0
2017,NBA,Deron Williams,willide01,32.0,2TM,PG,64,44.0,25.9,4.1,9.4,0.438,1.3,3.7,0.363,2.8,5.7,0.486,0.509,1.4,1.7,0.826,0.2,2.1,2.3,5.6,0.5,0.1,2.2,2.2,11.0,0
2015,NBA,Derrick Favors,favorde01,23.0,UTA,PF,74,74.0,30.8,6.5,12.4,0.525,0.0,0.1,0.167,6.5,12.3,0.527,0.526,3.0,4.5,0.669,2.6,5.6,8.2,1.5,0.8,1.7,1.6,2.8,16.0,0
2016,NBA,Derrick Favors,favorde01,24.0,UTA,PF,62,59.0,32.0,6.7,13.1,0.515,0.0,0.1,0.0,6.7,13.0,0.518,0.515,2.9,4.1,0.709,2.7,5.4,8.1,1.5,1.2,1.5,1.7,2.4,16.4,0
2017,NBA,Derrick Favors,favorde01,25.0,UTA,PF,50,39.0,23.7,4.1,8.3,0.487,0.1,0.2,0.3,4.0,8.1,0.491,0.49,1.3,2.2,0.615,1.8,4.3,6.1,1.1,0.9,0.8,1.2,2.1,9.5,0
2018,NBA,Derrick Favors,favorde01,26.0,UTA,C,77,77.0,28.0,5.1,9.1,0.563,0.2,0.8,0.222,4.9,8.3,0.596,0.573,1.8,2.8,0.651,2.6,4.6,7.2,1.3,0.7,1.1,1.1,2.1,12.3,0
2019,NBA,Derrick Favors,favorde01,27.0,UTA,C,76,70.0,23.2,4.8,8.1,0.586,0.2,1.0,0.218,4.6,7.1,0.64,0.6,2.0,3.0,0.675,2.7,4.6,7.4,1.2,0.7,1.4,1.1,2.1,11.8,0
2020,NBA,Derrick Favors,favorde01,28.0,NOP,C,51,49.0,24.4,4.1,6.6,0.617,0.0,0.1,0.143,4.1,6.5,0.627,0.618,0.8,1.4,0.563,3.2,6.6,9.8,1.6,0.6,0.9,1.1,2.1,9.0,0
2021,NBA,Derrick Favors,favorde01,29.0,UTA,C,68,0.0,15.3,2.3,3.6,0.638,0.0,0.0,0.0,2.3,3.5,0.643,0.638,0.9,1.2,0.738,2.0,3.5,5.5,0.6,0.5,1.0,0.5,2.1,5.4,0
2022,NBA,Derrick Favors,favorde01,30.0,OKC,C,39,18.0,16.7,2.4,4.7,0.516,0.1,0.4,0.125,2.4,4.3,0.554,0.522,0.4,0.6,0.64,1.5,3.2,4.7,0.6,0.4,0.3,0.2,1.6,5.3,0
2017,NBA,Derrick Jones Jr.,jonesde02,19.0,PHO,SF,32,8.0,17.0,2.1,3.8,0.562,0.1,0.3,0.273,2.0,3.4,0.591,0.574,0.9,1.3,0.707,1.2,1.3,2.5,0.4,0.4,0.4,0.4,2.0,5.3,0
2018,NBA,Derrick Jones Jr.,jonesde02,20.0,2TM,SF,20,8.0,12.3,1.1,2.7,0.396,0.2,0.9,0.167,0.9,1.8,0.514,0.425,0.8,1.2,0.667,1.1,0.9,1.9,0.5,0.2,0.7,0.4,1.2,3.1,0
2019,NBA,Derrick Jones Jr.,jonesde02,21.0,MIA,SF,60,14.0,19.2,2.7,5.4,0.494,0.5,1.5,0.308,2.2,3.9,0.567,0.537,1.2,2.0,0.607,1.6,2.4,4.0,0.6,0.8,0.7,0.7,2.1,7.0,0
2020,NBA,Derrick Jones Jr.,jonesde02,22.0,MIA,SF,59,16.0,23.3,3.1,5.9,0.527,0.6,2.2,0.28,2.5,3.7,0.677,0.58,1.6,2.1,0.772,1.1,2.8,3.9,1.1,1.0,0.6,0.5,2.2,8.5,0
2021,NBA,Derrick Jones Jr.,jonesde02,23.0,POR,SF,58,43.0,22.7,2.5,5.2,0.484,0.7,2.3,0.316,1.8,2.9,0.619,0.554,1.0,1.6,0.648,1.3,2.2,3.5,0.8,0.6,0.9,0.6,2.2,6.8,0
2022,NBA,Derrick Jones Jr.,jonesde02,24.0,CHI,PF,51,8.0,17.6,2.1,3.8,0.538,0.4,1.2,0.328,1.7,2.6,0.634,0.59,1.1,1.4,0.8,1.2,2.1,3.3,0.6,0.5,0.6,0.6,2.1,5.6,0
2023,NBA,Derrick Jones Jr.,jonesde02,25.0,CHI,PF,64,0.0,14.0,1.8,3.6,0.5,0.4,1.3,0.338,1.4,2.3,0.587,0.559,1.0,1.3,0.738,0.9,1.5,2.4,0.5,0.5,0.6,0.4,1.3,5.0,0
2024,NBA,Derrick Jones Jr.,jonesde02,26.0,DAL,SF,76,66.0,23.5,3.1,6.5,0.483,1.1,3.1,0.343,2.1,3.4,0.613,0.566,1.3,1.8,0.713,1.1,2.2,3.3,1.0,0.7,0.7,0.9,1.6,8.6,0
2015,NBA,Derrick Rose,rosede01,26.0,CHI,PG,51,51.0,30.0,6.6,16.4,0.405,1.5,5.3,0.28,5.1,11.1,0.465,0.45,3.0,3.7,0.813,0.7,2.5,3.2,4.9,0.7,0.3,3.2,1.2,17.7,0
2016,NBA,Derrick Rose,rosede01,27.0,CHI,PG,66,66.0,31.8,6.8,15.9,0.427,0.7,2.3,0.293,6.1,13.6,0.449,0.448,2.2,2.7,0.793,0.7,2.7,3.4,4.7,0.7,0.2,2.7,1.3,16.4,0
2017,NBA,Derrick Rose,rosede01,28.0,NYK,PG,64,64.0,32.5,7.2,15.3,0.471,0.2,0.9,0.217,7.0,14.3,0.487,0.477,3.5,4.0,0.874,1.0,2.8,3.8,4.4,0.7,0.3,2.3,1.3,18.0,0
2018,NBA,Derrick Rose,rosede01,29.0,2TM,PG,25,7.0,16.8,3.2,7.4,0.435,0.3,1.2,0.233,3.0,6.2,0.474,0.454,1.6,1.8,0.87,0.5,0.9,1.4,1.5,0.3,0.2,1.4,0.6,8.4,0
2019,NBA,Derrick Rose,rosede01,30.0,MIN,PG,51,13.0,27.3,7.1,14.8,0.482,1.1,2.9,0.37,6.1,11.9,0.509,0.518,2.7,3.1,0.856,0.6,2.1,2.7,4.3,0.6,0.2,1.6,1.1,18.0,0
2020,NBA,Derrick Rose,rosede01,31.0,DET,PG,50,15.0,26.0,7.4,15.1,0.49,0.9,2.9,0.306,6.5,12.1,0.535,0.52,2.4,2.8,0.871,0.5,1.9,2.4,5.6,0.8,0.3,2.5,1.0,18.1,0
2021,NBA,Derrick Rose,rosede01,32.0,2TM,PG,50,3.0,25.6,5.7,12.2,0.47,1.0,2.6,0.388,4.7,9.6,0.492,0.511,2.2,2.5,0.866,0.4,2.2,2.6,4.2,1.0,0.4,1.6,1.1,14.7,0
2022,NBA,Derrick Rose,rosede01,33.0,NYK,PG,26,4.0,24.5,4.7,10.5,0.445,1.4,3.5,0.402,3.3,7.0,0.467,0.513,1.2,1.2,0.968,0.8,2.2,3.0,4.0,0.8,0.5,1.5,0.6,12.0,0
2023,NBA,Derrick Rose,rosede01,34.0,NYK,PG,27,0.0,12.5,2.3,5.9,0.384,0.7,2.3,0.302,1.6,3.6,0.438,0.443,0.4,0.4,0.917,0.3,1.2,1.5,1.7,0.3,0.2,0.8,0.7,5.6,0
2024,NBA,Derrick Rose,rosede01,35.0,MEM,PG,24,7.0,16.6,3.2,6.9,0.461,0.6,1.7,0.366,2.5,5.2,0.492,0.506,1.0,1.1,0.889,0.3,1.6,1.9,3.3,0.3,0.1,1.3,0.9,8.0,0
2020,NBA,Derrick Walton,waltode01,24.0,2TM,PG,26,1.0,9.5,0.7,1.5,0.462,0.4,0.9,0.417,0.3,0.6,0.533,0.59,0.3,0.3,0.778,0.1,0.5,0.6,1.0,0.3,0.0,0.2,0.8,2.0,0
2019,NBA,Derrick White,whitede01,24.0,SAS,PG,67,55.0,25.8,3.9,8.1,0.479,0.7,2.1,0.338,3.2,6.0,0.529,0.523,1.4,1.8,0.772,0.5,3.2,3.7,3.9,1.0,0.7,1.4,2.2,9.9,0
2020,NBA,Derrick White,whitede01,25.0,SAS,SG,68,20.0,24.7,3.7,8.1,0.458,1.2,3.2,0.366,2.6,4.9,0.518,0.53,2.6,3.1,0.853,0.5,2.8,3.3,3.5,0.6,0.9,1.3,2.2,11.3,0
2021,NBA,Derrick White,whitede01,26.0,SAS,SG,36,32.0,29.6,5.2,12.6,0.411,2.3,6.8,0.346,2.8,5.8,0.486,0.503,2.7,3.2,0.851,0.4,2.6,3.0,3.5,0.7,1.0,1.3,2.5,15.4,0
2022,NBA,Derrick White,whitede01,27.0,2TM,SG,75,52.0,29.3,4.5,10.7,0.421,1.5,4.9,0.312,3.0,5.7,0.515,0.493,2.7,3.1,0.864,0.5,3.0,3.5,4.9,0.9,0.8,1.6,2.3,13.2,0
2023,NBA,Derrick White,whitede01,28.0,BOS,SG,82,70.0,28.3,4.3,9.2,0.462,1.8,4.8,0.381,2.5,4.5,0.548,0.56,2.0,2.3,0.875,0.6,2.9,3.6,3.9,0.7,0.9,1.2,2.2,12.4,0
2024,NBA,Derrick White,whitede01,29.0,BOS,SG,73,73.0,32.6,5.3,11.5,0.461,2.7,6.8,0.396,2.6,4.7,0.555,0.578,1.9,2.1,0.901,0.7,3.5,4.2,5.2,1.0,1.2,1.5,2.1,15.2,0
2015,NBA,Derrick Williams,willide02,23.0,SAC,PF,74,6.0,19.8,2.9,6.6,0.447,0.7,2.1,0.314,2.3,4.4,0.511,0.498,1.8,2.6,0.684,0.6,2.2,2.7,0.7,0.5,0.1,0.8,0.9,8.3,0
2016,NBA,Derrick Williams,willide02,24.0,NYK,SF,80,9.0,17.9,3.2,7.1,0.45,0.6,1.9,0.293,2.6,5.2,0.506,0.488,2.4,3.2,0.758,0.6,3.1,3.7,0.9,0.4,0.1,0.8,0.9,9.3,0
2017,NBA,Derrick Williams,willide02,25.0,2TM,PF,50,11.0,16.1,2.2,4.9,0.443,0.6,1.9,0.309,1.6,2.9,0.531,0.504,1.2,1.8,0.652,0.4,2.2,2.6,0.6,0.3,0.1,0.6,1.2,6.1,0
2021,NBA,Desmond Bane,banede01,22.0,MEM,SG,68,17.0,22.3,3.4,7.3,0.469,1.7,4.0,0.432,1.7,3.4,0.513,0.586,0.6,0.7,0.816,0.5,2.6,3.1,1.7,0.6,0.2,0.9,1.8,9.2,0
2022,NBA,Desmond Bane,banede01,23.0,MEM,SG,76,76.0,29.8,6.7,14.5,0.461,3.0,6.9,0.436,3.7,7.6,0.484,0.565,1.8,2.0,0.903,0.6,3.8,4.4,2.7,1.2,0.4,1.5,2.6,18.2,0
2023,NBA,Desmond Bane,banede01,24.0,MEM,SG,58,58.0,31.7,7.8,16.2,0.479,2.9,7.0,0.408,4.9,9.2,0.534,0.568,3.1,3.5,0.883,0.7,4.3,5.0,4.4,1.0,0.4,2.2,2.6,21.5,0
2024,NBA,Desmond Bane,banede01,25.0,MEM,SG,42,42.0,34.4,8.6,18.5,0.464,3.3,8.6,0.381,5.3,9.9,0.536,0.552,3.3,3.8,0.87,0.9,3.5,4.4,5.5,1.0,0.5,2.7,2.9,23.7,0
2016,NBA,Devin Booker,bookede01,19.0,PHO,SG,76,51.0,27.7,4.8,11.4,0.423,1.3,3.8,0.343,3.5,7.6,0.464,0.48,2.8,3.4,0.84,0.4,2.1,2.5,2.6,0.6,0.3,2.1,3.0,13.8,0
2017,NBA,Devin Booker,bookede01,20.0,PHO,SG,78,78.0,35.0,7.8,18.3,0.423,1.9,5.2,0.363,5.9,13.2,0.447,0.475,4.7,5.7,0.832,0.6,2.6,3.2,3.4,0.9,0.3,3.1,3.1,22.1,0
2018,NBA,Devin Booker,bookede01,21.0,PHO,SG,54,54.0,34.5,8.4,19.5,0.432,2.7,7.1,0.383,5.7,12.4,0.46,0.501,5.4,6.1,0.878,0.5,4.0,4.5,4.7,0.9,0.3,3.6,3.1,24.9,0
2019,NBA,Devin Booker,bookede01,22.0,PHO,SG,64,64.0,35.0,9.2,19.6,0.467,2.1,6.5,0.326,7.0,13.1,0.536,0.521,6.1,7.1,0.866,0.6,3.5,4.1,6.8,0.9,0.2,4.1,3.1,26.6,0
2020,NBA,Devin Booker,bookede01,23.0,PHO,SG,70,70.0,35.9,9.0,18.3,0.489,2.0,5.7,0.354,6.9,12.6,0.549,0.544,6.7,7.3,0.919,0.4,3.8,4.2,6.5,0.7,0.3,3.8,3.0,26.6,1
2021,NBA,Devin Booker,bookede01,24.0,PHO,SG,67,67.0,33.9,9.3,19.2,0.484,1.9,5.5,0.34,7.4,13.7,0.543,0.533,5.1,5.9,0.867,0.5,3.7,4.2,4.3,0.8,0.2,3.1,2.7,25.6,1
2022,NBA,Devin Booker,bookede01,25.0,PHO,SG,68,68.0,34.5,9.7,20.9,0.466,2.7,7.0,0.383,7.0,13.9,0.508,0.53,4.6,5.3,0.868,0.7,4.4,5.0,4.8,1.1,0.4,2.4,2.6,26.8,1
2023,NBA,Devin Booker,bookede01,26.0,PHO,SG,53,53.0,34.6,9.9,20.1,0.494,2.1,6.0,0.351,7.8,14.2,0.554,0.546,5.8,6.8,0.855,0.9,3.7,4.5,5.5,1.0,0.3,2.7,3.0,27.8,0
2024,NBA,Devin Booker,bookede01,27.0,PHO,PG,68,68.0,36.0,9.4,19.2,0.492,2.2,6.1,0.364,7.2,13.0,0.552,0.55,6.0,6.7,0.886,0.8,3.7,4.5,6.9,0.9,0.4,2.6,3.0,27.1,1
2015,NBA,Devin Harris,harride01,31.0,DAL,PG,76,3.0,22.2,2.9,6.9,0.418,1.3,3.5,0.357,1.6,3.4,0.481,0.509,1.7,2.1,0.815,0.2,1.6,1.8,3.1,1.0,0.2,1.1,1.9,8.8,0
2016,NBA,Devin Harris,harride01,32.0,DAL,PG,64,0.0,20.0,2.6,5.8,0.447,0.8,2.5,0.329,1.8,3.4,0.532,0.516,1.6,2.2,0.721,0.3,1.9,2.2,1.8,0.9,0.2,1.0,1.9,7.6,0
2017,NBA,Devin Harris,harride01,33.0,DAL,PG,65,0.0,16.7,2.1,5.2,0.399,0.9,2.7,0.328,1.2,2.5,0.476,0.484,1.6,2.0,0.829,0.2,1.8,2.0,2.1,0.7,0.1,0.9,1.6,6.7,0
2018,NBA,Devin Harris,harride01,34.0,2TM,PG,71,1.0,18.9,2.6,6.4,0.412,1.1,3.2,0.348,1.5,3.2,0.476,0.499,2.0,2.4,0.835,0.2,1.6,1.8,2.1,0.7,0.2,1.1,2.2,8.4,0
2019,NBA,Devin Harris,harride01,35.0,DAL,PG,68,2.0,15.8,1.9,5.1,0.38,0.9,2.9,0.31,1.0,2.2,0.476,0.47,1.5,2.0,0.761,0.2,1.5,1.6,1.8,0.5,0.2,0.8,2.0,6.3,0
2021,NBA,Devin Vassell,vassede01,20.0,SAS,SF,62,7.0,17.0,2.0,4.9,0.406,0.8,2.4,0.347,1.1,2.5,0.464,0.492,0.7,0.8,0.843,0.4,2.4,2.8,0.9,0.7,0.3,0.4,1.4,5.5,0
2022,NBA,Devin Vassell,vassede01,21.0,SAS,SF,71,32.0,27.3,4.6,10.8,0.427,1.9,5.4,0.361,2.7,5.4,0.492,0.516,1.2,1.4,0.838,0.6,3.7,4.3,1.9,1.1,0.6,0.8,2.0,12.3,0
2023,NBA,Devin Vassell,vassede01,22.0,SAS,SG,38,32.0,31.0,6.9,15.7,0.439,2.7,7.0,0.387,4.2,8.7,0.48,0.525,2.1,2.6,0.78,0.2,3.7,3.9,3.6,1.1,0.4,1.5,1.5,18.5,0
2024,NBA,Devin Vassell,vassede01,23.0,SAS,SG,68,62.0,33.1,7.3,15.5,0.472,2.4,6.6,0.372,4.9,9.0,0.544,0.55,2.4,3.0,0.801,0.4,3.4,3.8,4.1,1.1,0.3,1.6,1.1,19.5,0
2021,NBA,Devontae Cacok,cacokde01,24.0,LAL,PF,20,1.0,4.9,0.9,1.5,0.586,0.0,0.0,0.0,0.9,1.5,0.586,0.586,0.3,0.6,0.455,0.6,1.0,1.6,0.1,0.3,0.2,0.3,0.4,2.0,0
2019,NBA,Devonte' Graham,grahade01,23.0,CHO,PG,46,3.0,14.7,1.6,4.7,0.343,0.7,2.6,0.281,0.9,2.1,0.421,0.421,0.8,1.0,0.761,0.2,1.2,1.4,2.6,0.5,0.0,0.7,1.0,4.7,0
2020,NBA,Devonte' Graham,grahade01,24.0,CHO,PG,63,53.0,35.1,5.8,15.3,0.382,3.5,9.3,0.373,2.4,6.0,0.397,0.495,3.0,3.7,0.82,0.7,2.7,3.4,7.5,1.0,0.2,2.9,1.8,18.2,0
2021,NBA,Devonte' Graham,grahade01,25.0,CHO,PG,55,44.0,30.2,4.6,12.2,0.377,3.3,8.7,0.375,1.3,3.5,0.38,0.51,2.4,2.9,0.842,0.4,2.3,2.7,5.4,0.9,0.1,1.5,1.4,14.8,0
2022,NBA,Devonte' Graham,grahade01,26.0,NOP,PG,76,63.0,28.4,3.9,10.7,0.363,2.5,7.4,0.341,1.4,3.3,0.413,0.481,1.6,1.8,0.843,0.5,1.8,2.3,4.2,0.9,0.2,1.4,1.3,11.9,0
2023,NBA,Devonte' Graham,grahade01,27.0,2TM,PG,73,8.0,18.3,2.2,5.9,0.374,1.6,4.6,0.352,0.6,1.3,0.452,0.512,1.3,1.8,0.748,0.3,1.4,1.7,2.7,0.6,0.2,0.7,1.1,7.4,0
2024,NBA,Devonte' Graham,grahade01,28.0,SAS,PG,23,0.0,13.6,1.7,4.7,0.352,1.1,3.6,0.301,0.6,1.1,0.52,0.468,0.6,0.7,0.813,0.2,1.3,1.6,2.1,0.4,0.1,0.7,0.6,5.0,0
2016,NBA,Devyn Marble,marblde01,23.0,ORL,SG,28,0.0,8.9,0.8,2.5,0.296,0.3,1.1,0.25,0.5,1.4,0.333,0.352,0.4,0.9,0.417,0.2,1.1,1.4,0.4,0.5,0.0,0.3,0.9,2.1,0
2015,NBA,Dewayne Dedmon,dedmode01,25.0,ORL,C,59,15.0,14.3,1.5,2.7,0.562,0.0,0.0,0.0,1.5,2.7,0.565,0.562,0.6,1.1,0.531,2.0,3.0,5.0,0.2,0.3,0.8,0.9,2.4,3.7,0
2016,NBA,Dewayne Dedmon,dedmode01,26.0,ORL,C,58,20.0,12.2,1.7,3.1,0.559,0.0,0.0,0.0,1.7,3.1,0.559,0.559,1.0,1.3,0.75,1.2,2.8,3.9,0.2,0.4,0.8,0.6,1.9,4.4,0
2017,NBA,Dewayne Dedmon,dedmode01,27.0,SAS,C,76,37.0,17.5,2.1,3.4,0.622,0.0,0.0,0.0,2.1,3.4,0.622,0.622,0.9,1.2,0.699,1.7,4.8,6.5,0.6,0.5,0.8,0.8,2.4,5.1,0
2018,NBA,Dewayne Dedmon,dedmode01,28.0,ATL,C,62,46.0,24.9,4.0,7.7,0.524,0.8,2.3,0.355,3.2,5.4,0.595,0.577,1.1,1.4,0.779,1.6,6.3,7.9,1.5,0.6,0.8,1.4,2.6,10.0,0
2019,NBA,Dewayne Dedmon,dedmode01,29.0,ATL,C,64,52.0,25.1,4.0,8.2,0.492,1.3,3.4,0.382,2.8,4.8,0.57,0.571,1.4,1.8,0.814,1.6,5.9,7.5,1.4,1.1,1.1,1.3,3.3,10.8,0
2020,NBA,Dewayne Dedmon,dedmode01,30.0,2TM,C,44,18.0,17.6,2.3,5.8,0.4,0.5,2.4,0.206,1.8,3.4,0.541,0.443,0.7,0.8,0.833,1.4,4.3,5.7,0.5,0.6,0.9,1.3,3.0,5.8,0
2022,NBA,Dewayne Dedmon,dedmode01,32.0,MIA,C,67,15.0,15.9,2.4,4.3,0.566,0.3,0.7,0.404,2.2,3.6,0.597,0.598,1.1,1.5,0.75,1.6,4.2,5.8,0.7,0.4,0.6,1.0,2.6,6.3,0
2023,NBA,Dewayne Dedmon,dedmode01,33.0,2TM,C,38,1.0,11.2,2.0,4.0,0.51,0.3,1.0,0.308,1.7,2.9,0.58,0.55,0.9,1.3,0.673,0.9,2.6,3.5,0.7,0.2,0.5,0.7,2.0,5.2,0
2017,NBA,Deyonta Davis,davisde01,20.0,MEM,C,36,0.0,6.6,0.7,1.3,0.511,0.0,0.0,0.0,0.7,1.3,0.511,0.511,0.3,0.5,0.556,0.6,1.1,1.7,0.1,0.1,0.5,0.2,1.1,1.6,0
2018,NBA,Deyonta Davis,davisde01,21.0,MEM,C,62,6.0,15.2,2.6,4.3,0.608,0.0,0.0,0.0,2.6,4.3,0.608,0.608,0.6,0.9,0.667,1.2,2.8,4.0,0.6,0.2,0.6,0.5,2.0,5.8,0
2018,NBA,Dillon Brooks,brookdi01,22.0,MEM,SF,82,74.0,28.7,4.1,9.4,0.44,1.1,3.2,0.356,3.0,6.2,0.484,0.501,1.5,2.0,0.747,0.6,2.5,3.1,1.6,0.9,0.2,1.5,2.8,11.0,0
2020,NBA,Dillon Brooks,brookdi01,24.0,MEM,SG,73,73.0,28.9,6.0,14.6,0.407,2.0,5.6,0.358,3.9,9.0,0.438,0.476,2.2,2.8,0.808,0.9,2.4,3.3,2.1,0.9,0.4,1.7,3.8,16.2,0
2021,NBA,Dillon Brooks,brookdi01,25.0,MEM,SF,67,67.0,29.8,6.4,15.4,0.419,1.9,5.6,0.344,4.5,9.8,0.461,0.481,2.4,2.9,0.815,0.8,2.1,2.9,2.3,1.2,0.4,1.8,3.5,17.2,0
2022,NBA,Dillon Brooks,brookdi01,26.0,MEM,SF,32,31.0,27.7,7.1,16.4,0.432,1.4,4.7,0.309,5.7,11.8,0.48,0.475,2.8,3.3,0.849,0.9,2.3,3.2,2.8,1.1,0.3,1.6,3.3,18.4,0
2023,NBA,Dillon Brooks,brookdi01,27.0,MEM,SF,73,73.0,30.3,5.4,13.6,0.396,2.0,6.0,0.326,3.4,7.6,0.451,0.468,1.6,2.1,0.779,0.6,2.7,3.3,2.6,0.9,0.2,1.4,3.3,14.3,0
2024,NBA,Dillon Brooks,brookdi01,28.0,HOU,SF,72,72.0,30.9,4.6,10.7,0.428,1.8,5.1,0.359,2.7,5.5,0.492,0.515,1.7,2.0,0.844,0.7,2.7,3.4,1.7,0.9,0.1,1.2,3.3,12.7,0
2015,NBA,Dion Waiters,waitedi01,23.0,2TM,SG,80,23.0,27.6,4.7,11.8,0.396,0.9,3.1,0.297,3.8,8.8,0.431,0.435,1.5,2.2,0.68,0.5,1.9,2.4,2.0,1.1,0.3,1.4,1.9,11.8,0
2016,NBA,Dion Waiters,waitedi01,24.0,OKC,SG,78,15.0,27.6,3.6,9.1,0.399,1.1,3.1,0.358,2.5,6.0,0.421,0.46,1.4,2.0,0.713,0.5,2.1,2.6,2.0,1.0,0.2,1.5,1.8,9.8,0
2017,NBA,Dion Waiters,waitedi01,25.0,MIA,SG,46,43.0,30.1,6.1,14.4,0.424,1.8,4.7,0.395,4.3,9.7,0.438,0.488,1.8,2.8,0.646,0.4,2.9,3.3,4.3,0.9,0.4,2.2,2.1,15.8,0
2018,NBA,Dion Waiters,waitedi01,26.0,MIA,SG,30,30.0,30.6,5.4,13.7,0.398,1.7,5.7,0.306,3.7,8.0,0.463,0.461,1.7,2.3,0.739,0.3,2.3,2.6,3.8,0.8,0.3,2.3,2.0,14.3,0
2019,NBA,Dion Waiters,waitedi01,27.0,MIA,SG,44,28.0,25.9,4.5,10.9,0.414,2.5,6.6,0.377,2.0,4.3,0.471,0.528,0.5,1.0,0.5,0.2,2.5,2.6,2.8,0.7,0.2,1.5,1.6,12.0,0
2015,NBA,Dirk Nowitzki,nowitdi01,36.0,DAL,PF,77,77.0,29.6,6.3,13.8,0.459,1.4,3.6,0.38,5.0,10.2,0.486,0.508,3.3,3.8,0.882,0.6,5.4,5.9,1.9,0.5,0.4,1.1,2.1,17.3,1
2016,NBA,Dirk Nowitzki,nowitdi01,37.0,DAL,PF,75,75.0,31.5,6.6,14.8,0.448,1.7,4.6,0.368,5.0,10.3,0.483,0.504,3.3,3.7,0.893,0.7,5.8,6.5,1.8,0.7,0.7,1.1,2.1,18.3,0
2017,NBA,Dirk Nowitzki,nowitdi01,38.0,DAL,PF,54,54.0,26.4,5.5,12.6,0.437,1.5,3.9,0.378,4.0,8.7,0.463,0.495,1.8,2.1,0.875,0.4,6.1,6.5,1.5,0.6,0.7,0.9,2.1,14.2,0
2018,NBA,Dirk Nowitzki,nowitdi01,39.0,DAL,C,77,77.0,24.7,4.5,9.8,0.456,1.8,4.4,0.409,2.7,5.5,0.494,0.547,1.3,1.4,0.898,0.3,5.4,5.7,1.6,0.6,0.6,0.7,1.9,12.0,0
2019,NBA,Dirk Nowitzki,nowitdi01,40.0,DAL,PF,51,20.0,15.6,2.6,7.4,0.359,1.3,4.0,0.312,1.4,3.4,0.415,0.444,0.8,1.0,0.78,0.1,3.0,3.1,0.7,0.2,0.4,0.4,1.5,7.3,1
2017,NBA,Domantas Sabonis,sabondo01,20.0,OKC,PF,81,66.0,20.1,2.4,5.9,0.399,0.6,2.0,0.321,1.7,4.0,0.438,0.452,0.5,0.8,0.657,0.6,3.0,3.6,1.0,0.5,0.4,1.0,2.5,5.9,0
2018,NBA,Domantas Sabonis,sabondo01,21.0,IND,C,74,19.0,24.5,4.6,8.9,0.514,0.2,0.5,0.351,4.4,8.4,0.524,0.524,2.3,3.0,0.75,2.2,5.5,7.7,2.0,0.5,0.4,1.9,3.0,11.6,0
2019,NBA,Domantas Sabonis,sabondo01,22.0,IND,C,74,5.0,24.8,5.6,9.5,0.59,0.1,0.2,0.529,5.5,9.2,0.592,0.596,2.8,3.9,0.715,2.5,6.8,9.3,2.9,0.6,0.4,2.2,3.2,14.1,0
2020,NBA,Domantas Sabonis,sabondo01,23.0,IND,PF,62,62.0,34.8,7.4,13.7,0.54,0.3,1.1,0.254,7.1,12.6,0.565,0.55,3.5,4.8,0.723,3.0,9.4,12.4,5.0,0.8,0.5,2.7,3.1,18.5,1
2021,NBA,Domantas Sabonis,sabondo01,24.0,IND,PF,62,62.0,36.0,7.8,14.6,0.535,0.8,2.6,0.321,7.0,12.0,0.582,0.564,3.9,5.3,0.732,2.4,9.5,12.0,6.7,1.2,0.5,3.4,3.3,20.3,1
2022,NBA,Domantas Sabonis,sabondo01,25.0,2TM,PF,62,61.0,34.5,7.1,12.5,0.573,0.6,2.0,0.312,6.5,10.5,0.623,0.598,4.0,5.4,0.741,3.2,8.9,12.1,5.2,1.0,0.4,3.1,3.3,18.9,0
2023,NBA,Domantas Sabonis,sabondo01,26.0,SAC,C,79,79.0,34.6,7.3,11.9,0.615,0.4,1.1,0.373,6.9,10.8,0.639,0.632,4.1,5.5,0.742,3.2,9.1,12.3,7.3,0.8,0.5,2.9,3.5,19.1,1
2024,NBA,Domantas Sabonis,sabondo01,27.0,SAC,C,82,82.0,35.7,7.7,13.0,0.594,0.4,1.1,0.379,7.3,12.0,0.613,0.609,3.6,5.1,0.704,3.6,10.1,13.7,8.2,0.9,0.6,3.3,3.0,19.4,0
2023,NBA,Dominick Barlow,barlodo01,19.0,SAS,PF,28,0.0,14.6,1.6,3.1,0.535,0.0,0.1,0.0,1.6,2.9,0.561,0.535,0.6,0.9,0.72,1.6,2.0,3.6,0.9,0.4,0.7,0.5,2.0,3.9,0
2024,NBA,Dominick Barlow,barlodo01,20.0,SAS,PF,33,1.0,12.7,1.7,3.4,0.496,0.1,0.3,0.333,1.6,3.2,0.51,0.509,0.9,1.3,0.69,1.4,2.1,3.4,1.1,0.4,0.4,0.3,1.4,4.4,0
2015,NBA,Donald Sloan,sloando01,27.0,IND,PG,53,21.0,20.9,2.7,6.7,0.408,0.8,2.5,0.313,2.0,4.2,0.464,0.466,1.1,1.5,0.779,0.2,2.5,2.7,3.6,0.4,0.0,1.2,0.9,7.4,0
2016,NBA,Donald Sloan,sloando01,28.0,BRK,PG,61,33.0,21.6,2.5,5.7,0.44,0.6,1.6,0.384,1.9,4.1,0.462,0.494,1.3,1.7,0.75,0.3,2.6,2.8,4.4,0.5,0.1,1.3,1.2,7.0,0
2015,NBA,Donatas Motiejūnas,motiedo01,24.0,HOU,PF,71,62.0,28.7,5.0,9.9,0.504,0.7,1.9,0.368,4.3,8.0,0.536,0.539,1.4,2.3,0.602,1.9,4.0,5.9,1.8,0.8,0.5,1.7,2.9,12.0,0
2016,NBA,Donatas Motiejūnas,motiedo01,25.0,HOU,PF,37,22.0,14.8,2.4,5.5,0.439,0.4,1.5,0.281,2.0,4.0,0.5,0.478,0.9,1.4,0.642,1.0,1.9,2.9,1.1,0.5,0.1,1.2,1.9,6.2,0
2017,NBA,Donatas Motiejūnas,motiedo01,26.0,NOP,PF,34,0.0,14.1,1.7,4.1,0.413,0.3,1.4,0.234,1.4,2.7,0.505,0.453,0.7,1.4,0.51,0.8,2.2,3.0,0.9,0.5,0.3,0.9,1.6,4.4,0
2018,NBA,Donovan Mitchell,mitchdo01,21.0,UTA,SG,79,71.0,33.4,7.5,17.2,0.437,2.4,7.0,0.34,5.2,10.3,0.502,0.506,3.0,3.8,0.805,0.7,3.1,3.7,3.7,1.5,0.3,2.7,2.7,20.5,0
2019,NBA,Donovan Mitchell,mitchdo01,22.0,UTA,SG,77,77.0,33.7,8.6,19.9,0.432,2.4,6.7,0.362,6.1,13.1,0.468,0.493,4.1,5.1,0.806,0.8,3.3,4.1,4.2,1.4,0.4,2.8,2.7,23.8,0
2020,NBA,Donovan Mitchell,mitchdo01,23.0,UTA,SG,69,69.0,34.3,8.7,19.4,0.449,2.5,6.9,0.366,6.2,12.6,0.494,0.513,4.0,4.7,0.863,0.8,3.6,4.4,4.3,1.0,0.2,2.7,2.5,24.0,1
2021,NBA,Donovan Mitchell,mitchdo01,24.0,UTA,PG,53,53.0,33.4,9.0,20.6,0.438,3.4,8.7,0.386,5.7,11.9,0.476,0.52,5.0,6.0,0.845,0.9,3.5,4.4,5.2,1.0,0.3,2.8,2.2,26.4,1
2022,NBA,Donovan Mitchell,mitchdo01,25.0,UTA,SG,67,67.0,33.8,9.2,20.5,0.448,3.5,9.8,0.355,5.7,10.8,0.533,0.533,4.0,4.7,0.853,0.8,3.4,4.2,5.3,1.5,0.2,3.0,2.4,25.9,1
2023,NBA,Donovan Mitchell,mitchdo01,26.0,CLE,SG,68,68.0,35.8,10.0,20.6,0.484,3.6,9.3,0.386,6.4,11.3,0.566,0.572,4.7,5.4,0.867,0.9,3.3,4.3,4.4,1.5,0.4,2.6,2.5,28.3,1
2024,NBA,Donovan Mitchell,mitchdo01,27.0,CLE,SG,55,55.0,35.3,9.1,19.8,0.462,3.3,9.0,0.368,5.8,10.8,0.539,0.545,5.0,5.8,0.865,0.8,4.3,5.1,6.1,1.8,0.5,2.8,2.1,26.6,1
2019,NBA,Donte DiVincenzo,divindo01,22.0,MIL,SG,27,0.0,15.2,1.9,4.6,0.403,0.8,3.1,0.265,1.0,1.5,0.683,0.492,0.3,0.4,0.75,0.6,1.8,2.4,1.1,0.5,0.2,0.7,1.4,4.9,0
2020,NBA,Donte DiVincenzo,divindo01,23.0,MIL,SG,66,24.0,23.0,3.5,7.7,0.455,1.3,3.7,0.336,2.3,4.0,0.567,0.536,1.0,1.3,0.733,1.0,3.8,4.8,2.3,1.3,0.3,1.4,1.7,9.2,0
2021,NBA,Donte DiVincenzo,divindo01,24.0,MIL,SG,66,66.0,27.5,3.8,9.1,0.42,2.0,5.2,0.379,1.8,3.9,0.475,0.528,0.8,1.1,0.718,1.2,4.5,5.8,3.1,1.1,0.2,1.4,1.7,10.4,0
2022,NBA,Donte DiVincenzo,divindo01,25.0,2TM,SG,42,1.0,24.0,2.8,8.0,0.351,1.8,5.2,0.339,1.0,2.8,0.373,0.461,1.7,2.0,0.843,1.0,3.1,4.0,2.8,1.1,0.2,1.7,1.6,9.0,0
2023,NBA,Donte DiVincenzo,divindo01,26.0,GSW,SG,72,36.0,26.3,3.3,7.5,0.435,2.1,5.3,0.397,1.2,2.3,0.525,0.574,0.8,1.0,0.817,1.1,3.4,4.5,3.5,1.3,0.1,1.6,1.8,9.4,0
2024,NBA,Donte DiVincenzo,divindo01,27.0,NYK,SG,81,63.0,29.1,5.5,12.4,0.443,3.5,8.7,0.401,2.0,3.7,0.542,0.584,1.1,1.4,0.754,0.8,2.9,3.7,2.7,1.3,0.4,1.4,2.0,15.5,0
2015,NBA,Dorell Wright,wrighdo01,29.0,POR,SF,48,2.0,12.3,1.5,4.0,0.379,0.9,2.3,0.38,0.6,1.7,0.378,0.487,0.7,0.9,0.81,0.3,2.0,2.3,0.9,0.4,0.2,0.4,1.1,4.6,0
2017,NBA,Dorian Finney-Smith,finnedo01,23.0,DAL,PF,81,35.0,20.3,1.5,4.1,0.372,0.7,2.4,0.293,0.8,1.8,0.479,0.456,0.6,0.8,0.754,0.7,2.1,2.7,0.8,0.6,0.3,0.6,1.5,4.3,0
2018,NBA,Dorian Finney-Smith,finnedo01,24.0,DAL,PF,21,13.0,21.3,2.2,5.8,0.38,1.0,3.2,0.299,1.2,2.6,0.481,0.463,0.5,0.7,0.733,1.0,2.5,3.6,1.2,0.5,0.2,1.0,2.0,5.9,0
2019,NBA,Dorian Finney-Smith,finnedo01,25.0,DAL,SF,81,26.0,24.5,2.8,6.5,0.432,1.0,3.1,0.311,1.8,3.4,0.544,0.507,0.9,1.3,0.709,1.7,3.1,4.8,1.2,0.9,0.4,0.9,2.3,7.5,0
2020,NBA,Dorian Finney-Smith,finnedo01,26.0,DAL,PF,71,68.0,29.9,3.4,7.4,0.466,1.6,4.3,0.376,1.8,3.1,0.589,0.575,1.1,1.5,0.722,2.0,3.7,5.7,1.6,0.6,0.5,1.0,2.5,9.5,0
2021,NBA,Dorian Finney-Smith,finnedo01,27.0,DAL,PF,60,60.0,32.0,3.7,7.8,0.472,2.0,5.0,0.394,1.7,2.7,0.616,0.6,0.5,0.7,0.756,1.6,3.8,5.4,1.7,0.9,0.4,0.8,2.3,9.8,0
2022,NBA,Dorian Finney-Smith,finnedo01,28.0,DAL,PF,80,80.0,33.1,4.1,8.7,0.471,2.2,5.4,0.395,1.9,3.2,0.599,0.595,0.7,1.0,0.675,1.5,3.2,4.7,1.9,1.1,0.5,1.0,2.3,11.0,0
2023,NBA,Dorian Finney-Smith,finnedo01,29.0,2TM,PF,66,66.0,30.4,3.0,7.6,0.391,1.7,5.1,0.337,1.2,2.5,0.503,0.505,0.7,0.9,0.763,1.7,3.1,4.8,1.5,0.8,0.5,0.9,2.2,8.3,0
2024,NBA,Dorian Finney-Smith,finnedo01,30.0,BRK,PF,68,56.0,28.4,3.2,7.5,0.421,1.7,4.9,0.348,1.4,2.6,0.56,0.535,0.5,0.7,0.717,1.6,3.1,4.7,1.6,0.8,0.6,0.9,2.2,8.5,0
2015,NBA,Doug McDermott,mcderdo01,23.0,CHI,SF,36,0.0,8.9,1.2,3.0,0.402,0.4,1.1,0.317,0.8,1.8,0.455,0.463,0.3,0.4,0.667,0.2,1.0,1.2,0.2,0.1,0.0,0.5,0.8,3.0,0
2016,NBA,Doug McDermott,mcderdo01,24.0,CHI,SF,81,4.0,23.0,3.6,8.0,0.452,1.4,3.2,0.425,2.2,4.8,0.47,0.537,0.9,1.0,0.857,0.5,2.0,2.4,0.7,0.2,0.1,0.7,1.6,9.4,0
2017,NBA,Doug McDermott,mcderdo01,25.0,2TM,SF,66,5.0,22.8,3.4,7.5,0.447,1.2,3.2,0.37,2.2,4.4,0.502,0.524,1.1,1.3,0.845,0.3,2.4,2.7,0.9,0.2,0.1,0.6,1.2,9.0,0
2018,NBA,Doug McDermott,mcderdo01,26.0,2TM,SF,81,4.0,21.8,2.9,6.3,0.467,1.1,2.7,0.426,1.8,3.6,0.497,0.557,0.8,1.0,0.79,0.5,2.0,2.5,1.0,0.2,0.2,0.7,1.5,7.8,0
2019,NBA,Doug McDermott,mcderdo01,27.0,IND,SF,77,1.0,17.4,2.7,5.5,0.491,1.1,2.7,0.408,1.6,2.8,0.569,0.59,0.9,1.0,0.835,0.2,1.2,1.4,0.9,0.2,0.1,0.5,1.4,7.3,0
2020,NBA,Doug McDermott,mcderdo01,28.0,IND,PF,69,0.0,19.9,3.9,7.9,0.488,1.9,4.3,0.435,2.0,3.7,0.549,0.605,0.7,0.8,0.828,0.4,2.1,2.5,1.1,0.2,0.1,0.6,1.7,10.3,0
2021,NBA,Doug McDermott,mcderdo01,29.0,IND,PF,66,29.0,24.5,5.4,10.1,0.532,1.7,4.3,0.388,3.7,5.7,0.641,0.616,1.2,1.5,0.816,0.9,2.4,3.3,1.3,0.3,0.1,0.8,1.8,13.6,0
2022,NBA,Doug McDermott,mcderdo01,30.0,SAS,PF,51,51.0,24.0,4.2,9.1,0.462,2.1,5.0,0.422,2.1,4.1,0.512,0.578,0.8,1.0,0.784,0.4,1.9,2.3,1.3,0.3,0.1,0.8,1.5,11.3,0
2023,NBA,Doug McDermott,mcderdo01,31.0,SAS,SF,64,0.0,20.5,3.7,8.2,0.457,1.9,4.7,0.413,1.8,3.5,0.516,0.575,0.8,1.1,0.757,0.4,1.8,2.2,1.4,0.2,0.1,0.9,1.8,10.2,0
2024,NBA,Doug McDermott,mcderdo01,32.0,2TM,SF,64,0.0,14.1,1.9,4.4,0.433,1.5,3.6,0.41,0.5,0.9,0.527,0.599,0.2,0.3,0.579,0.2,0.8,0.9,1.1,0.3,0.0,0.4,1.0,5.5,0
2017,NBA,Dragan Bender,bendedr01,19.0,PHO,PF,43,0.0,13.3,1.3,3.7,0.354,0.7,2.3,0.277,0.7,1.4,0.483,0.441,0.1,0.3,0.364,0.5,1.9,2.4,0.5,0.2,0.5,0.7,1.7,3.4,0
2018,NBA,Dragan Bender,bendedr01,20.0,PHO,PF,82,37.0,25.2,2.3,5.9,0.386,1.4,3.9,0.366,0.8,2.0,0.426,0.508,0.5,0.6,0.765,0.5,3.9,4.4,1.6,0.3,0.6,1.4,2.0,6.5,0
2019,NBA,Dragan Bender,bendedr01,21.0,PHO,PF,46,27.0,18.0,1.9,4.3,0.447,0.5,2.2,0.218,1.4,2.1,0.688,0.503,0.7,1.2,0.593,0.7,3.2,4.0,1.2,0.4,0.5,0.8,2.0,5.0,0
2015,NBA,Draymond Green,greendr01,24.0,GSW,PF,79,79.0,31.5,4.3,9.7,0.443,1.4,4.2,0.337,2.9,5.5,0.523,0.516,1.7,2.5,0.66,1.4,6.7,8.2,3.7,1.6,1.3,1.7,3.2,11.7,0
2016,NBA,Draymond Green,greendr01,25.0,GSW,PF,81,81.0,34.7,5.0,10.1,0.49,1.2,3.2,0.388,3.7,6.9,0.537,0.551,2.8,4.1,0.696,1.7,7.8,9.5,7.4,1.5,1.4,3.2,3.0,14.0,1
2017,NBA,Draymond Green,greendr01,26.0,GSW,PF,76,76.0,32.5,3.6,8.6,0.418,1.1,3.5,0.308,2.5,5.1,0.494,0.481,2.0,2.8,0.709,1.3,6.6,7.9,7.0,2.0,1.4,2.4,2.9,10.2,1
2018,NBA,Draymond Green,greendr01,27.0,GSW,PF,70,70.0,32.7,4.0,8.8,0.454,1.1,3.7,0.301,2.9,5.2,0.562,0.516,1.9,2.5,0.775,1.1,6.6,7.6,7.3,1.4,1.3,2.9,2.6,11.0,1
2019,NBA,Draymond Green,greendr01,28.0,GSW,PF,66,66.0,31.3,2.8,6.4,0.445,0.7,2.5,0.285,2.1,3.9,0.549,0.501,1.0,1.4,0.692,0.9,6.4,7.3,6.9,1.4,1.1,2.6,3.0,7.4,0
2020,NBA,Draymond Green,greendr01,29.0,GSW,PF,43,43.0,28.4,2.9,7.3,0.389,0.8,3.0,0.279,2.0,4.3,0.465,0.446,1.5,1.9,0.759,0.5,5.7,6.2,6.2,1.4,0.8,2.3,2.6,8.0,0
2021,NBA,Draymond Green,greendr01,30.0,GSW,PF,63,63.0,31.5,2.7,6.0,0.447,0.5,2.0,0.27,2.2,4.0,0.535,0.492,1.1,1.4,0.795,0.9,6.2,7.1,8.9,1.7,0.8,3.0,3.1,7.0,0
2022,NBA,Draymond Green,greendr01,31.0,GSW,PF,46,44.0,28.9,2.9,5.6,0.525,0.3,1.2,0.296,2.6,4.4,0.586,0.556,1.3,2.0,0.659,1.0,6.3,7.3,7.0,1.3,1.1,3.0,3.0,7.5,1
2023,NBA,Draymond Green,greendr01,32.0,GSW,PF,73,73.0,31.5,3.4,6.5,0.527,0.5,1.8,0.305,2.9,4.7,0.612,0.57,1.1,1.5,0.713,0.9,6.3,7.2,6.8,1.0,0.8,2.8,3.1,8.5,0
2024,NBA,Draymond Green,greendr01,33.0,GSW,PF,55,52.0,27.1,3.4,6.8,0.497,0.9,2.3,0.395,2.4,4.4,0.551,0.566,1.0,1.3,0.73,1.4,5.9,7.2,6.0,1.0,0.9,2.5,3.0,8.6,0
2019,NBA,Drew Eubanks,eubandr01,21.0,SAS,PF,23,0.0,4.9,0.7,1.1,0.577,0.0,0.0,0.0,0.7,1.1,0.577,0.577,0.5,0.6,0.846,0.3,1.2,1.5,0.3,0.1,0.2,0.3,0.5,1.8,0
2020,NBA,Drew Eubanks,eubandr01,22.0,SAS,C,22,3.0,12.4,2.0,3.0,0.642,0.0,0.0,1.0,1.9,3.0,0.636,0.649,0.9,1.2,0.769,1.3,2.6,3.9,0.7,0.2,0.8,1.0,1.7,4.9,0
2021,NBA,Drew Eubanks,eubandr01,23.0,SAS,C,54,3.0,14.0,2.1,3.8,0.566,0.0,0.0,1.0,2.1,3.8,0.562,0.571,1.4,2.0,0.726,1.4,3.1,4.5,0.8,0.3,0.9,0.8,1.6,5.8,0
2022,NBA,Drew Eubanks,eubandr01,24.0,2TM,C,71,31.0,17.5,3.1,5.2,0.596,0.1,0.3,0.217,3.0,4.9,0.621,0.602,1.4,1.8,0.762,1.8,3.5,5.4,1.2,0.4,0.6,1.1,1.7,7.7,0
2023,NBA,Drew Eubanks,eubandr01,25.0,POR,C,78,28.0,20.3,2.7,4.3,0.641,0.1,0.2,0.389,2.7,4.1,0.655,0.651,1.1,1.6,0.664,1.7,3.7,5.4,1.3,0.5,1.3,0.9,2.2,6.6,0
2024,NBA,Drew Eubanks,eubandr01,26.0,PHO,C,75,6.0,15.6,2.0,3.4,0.601,0.0,0.0,1.0,2.0,3.3,0.596,0.607,1.0,1.2,0.774,1.4,2.9,4.3,0.8,0.4,0.8,0.8,1.5,5.1,0
2015,NBA,Drew Gooden,goodedr01,33.0,WAS,PF,51,7.0,16.9,2.2,5.4,0.399,0.5,1.2,0.39,1.7,4.3,0.401,0.44,0.7,0.9,0.773,1.4,3.0,4.4,1.0,0.4,0.2,0.5,1.8,5.4,0
2016,NBA,Drew Gooden,goodedr01,34.0,WAS,PF,30,0.0,10.2,1.1,3.4,0.32,0.2,1.4,0.171,0.9,2.1,0.419,0.354,0.3,0.5,0.643,0.9,1.9,2.8,0.4,0.3,0.4,0.4,1.3,2.7,0
2022,NBA,Duane Washington Jr.,washidu02,21.0,IND,PG,48,7.0,20.2,3.6,8.9,0.405,1.7,4.5,0.377,1.9,4.4,0.434,0.5,1.0,1.3,0.754,0.1,1.6,1.7,1.8,0.5,0.1,1.2,1.4,9.9,0
2023,NBA,Duane Washington Jr.,washidu02,22.0,PHO,SG,31,3.0,12.7,3.0,8.3,0.367,1.3,3.6,0.36,1.7,4.7,0.372,0.445,0.5,0.8,0.667,0.1,1.1,1.2,2.0,0.2,0.1,1.1,0.7,7.9,0
2020,NBA,Duncan Robinson,robindu01,25.0,MIA,SG,73,68.0,29.7,4.4,9.4,0.47,3.7,8.3,0.446,0.7,1.1,0.654,0.667,0.9,1.0,0.931,0.1,3.0,3.2,1.4,0.5,0.3,1.0,2.6,13.5,0
2021,NBA,Duncan Robinson,robindu01,26.0,MIA,SF,72,72.0,31.4,4.4,10.0,0.439,3.5,8.5,0.408,0.9,1.4,0.625,0.614,0.9,1.0,0.827,0.1,3.4,3.5,1.8,0.6,0.3,1.1,2.5,13.1,0
2022,NBA,Duncan Robinson,robindu01,27.0,MIA,SG,79,68.0,25.9,3.7,9.2,0.399,2.9,7.9,0.372,0.7,1.3,0.569,0.559,0.6,0.8,0.836,0.3,2.3,2.6,1.6,0.5,0.2,0.8,2.5,10.9,0
2023,NBA,Duncan Robinson,robindu01,28.0,MIA,SF,42,1.0,16.5,2.1,5.6,0.371,1.5,4.6,0.328,0.6,1.1,0.556,0.504,0.7,0.8,0.906,0.2,1.5,1.6,1.1,0.3,0.0,0.7,1.8,6.4,0
2024,NBA,Duncan Robinson,robindu01,29.0,MIA,SF,68,36.0,28.0,4.5,9.9,0.45,2.8,7.0,0.395,1.7,3.0,0.579,0.589,1.2,1.3,0.889,0.2,2.3,2.5,2.8,0.7,0.2,1.4,2.4,12.9,0
2024,NBA,Duop Reath,reathdu01,27.0,POR,C,68,20.0,17.9,3.4,7.3,0.461,1.3,3.6,0.359,2.1,3.7,0.559,0.549,1.0,1.4,0.742,1.4,2.3,3.7,1.0,0.5,0.6,0.8,2.4,9.1,0
2018,NBA,Dwayne Bacon,bacondw01,22.0,CHO,SG,53,6.0,13.5,1.4,3.6,0.375,0.2,0.8,0.256,1.2,2.8,0.409,0.404,0.4,0.5,0.8,0.1,2.3,2.3,0.7,0.3,0.0,0.4,0.9,3.3,0
2019,NBA,Dwayne Bacon,bacondw01,23.0,CHO,SG,43,13.0,17.7,2.8,6.0,0.475,0.9,2.0,0.437,2.0,4.0,0.494,0.549,0.8,1.1,0.739,0.2,1.9,2.1,1.1,0.3,0.1,0.4,1.7,7.3,0
2020,NBA,Dwayne Bacon,bacondw01,24.0,CHO,SG,39,11.0,17.6,2.2,6.3,0.348,0.5,1.7,0.284,1.7,4.5,0.373,0.387,0.9,1.4,0.66,0.4,2.2,2.6,1.3,0.6,0.1,0.9,1.3,5.7,0
2021,NBA,Dwayne Bacon,bacondw01,25.0,ORL,SG,72,50.0,25.7,4.1,10.1,0.402,0.8,2.9,0.285,3.2,7.2,0.449,0.443,2.0,2.4,0.824,0.4,2.7,3.1,1.3,0.6,0.1,0.6,1.4,10.9,0
2018,NBA,Dwight Buycks,buyckdw01,28.0,DET,PG,29,0.0,14.7,2.8,6.8,0.414,0.5,1.6,0.333,2.3,5.3,0.438,0.452,1.2,1.4,0.878,0.4,1.0,1.4,2.0,0.7,0.1,1.3,1.3,7.4,0
2015,NBA,Dwight Howard,howardw01,29.0,HOU,C,41,41.0,29.8,6.1,10.3,0.593,0.0,0.0,0.5,6.1,10.3,0.594,0.595,3.5,6.6,0.528,2.7,7.8,10.5,1.2,0.7,1.3,2.8,3.3,15.8,0
2016,NBA,Dwight Howard,howardw01,30.0,HOU,C,71,71.0,32.1,5.2,8.5,0.62,0.0,0.1,0.0,5.2,8.4,0.626,0.62,3.3,6.7,0.489,3.4,8.4,11.8,1.4,1.0,1.6,2.3,3.1,13.7,0
2017,NBA,Dwight Howard,howardw01,31.0,ATL,C,74,74.0,29.7,5.2,8.3,0.633,0.0,0.0,0.0,5.2,8.3,0.635,0.633,3.1,5.7,0.533,4.0,8.7,12.7,1.4,0.9,1.2,2.3,2.7,13.5,0
2018,NBA,Dwight Howard,howardw01,32.0,CHO,C,81,81.0,30.4,6.2,11.2,0.555,0.0,0.1,0.143,6.2,11.2,0.559,0.556,4.1,7.2,0.574,3.1,9.3,12.5,1.3,0.6,1.6,2.6,3.1,16.6,0
2020,NBA,Dwight Howard,howardw01,34.0,LAL,C,69,2.0,18.9,2.9,4.0,0.729,0.0,0.1,0.6,2.9,3.9,0.732,0.735,1.6,3.1,0.514,2.5,4.9,7.3,0.7,0.4,1.1,1.2,3.2,7.5,0
2021,NBA,Dwight Howard,howardw01,35.0,PHI,C,69,6.0,17.3,2.6,4.4,0.587,0.1,0.3,0.25,2.5,4.1,0.611,0.596,1.8,3.0,0.576,2.8,5.7,8.4,0.9,0.4,0.9,1.6,2.9,7.0,0
2022,NBA,Dwight Howard,howardw01,36.0,LAL,C,60,27.0,16.2,2.2,3.7,0.612,0.1,0.3,0.533,2.1,3.4,0.618,0.63,1.6,2.4,0.658,2.0,4.0,5.9,0.6,0.6,0.6,0.8,1.9,6.2,0
2015,NBA,Dwight Powell,poweldw01,23.0,2TM,PF,29,0.0,8.1,1.1,2.3,0.463,0.1,0.4,0.273,1.0,1.9,0.5,0.485,0.9,1.1,0.758,0.6,1.1,1.7,0.3,0.3,0.2,0.4,1.4,3.1,0
2016,NBA,Dwight Powell,poweldw01,24.0,DAL,PF,69,2.0,14.4,2.1,4.3,0.493,0.0,0.2,0.125,2.1,4.1,0.514,0.497,1.5,2.1,0.739,1.2,2.7,4.0,0.6,0.5,0.3,0.6,1.7,5.8,0
2017,NBA,Dwight Powell,poweldw01,25.0,DAL,C,77,3.0,17.3,2.5,4.9,0.515,0.3,1.0,0.284,2.2,3.9,0.571,0.542,1.4,1.8,0.759,1.2,2.8,4.0,0.6,0.8,0.5,0.4,1.8,6.7,0
2018,NBA,Dwight Powell,poweldw01,26.0,DAL,C,79,24.0,21.2,3.2,5.4,0.593,0.4,1.1,0.333,2.9,4.4,0.656,0.626,1.7,2.3,0.719,1.7,3.9,5.6,1.2,0.8,0.4,0.7,2.4,8.5,0
2019,NBA,Dwight Powell,poweldw01,27.0,DAL,C,77,22.0,21.6,3.8,6.3,0.597,0.5,1.6,0.307,3.3,4.7,0.699,0.637,2.5,3.3,0.772,1.8,3.5,5.3,1.5,0.6,0.6,0.9,2.6,10.6,0
2020,NBA,Dwight Powell,poweldw01,28.0,DAL,C,40,37.0,26.5,3.7,5.7,0.638,0.3,1.0,0.256,3.4,4.8,0.716,0.659,1.9,2.8,0.667,1.9,3.8,5.7,1.5,0.9,0.6,0.9,2.6,9.4,0
2021,NBA,Dwight Powell,poweldw01,29.0,DAL,C,58,19.0,16.7,2.1,3.3,0.619,0.1,0.4,0.238,2.0,3.0,0.665,0.631,1.7,2.1,0.782,1.4,2.7,4.0,1.1,0.6,0.5,0.7,2.3,5.9,0
2022,NBA,Dwight Powell,poweldw01,30.0,DAL,C,82,71.0,21.9,3.3,4.9,0.671,0.2,0.5,0.351,3.1,4.4,0.703,0.687,2.0,2.6,0.783,2.1,2.8,4.9,1.2,0.5,0.5,0.8,2.7,8.7,0
2023,NBA,Dwight Powell,poweldw01,31.0,DAL,C,76,64.0,19.2,2.6,3.5,0.732,0.0,0.1,0.0,2.6,3.5,0.746,0.732,1.5,2.2,0.667,2.0,2.2,4.1,0.9,0.6,0.3,0.9,2.8,6.7,0
2024,NBA,Dwight Powell,poweldw01,32.0,DAL,C,63,9.0,13.3,1.1,1.7,0.679,0.0,0.0,0.333,1.1,1.6,0.689,0.684,1.0,1.4,0.708,1.5,1.9,3.4,1.3,0.4,0.3,0.5,1.8,3.3,0
2015,NBA,Dwyane Wade,wadedw01,33.0,MIA,SG,62,62.0,31.8,8.2,17.5,0.47,0.5,1.6,0.284,7.7,15.8,0.489,0.483,4.6,6.0,0.768,0.9,2.6,3.5,4.8,1.2,0.3,3.4,1.7,21.5,1
2016,NBA,Dwyane Wade,wadedw01,34.0,MIA,SG,74,73.0,30.5,7.3,16.0,0.456,0.1,0.6,0.159,7.2,15.4,0.468,0.459,4.4,5.5,0.793,1.1,3.0,4.1,4.6,1.1,0.6,2.7,1.6,19.0,1
2017,NBA,Dwyane Wade,wadedw01,35.0,CHI,SG,60,59.0,29.9,6.9,15.9,0.434,0.8,2.4,0.31,6.2,13.5,0.456,0.457,3.7,4.7,0.794,1.1,3.5,4.5,3.8,1.4,0.7,2.3,1.9,18.3,0
2018,NBA,Dwyane Wade,wadedw01,36.0,2TM,SG,67,3.0,22.9,4.5,10.2,0.438,0.5,1.7,0.288,4.0,8.5,0.468,0.462,2.0,2.8,0.714,0.7,3.0,3.8,3.4,0.9,0.7,2.1,1.9,11.4,0
2019,NBA,Dwyane Wade,wadedw01,37.0,MIA,SG,72,2.0,26.2,5.8,13.3,0.433,1.2,3.6,0.33,4.6,9.7,0.472,0.478,2.3,3.2,0.708,1.0,3.0,4.0,4.2,0.8,0.5,2.3,1.6,15.0,1
2021,NBA,Dylan Windler,windldy01,24.0,CLE,SF,31,0.0,16.5,1.8,4.2,0.438,0.8,2.5,0.338,1.0,1.7,0.585,0.538,0.7,0.9,0.778,0.6,2.8,3.5,1.1,0.6,0.4,1.0,1.2,5.2,0
2022,NBA,Dylan Windler,windldy01,25.0,CLE,SF,50,0.0,9.2,0.7,2.0,0.378,0.4,1.4,0.3,0.3,0.6,0.571,0.485,0.3,0.4,0.833,0.4,1.4,1.8,0.7,0.3,0.1,0.3,0.9,2.2,0
2023,NBA,Dyson Daniels,daniedy01,19.0,NOP,PG,59,11.0,17.7,1.5,3.5,0.418,0.5,1.5,0.314,1.0,2.1,0.492,0.483,0.4,0.7,0.65,0.6,2.6,3.2,2.3,0.7,0.2,1.0,1.7,3.8,0
2024,NBA,Dyson Daniels,daniedy01,20.0,NOP,PG,61,16.0,22.3,2.3,5.1,0.447,0.7,2.2,0.311,1.6,2.9,0.551,0.514,0.6,0.9,0.642,1.0,2.9,3.9,2.7,1.4,0.4,1.0,1.7,5.8,0
2017,NBA,Dāvis Bertāns,bertada01,24.0,SAS,PF,67,6.0,12.1,1.5,3.5,0.44,1.0,2.6,0.399,0.5,0.9,0.557,0.588,0.4,0.5,0.824,0.3,1.1,1.5,0.7,0.3,0.4,0.5,1.1,4.5,0
2018,NBA,Dāvis Bertāns,bertada01,25.0,SAS,PF,77,10.0,14.1,2.1,4.8,0.44,1.2,3.3,0.373,0.9,1.5,0.588,0.568,0.5,0.6,0.816,0.2,1.8,2.0,1.0,0.3,0.4,0.5,1.2,5.9,0
2019,NBA,Dāvis Bertāns,bertada01,26.0,SAS,PF,76,12.0,21.5,2.7,6.0,0.45,1.9,4.4,0.429,0.8,1.5,0.513,0.61,0.7,0.8,0.883,0.3,3.2,3.5,1.3,0.5,0.4,0.6,1.8,8.0,0
2020,NBA,Dāvis Bertāns,bertada01,27.0,WAS,PF,54,4.0,29.3,4.9,11.3,0.434,3.7,8.7,0.424,1.2,2.6,0.471,0.598,1.9,2.3,0.852,0.6,3.9,4.5,1.7,0.7,0.6,1.1,2.6,15.4,0
2021,NBA,Dāvis Bertāns,bertada01,28.0,WAS,PF,57,7.0,25.7,3.4,8.4,0.404,3.0,7.5,0.395,0.4,0.9,0.48,0.581,1.8,2.0,0.87,0.3,2.6,2.9,0.9,0.6,0.2,0.6,2.4,11.5,0
2022,NBA,Dāvis Bertāns,bertada01,29.0,2TM,PF,56,0.0,14.4,1.8,4.9,0.36,1.4,4.1,0.335,0.4,0.8,0.489,0.5,0.6,0.7,0.9,0.2,1.9,2.1,0.6,0.3,0.2,0.3,1.5,5.6,0
2023,NBA,Dāvis Bertāns,bertada01,30.0,DAL,PF,45,1.0,10.9,1.5,3.6,0.431,1.2,3.1,0.39,0.3,0.4,0.737,0.603,0.3,0.3,0.867,0.2,1.0,1.2,0.5,0.2,0.2,0.2,1.2,4.6,0
2024,NBA,Dāvis Bertāns,bertada01,31.0,2TM,PF,43,1.0,15.7,2.1,5.4,0.393,1.8,4.7,0.38,0.4,0.8,0.471,0.556,0.7,0.8,0.909,0.2,1.2,1.4,0.8,0.6,0.3,0.4,1.3,6.7,0
2020,NBA,Džanan Musa,musadz01,20.0,BRK,SF,40,0.0,12.2,1.6,4.3,0.372,0.5,2.0,0.244,1.1,2.4,0.479,0.427,1.1,1.5,0.75,0.5,1.6,2.2,1.1,0.4,0.0,0.9,0.8,4.8,0
2015,NBA,E'Twaun Moore,mooreet01,25.0,CHI,SG,56,0.0,9.0,1.1,2.5,0.446,0.2,0.7,0.342,0.9,1.8,0.485,0.493,0.2,0.4,0.6,0.2,0.6,0.8,0.6,0.4,0.1,0.3,0.8,2.7,0
2016,NBA,E'Twaun Moore,mooreet01,26.0,CHI,SG,59,22.0,21.4,3.2,6.6,0.481,0.8,1.8,0.452,2.4,4.8,0.491,0.541,0.4,0.6,0.629,0.3,1.9,2.3,1.7,0.6,0.3,0.9,1.7,7.5,0
2017,NBA,E'Twaun Moore,mooreet01,27.0,NOP,SG,73,22.0,24.9,3.9,8.5,0.457,1.1,2.8,0.37,2.8,5.6,0.501,0.519,0.8,1.0,0.77,0.5,1.6,2.1,2.2,0.7,0.4,0.8,1.8,9.6,0
2018,NBA,E'Twaun Moore,mooreet01,28.0,NOP,SG,82,80.0,31.5,5.2,10.1,0.508,1.6,3.7,0.425,3.6,6.5,0.556,0.585,0.6,0.8,0.706,0.7,2.2,2.9,2.3,1.0,0.1,1.2,2.2,12.5,0
2019,NBA,E'Twaun Moore,mooreet01,29.0,NOP,SG,53,36.0,27.6,4.8,10.0,0.481,1.4,3.3,0.432,3.4,6.7,0.506,0.553,0.8,1.1,0.763,0.7,1.7,2.4,1.9,0.8,0.2,1.1,2.1,11.9,0
2020,NBA,E'Twaun Moore,mooreet01,30.0,NOP,SG,56,6.0,18.2,3.3,7.8,0.426,1.1,3.0,0.377,2.2,4.8,0.456,0.498,0.6,0.8,0.689,0.6,1.8,2.3,1.4,0.6,0.2,0.7,1.4,8.3,0
2021,NBA,E'Twaun Moore,mooreet01,31.0,PHO,SG,27,1.0,14.4,2.0,4.5,0.455,0.4,1.3,0.314,1.6,3.2,0.512,0.5,0.4,0.5,0.857,0.5,1.1,1.7,1.5,0.6,0.2,0.9,1.2,4.9,0
2015,NBA,Ed Davis,davised01,25.0,LAL,PF,79,24.0,23.3,3.6,5.9,0.601,0.0,0.0,0.0,3.6,5.9,0.601,0.601,1.2,2.4,0.487,2.9,4.7,7.6,1.2,0.6,1.2,0.7,2.6,8.3,0
2016,NBA,Ed Davis,davised01,26.0,POR,PF,81,0.0,20.8,2.5,4.2,0.611,0.0,0.0,0.0,2.5,4.2,0.611,0.611,1.4,2.5,0.559,2.8,4.6,7.4,1.1,0.7,0.9,0.8,2.5,6.5,0
2017,NBA,Ed Davis,davised01,27.0,POR,PF,46,12.0,17.2,1.6,3.1,0.528,0.0,0.0,0.0,1.6,3.1,0.528,0.528,1.1,1.8,0.617,2.1,3.2,5.3,0.6,0.3,0.5,0.8,3.0,4.3,0
2018,NBA,Ed Davis,davised01,28.0,POR,C,78,0.0,18.9,2.2,3.7,0.582,0.0,0.0,0.0,2.2,3.7,0.584,0.582,0.9,1.4,0.667,2.3,5.0,7.4,0.5,0.4,0.7,0.8,2.4,5.3,0
2019,NBA,Ed Davis,davised01,29.0,BRK,C,81,1.0,17.9,2.3,3.7,0.616,0.0,0.0,0.0,2.3,3.7,0.62,0.616,1.2,2.0,0.617,2.7,5.9,8.6,0.8,0.4,0.4,0.8,2.8,5.8,0
2020,NBA,Ed Davis,davised01,30.0,UTA,C,28,1.0,10.8,0.8,1.6,0.478,0.0,0.0,0.0,0.8,1.6,0.478,0.478,0.3,0.5,0.5,1.3,2.5,3.8,0.4,0.4,0.3,0.5,2.2,1.8,0
2021,NBA,Ed Davis,davised01,31.0,MIN,C,23,7.0,13.0,0.8,1.9,0.432,0.0,0.0,0.0,0.8,1.9,0.432,0.432,0.4,0.5,0.833,2.0,3.0,5.0,0.9,0.6,0.6,0.3,2.4,2.1,0
2022,NBA,Ed Davis,davised01,32.0,CLE,C,31,3.0,6.5,0.4,0.5,0.688,0.0,0.0,0.0,0.4,0.5,0.688,0.688,0.2,0.5,0.429,0.5,1.6,2.1,0.2,0.1,0.3,0.2,1.1,0.9,0
2019,NBA,Edmond Sumner,sumneed01,23.0,IND,PG,23,2.0,9.1,1.0,2.8,0.344,0.3,1.2,0.259,0.7,1.6,0.405,0.398,0.7,1.0,0.625,0.4,0.7,1.0,0.4,0.5,0.2,0.4,1.1,2.9,0
2020,NBA,Edmond Sumner,sumneed01,24.0,IND,SG,31,3.0,14.4,2.0,4.6,0.43,0.5,1.7,0.264,1.5,2.9,0.528,0.479,0.5,0.9,0.552,0.4,1.1,1.5,1.8,0.5,0.3,0.7,1.4,4.9,0
2021,NBA,Edmond Sumner,sumneed01,25.0,IND,SG,53,24.0,16.2,2.8,5.3,0.525,0.7,1.7,0.398,2.1,3.7,0.582,0.587,1.3,1.6,0.819,0.3,1.4,1.8,0.9,0.6,0.2,1.0,1.7,7.5,0
2023,NBA,Edmond Sumner,sumneed01,27.0,BRK,SG,53,12.0,13.9,2.3,5.1,0.461,0.6,1.6,0.356,1.8,3.4,0.511,0.519,1.9,2.0,0.917,0.2,1.2,1.5,1.3,0.6,0.2,0.9,1.6,7.1,0
2015,NBA,Ekpe Udoh,udohek01,27.0,LAC,PF,33,0.0,3.9,0.3,0.7,0.458,0.0,0.0,0.0,0.3,0.7,0.458,0.458,0.2,0.3,0.778,0.2,0.6,0.8,0.2,0.2,0.2,0.2,0.6,0.9,0
2018,NBA,Ekpe Udoh,udohek01,30.0,UTA,C,63,3.0,12.9,1.0,1.9,0.5,0.0,0.0,0.0,1.0,1.9,0.504,0.5,0.7,0.9,0.75,1.1,1.3,2.4,0.8,0.7,1.2,0.3,1.7,2.6,0
2019,NBA,Ekpe Udoh,udohek01,31.0,UTA,C,51,1.0,6.3,1.0,1.4,0.694,0.0,0.0,0.0,1.0,1.4,0.694,0.694,0.4,0.6,0.633,0.5,1.2,1.8,0.5,0.2,0.6,0.3,0.7,2.3,0
2015,NBA,Elfrid Payton,paytoel01,20.0,ORL,PG,82,63.0,30.4,3.7,8.6,0.425,0.1,0.5,0.262,3.5,8.1,0.435,0.433,1.4,2.6,0.551,1.3,3.0,4.3,6.5,1.7,0.2,2.5,2.4,8.9,0
2016,NBA,Elfrid Payton,paytoel01,21.0,ORL,PG,73,69.0,29.4,4.4,10.0,0.436,0.4,1.3,0.326,3.9,8.7,0.451,0.456,1.5,2.6,0.589,1.1,2.5,3.6,6.4,1.2,0.3,2.4,2.2,10.7,0
2017,NBA,Elfrid Payton,paytoel01,22.0,ORL,PG,82,58.0,29.4,5.2,11.1,0.471,0.5,1.8,0.274,4.8,9.3,0.509,0.493,1.8,2.6,0.692,1.1,3.6,4.7,6.5,1.1,0.5,2.2,2.2,12.8,0
2018,NBA,Elfrid Payton,paytoel01,23.0,2TM,PG,63,63.0,28.7,5.2,10.6,0.493,0.5,1.5,0.326,4.7,9.1,0.52,0.516,1.7,2.7,0.649,1.0,3.3,4.3,6.2,1.3,0.3,2.7,2.3,12.7,0
2019,NBA,Elfrid Payton,paytoel01,24.0,NOP,PG,42,42.0,29.8,4.3,9.8,0.434,0.8,2.5,0.314,3.5,7.3,0.476,0.475,1.3,1.8,0.743,1.2,4.1,5.2,7.6,1.0,0.4,2.7,1.9,10.6,0
2020,NBA,Elfrid Payton,paytoel01,25.0,NYK,PG,45,36.0,27.7,4.3,9.8,0.439,0.3,1.5,0.203,4.0,8.2,0.482,0.455,1.1,1.9,0.57,1.2,3.6,4.7,7.2,1.6,0.4,2.1,2.0,10.0,0
2021,NBA,Elfrid Payton,paytoel01,26.0,NYK,PG,63,63.0,23.6,4.3,9.9,0.432,0.4,1.6,0.286,3.8,8.3,0.46,0.455,1.2,1.7,0.682,1.0,2.4,3.4,3.2,0.7,0.1,1.6,1.8,10.1,0
2022,NBA,Elfrid Payton,paytoel01,27.0,PHO,PG,50,1.0,11.0,1.3,3.5,0.383,0.1,0.4,0.222,1.3,3.1,0.401,0.394,0.2,0.6,0.375,0.4,1.3,1.8,2.0,0.5,0.1,0.9,0.8,3.0,0
2019,NBA,Elie Okobo,okoboel01,21.0,PHO,PG,53,16.0,18.1,2.2,5.5,0.393,0.7,2.5,0.295,1.4,3.0,0.475,0.46,0.7,0.9,0.787,0.2,1.6,1.8,2.4,0.6,0.1,1.3,2.1,5.7,0
2020,NBA,Elie Okobo,okoboel01,22.0,PHO,PG,55,3.0,13.1,1.3,3.3,0.398,0.5,1.3,0.352,0.9,2.0,0.427,0.467,0.9,1.3,0.704,0.3,1.3,1.6,2.1,0.4,0.1,0.7,1.0,4.0,0
2022,NBA,Elijah Hughes,hugheel01,23.0,2TM,SG,36,4.0,12.1,1.3,4.0,0.326,0.7,2.6,0.263,0.6,1.4,0.449,0.413,0.2,0.3,0.778,0.2,1.4,1.6,0.6,0.4,0.2,0.5,1.1,3.5,0
2015,NBA,Elijah Millsap,millsel01,27.0,UTA,SG,47,5.0,19.7,1.7,5.1,0.34,0.6,1.9,0.311,1.1,3.1,0.358,0.399,1.2,1.8,0.674,0.6,2.6,3.2,1.2,1.2,0.3,1.4,2.6,5.3,0
2016,NBA,Elijah Millsap,millsel01,28.0,UTA,SG,20,0.0,8.7,0.6,2.0,0.282,0.1,0.6,0.083,0.5,1.4,0.37,0.295,0.7,0.9,0.722,0.3,1.5,1.8,1.0,0.4,0.2,0.5,1.7,1.8,0
2015,NBA,Elton Brand,brandel01,35.0,ATL,C,36,4.0,13.5,1.2,2.6,0.442,0.0,0.0,0.0,1.2,2.6,0.447,0.442,0.3,0.6,0.522,0.8,2.0,2.8,0.6,0.5,0.7,0.5,1.5,2.7,0
2018,NBA,Emeka Okafor,okafoem01,35.0,NOP,C,26,19.0,13.6,1.8,3.7,0.505,0.0,0.0,0.0,1.8,3.7,0.505,0.505,0.7,0.8,0.818,1.8,2.8,4.6,0.3,0.3,1.0,0.5,1.2,4.4,0
2016,NBA,Emmanuel Mudiay,mudiaem01,19.0,DEN,PG,68,66.0,30.4,4.8,13.3,0.364,1.1,3.4,0.319,3.8,9.9,0.379,0.404,2.1,3.1,0.67,0.5,2.9,3.4,5.5,1.0,0.5,3.2,2.1,12.8,0
2017,NBA,Emmanuel Mudiay,mudiaem01,20.0,DEN,PG,55,41.0,25.6,3.8,10.0,0.377,1.0,3.2,0.315,2.8,6.8,0.408,0.428,2.4,3.0,0.784,0.5,2.7,3.2,3.9,0.7,0.2,2.2,1.7,11.0,0
2018,NBA,Emmanuel Mudiay,mudiaem01,21.0,2TM,PG,64,14.0,19.5,3.2,8.2,0.388,0.7,2.3,0.318,2.5,5.9,0.415,0.433,1.5,2.0,0.76,0.4,2.0,2.4,3.2,0.6,0.2,1.8,1.3,8.6,0
2019,NBA,Emmanuel Mudiay,mudiaem01,22.0,NYK,PG,59,42.0,27.2,5.6,12.5,0.446,1.2,3.6,0.329,4.4,9.0,0.492,0.493,2.4,3.2,0.774,0.6,2.8,3.3,3.9,0.7,0.3,2.4,1.7,14.8,0
2020,NBA,Emmanuel Mudiay,mudiaem01,23.0,UTA,PG,54,2.0,15.7,2.8,6.1,0.462,0.6,1.6,0.345,2.2,4.4,0.504,0.508,1.2,1.5,0.759,0.3,2.0,2.3,2.1,0.4,0.2,1.4,1.3,7.3,0
2015,NBA,Enes Freedom,kanteen01,22.0,2TM,C,75,74.0,28.5,6.4,12.4,0.519,0.2,0.6,0.356,6.2,11.8,0.528,0.528,2.4,3.1,0.782,3.7,5.3,8.9,0.7,0.5,0.4,1.9,2.5,15.5,0
2016,NBA,Enes Freedom,kanteen01,23.0,OKC,C,82,1.0,21.0,5.0,8.8,0.576,0.1,0.3,0.476,4.9,8.5,0.579,0.583,2.4,3.1,0.797,3.0,5.1,8.1,0.4,0.3,0.4,1.4,2.0,12.7,0
2017,NBA,Enes Freedom,kanteen01,24.0,OKC,C,72,0.0,21.3,5.6,10.2,0.545,0.1,0.5,0.132,5.5,9.7,0.568,0.549,3.1,4.0,0.786,2.7,4.0,6.7,0.9,0.4,0.5,1.7,2.1,14.3,0
2018,NBA,Enes Freedom,kanteen01,25.0,NYK,C,71,71.0,25.8,5.9,10.0,0.592,0.0,0.0,0.0,5.9,10.0,0.594,0.592,2.2,2.6,0.848,3.8,7.1,11.0,1.5,0.5,0.5,1.7,2.6,14.1,0
2019,NBA,Enes Freedom,kanteen01,26.0,2TM,C,67,31.0,24.5,5.6,10.2,0.549,0.1,0.5,0.294,5.4,9.7,0.562,0.556,2.3,2.9,0.787,3.8,6.0,9.8,1.7,0.5,0.4,1.8,2.5,13.7,0
2020,NBA,Enes Freedom,kanteen01,27.0,BOS,C,58,7.0,16.9,3.4,6.0,0.572,0.0,0.1,0.143,3.4,5.9,0.581,0.573,1.2,1.7,0.707,2.8,4.6,7.4,1.0,0.4,0.7,1.0,1.7,8.1,0
2021,NBA,Enes Freedom,kanteen01,28.0,POR,C,72,35.0,24.4,4.7,7.8,0.604,0.0,0.1,0.25,4.7,7.7,0.607,0.605,1.8,2.3,0.774,3.9,7.1,11.0,1.2,0.5,0.7,1.1,2.3,11.2,0
2022,NBA,Enes Freedom,kanteen01,29.0,BOS,C,35,1.0,11.7,1.5,2.8,0.526,0.1,0.1,0.4,1.4,2.6,0.533,0.536,0.7,0.8,0.857,1.7,2.8,4.6,0.2,0.1,0.4,0.6,1.2,3.7,0
2015,NBA,Eric Bledsoe,bledser01,25.0,PHO,PG,81,81.0,34.6,5.8,12.9,0.447,1.1,3.4,0.324,4.7,9.6,0.491,0.489,4.4,5.4,0.8,0.9,4.3,5.2,6.1,1.6,0.6,3.4,2.3,17.0,0
2016,NBA,Eric Bledsoe,bledser01,26.0,PHO,PG,31,31.0,34.2,7.2,15.9,0.453,1.5,4.2,0.372,5.6,11.7,0.482,0.502,4.5,5.5,0.802,0.6,3.5,4.0,6.1,2.0,0.6,3.5,2.4,20.4,0
2017,NBA,Eric Bledsoe,bledser01,27.0,PHO,PG,66,66.0,33.0,6.8,15.7,0.434,1.6,4.7,0.335,5.2,11.0,0.477,0.485,5.9,6.9,0.847,0.8,4.1,4.8,6.3,1.4,0.5,3.4,2.5,21.1,0
2018,NBA,Eric Bledsoe,bledser01,28.0,2TM,PG,74,74.0,31.4,6.3,13.4,0.473,1.7,4.9,0.347,4.6,8.5,0.545,0.536,3.4,4.3,0.795,0.7,3.1,3.8,5.0,2.0,0.6,2.9,2.5,17.7,0
2019,NBA,Eric Bledsoe,bledser01,29.0,MIL,PG,78,78.0,29.1,6.0,12.4,0.484,1.6,4.8,0.329,4.4,7.6,0.582,0.548,2.3,3.0,0.75,1.1,3.6,4.6,5.5,1.5,0.4,2.1,2.0,15.9,0
2020,NBA,Eric Bledsoe,bledser01,30.0,MIL,PG,61,61.0,27.0,5.5,11.5,0.475,1.2,3.5,0.344,4.3,8.0,0.533,0.528,2.8,3.5,0.79,0.7,3.9,4.6,5.4,0.9,0.4,2.4,2.1,14.9,0
2021,NBA,Eric Bledsoe,bledser01,31.0,NOP,SG,71,70.0,29.7,4.3,10.3,0.421,1.7,5.0,0.341,2.6,5.3,0.496,0.503,1.9,2.7,0.687,0.4,3.0,3.4,3.8,0.8,0.3,1.6,1.6,12.2,0
2022,NBA,Eric Bledsoe,bledser01,32.0,LAC,PG,54,29.0,25.2,3.6,8.7,0.421,0.9,3.0,0.313,2.7,5.6,0.479,0.475,1.6,2.2,0.761,0.5,2.9,3.4,4.2,1.3,0.4,2.1,1.6,9.9,0
2015,NBA,Eric Gordon,gordoer01,26.0,NOP,SG,61,60.0,33.1,4.7,11.4,0.411,2.3,5.2,0.448,2.4,6.2,0.38,0.512,1.8,2.2,0.805,0.5,2.1,2.6,3.8,0.8,0.2,2.0,2.4,13.4,0
2016,NBA,Eric Gordon,gordoer01,27.0,NOP,SG,45,44.0,32.9,5.1,12.3,0.418,2.5,6.5,0.384,2.6,5.7,0.457,0.521,2.5,2.8,0.888,0.2,2.0,2.2,2.7,1.0,0.3,1.6,2.2,15.2,0
2017,NBA,Eric Gordon,gordoer01,28.0,HOU,SG,75,15.0,31.0,5.5,13.5,0.406,3.3,8.8,0.372,2.2,4.7,0.468,0.527,2.0,2.3,0.84,0.4,2.3,2.7,2.5,0.6,0.5,1.6,2.0,16.2,0
2018,NBA,Eric Gordon,gordoer01,29.0,HOU,SG,69,30.0,31.2,6.0,14.1,0.428,3.2,8.8,0.359,2.9,5.2,0.544,0.54,2.8,3.5,0.809,0.4,2.1,2.5,2.2,0.6,0.4,1.9,1.7,18.0,0
2019,NBA,Eric Gordon,gordoer01,30.0,HOU,SG,68,53.0,31.7,5.6,13.8,0.409,3.2,8.8,0.36,2.5,5.0,0.497,0.525,1.8,2.2,0.783,0.3,1.9,2.2,1.9,0.6,0.4,1.3,2.1,16.2,0
2020,NBA,Eric Gordon,gordoer01,31.0,HOU,SF,36,15.0,28.2,4.8,12.9,0.369,2.7,8.4,0.317,2.1,4.4,0.469,0.473,2.3,3.0,0.766,0.3,1.7,2.0,1.5,0.6,0.4,1.2,1.9,14.4,0
2021,NBA,Eric Gordon,gordoer01,32.0,HOU,SG,27,13.0,29.2,5.9,13.6,0.433,2.6,7.8,0.329,3.3,5.8,0.573,0.527,3.5,4.2,0.825,0.3,1.9,2.1,2.6,0.5,0.5,1.9,1.6,17.8,0
2022,NBA,Eric Gordon,gordoer01,33.0,HOU,SG,57,46.0,29.3,4.7,9.9,0.475,2.2,5.3,0.412,2.5,4.6,0.548,0.585,1.8,2.4,0.778,0.3,1.7,2.0,2.7,0.5,0.3,1.9,1.1,13.4,0
2023,NBA,Eric Gordon,gordoer01,34.0,2TM,SG,69,58.0,28.5,4.2,9.5,0.446,1.9,5.2,0.371,2.3,4.3,0.535,0.547,2.1,2.5,0.821,0.2,1.7,1.9,2.7,0.6,0.4,1.5,1.1,12.4,0
2024,NBA,Eric Gordon,gordoer01,35.0,PHO,SG,68,24.0,27.8,4.0,9.1,0.443,2.2,5.8,0.378,1.8,3.3,0.561,0.565,0.8,0.9,0.797,0.2,1.6,1.8,2.0,1.0,0.4,1.1,1.2,11.0,0
2018,NBA,Eric Moreland,moreler01,26.0,DET,PF,67,3.0,12.0,1.0,1.8,0.541,0.0,0.0,0.0,1.0,1.8,0.541,0.541,0.2,0.4,0.379,1.2,2.9,4.1,1.2,0.5,0.8,0.6,1.7,2.1,0
2020,NBA,Eric Paschall,pascher01,23.0,GSW,PF,60,26.0,27.6,5.3,10.7,0.497,0.6,2.2,0.287,4.7,8.5,0.55,0.526,2.7,3.5,0.774,1.4,3.2,4.6,2.1,0.5,0.2,1.6,2.1,14.0,0
2021,NBA,Eric Paschall,pascher01,24.0,GSW,PF,40,2.0,17.4,3.7,7.5,0.497,0.5,1.4,0.333,3.3,6.1,0.533,0.527,1.7,2.4,0.713,0.7,2.5,3.2,1.3,0.3,0.2,1.1,1.7,9.5,0
2022,NBA,Eric Paschall,pascher01,25.0,UTA,PF,58,3.0,12.7,2.0,4.1,0.485,0.7,1.9,0.37,1.3,2.2,0.583,0.57,1.1,1.5,0.767,0.5,1.3,1.8,0.6,0.2,0.1,0.5,0.9,5.8,0
2015,NBA,Erick Green,greener01,23.0,DEN,PG,43,1.0,9.5,1.4,3.8,0.377,0.3,1.1,0.298,1.1,2.7,0.409,0.42,0.2,0.3,0.833,0.2,0.6,0.7,0.9,0.3,0.0,0.3,0.6,3.4,0
2015,NBA,Ersan İlyasova,ilyaser01,27.0,MIL,PF,58,36.0,22.7,4.5,9.6,0.472,1.3,3.3,0.389,3.3,6.3,0.515,0.539,1.2,1.8,0.645,1.4,3.4,4.8,1.0,0.6,0.3,0.8,2.6,11.5,0
2016,NBA,Ersan İlyasova,ilyaser01,28.0,2TM,PF,74,56.0,25.4,3.8,8.9,0.424,1.3,3.5,0.371,2.5,5.4,0.458,0.496,1.5,2.1,0.721,1.9,3.5,5.4,0.9,0.7,0.4,1.0,2.3,10.4,0
2017,NBA,Ersan İlyasova,ilyaser01,29.0,3TM,PF,82,52.0,26.1,4.7,10.9,0.431,1.7,4.9,0.353,3.0,6.0,0.496,0.511,2.0,2.5,0.778,1.4,4.5,5.9,1.7,0.7,0.3,1.4,2.6,13.1,0
2018,NBA,Ersan İlyasova,ilyaser01,30.0,2TM,PF,69,43.0,25.1,4.0,8.9,0.452,1.3,3.7,0.36,2.7,5.2,0.517,0.526,1.5,2.0,0.778,1.7,4.2,5.9,1.3,0.9,0.4,1.0,2.3,10.9,0
2019,NBA,Ersan İlyasova,ilyaser01,31.0,MIL,PF,67,7.0,18.4,2.5,5.7,0.438,0.9,2.4,0.363,1.6,3.3,0.493,0.514,0.9,1.1,0.824,1.4,3.1,4.5,0.8,0.5,0.3,0.7,2.6,6.8,0
2020,NBA,Ersan İlyasova,ilyaser01,32.0,MIL,PF,63,8.0,15.7,2.3,5.0,0.466,0.8,2.2,0.365,1.5,2.8,0.545,0.546,1.1,1.4,0.828,1.0,3.8,4.8,0.8,0.4,0.3,0.5,1.5,6.6,0
2023,NBA,Eugene Omoruyi,omorueu01,25.0,2TM,SF,40,6.0,16.1,2.5,5.7,0.443,0.6,2.2,0.281,1.9,3.5,0.547,0.498,1.3,1.9,0.68,1.1,1.7,2.8,0.7,0.7,0.1,0.9,2.3,7.0,0
2024,NBA,Eugene Omoruyi,omorueu01,26.0,WAS,SF,43,0.0,9.1,1.9,3.9,0.485,0.3,1.1,0.283,1.6,2.8,0.562,0.524,0.7,1.1,0.653,0.8,1.2,2.0,0.8,0.6,0.1,0.5,1.4,4.8,0
2015,NBA,Evan Fournier,fournev01,22.0,ORL,SG,58,32.0,28.6,4.4,9.9,0.44,1.5,3.9,0.378,2.9,6.0,0.48,0.514,1.8,2.5,0.728,0.5,2.2,2.6,2.1,0.7,0.0,1.4,2.0,12.0,0
2016,NBA,Evan Fournier,fournev01,23.0,ORL,SF,79,71.0,32.5,5.4,11.8,0.462,2.0,4.9,0.4,3.5,6.8,0.506,0.546,2.5,3.0,0.836,0.4,2.4,2.8,2.7,1.2,0.0,1.7,2.7,15.4,0
2017,NBA,Evan Fournier,fournev01,24.0,ORL,SG,68,66.0,32.9,6.0,13.7,0.439,1.9,5.3,0.356,4.1,8.4,0.491,0.508,3.3,4.1,0.805,0.6,2.4,3.1,3.0,1.0,0.1,2.1,2.6,17.2,0
2018,NBA,Evan Fournier,fournev01,25.0,ORL,SF,57,57.0,32.2,6.5,14.1,0.459,2.2,5.9,0.379,4.2,8.2,0.516,0.538,2.6,3.0,0.867,0.4,2.8,3.2,2.9,0.8,0.3,1.7,2.4,17.8,0
2019,NBA,Evan Fournier,fournev01,26.0,ORL,SG,81,81.0,31.5,5.8,13.2,0.438,1.9,5.6,0.34,3.9,7.6,0.509,0.509,1.7,2.1,0.806,0.5,2.7,3.2,3.6,0.9,0.1,1.9,2.8,15.1,0
2020,NBA,Evan Fournier,fournev01,27.0,ORL,SF,66,66.0,31.5,6.6,14.1,0.467,2.6,6.6,0.399,4.0,7.5,0.527,0.56,2.7,3.3,0.818,0.3,2.3,2.6,3.2,1.1,0.2,1.9,2.4,18.5,0
2021,NBA,Evan Fournier,fournev01,28.0,2TM,SF,42,36.0,30.0,5.9,12.9,0.457,2.8,6.7,0.413,3.1,6.1,0.504,0.565,2.6,3.3,0.788,0.2,2.8,3.0,3.4,1.1,0.5,1.7,2.3,17.1,0
2022,NBA,Evan Fournier,fournev01,29.0,NYK,SG,80,80.0,29.5,5.0,12.1,0.417,3.0,7.7,0.389,2.0,4.3,0.465,0.541,1.0,1.4,0.708,0.4,2.2,2.6,2.1,1.0,0.3,1.3,2.3,14.1,0
2023,NBA,Evan Fournier,fournev01,30.0,NYK,SG,27,7.0,17.0,2.1,6.1,0.337,1.3,4.2,0.307,0.8,1.9,0.404,0.443,0.7,0.8,0.857,0.1,1.7,1.8,1.3,0.6,0.1,0.8,1.7,6.1,0
2024,NBA,Evan Fournier,fournev01,31.0,2TM,SG,32,0.0,18.1,2.5,6.9,0.357,1.0,4.1,0.254,1.4,2.8,0.505,0.432,0.9,1.1,0.806,0.2,1.7,1.8,1.5,0.9,0.2,0.7,1.5,6.9,0
2022,NBA,Evan Mobley,mobleev01,20.0,CLE,PF,69,69.0,33.8,6.1,12.0,0.508,0.3,1.3,0.25,5.8,10.7,0.541,0.522,2.4,3.7,0.663,2.1,6.2,8.3,2.5,0.8,1.7,1.9,2.1,15.0,0
2023,NBA,Evan Mobley,mobleev01,21.0,CLE,PF,79,79.0,34.4,6.6,12.0,0.554,0.3,1.3,0.216,6.4,10.7,0.595,0.566,2.6,3.8,0.674,2.4,6.6,9.0,2.8,0.8,1.5,1.8,2.8,16.2,0
2024,NBA,Evan Mobley,mobleev01,22.0,CLE,PF,50,50.0,30.6,6.4,11.0,0.58,0.4,1.2,0.373,6.0,9.9,0.604,0.6,2.5,3.4,0.719,2.2,7.1,9.4,3.2,0.9,1.4,1.8,2.7,15.7,0
2015,NBA,Evan Turner,turneev01,26.0,BOS,SG,82,57.0,27.6,3.9,9.1,0.429,0.4,1.5,0.277,3.5,7.6,0.458,0.451,1.3,1.7,0.752,0.5,4.6,5.1,5.5,1.0,0.2,2.4,2.2,9.5,0
2016,NBA,Evan Turner,turneev01,27.0,BOS,SG,81,12.0,28.0,4.2,9.3,0.456,0.2,1.0,0.241,4.0,8.3,0.482,0.469,1.8,2.2,0.827,0.6,4.3,4.9,4.4,1.0,0.3,2.1,1.7,10.5,0
2017,NBA,Evan Turner,turneev01,28.0,POR,SF,65,12.0,25.5,3.6,8.5,0.426,0.5,1.8,0.263,3.1,6.7,0.47,0.454,1.3,1.6,0.825,0.6,3.2,3.8,3.2,0.8,0.4,1.5,1.9,9.0,0
2018,NBA,Evan Turner,turneev01,29.0,POR,SF,79,40.0,25.7,3.3,7.3,0.447,0.5,1.7,0.318,2.7,5.6,0.485,0.484,1.2,1.4,0.85,0.4,2.7,3.1,2.2,0.6,0.4,1.3,2.1,8.2,0
2019,NBA,Evan Turner,turneev01,30.0,POR,PG,73,2.0,22.0,2.8,6.1,0.46,0.2,0.7,0.212,2.6,5.4,0.494,0.473,1.0,1.5,0.708,0.5,4.0,4.5,3.9,0.5,0.2,1.6,1.5,6.8,0
2021,NBA,Facundo Campazzo,campafa01,29.0,DEN,PG,65,19.0,21.9,1.8,4.8,0.381,1.2,3.3,0.352,0.7,1.5,0.444,0.502,1.2,1.4,0.879,0.3,1.7,2.1,3.6,1.2,0.2,1.1,2.0,6.1,0
2022,NBA,Facundo Campazzo,campafa01,30.0,DEN,PG,65,4.0,18.2,1.6,4.6,0.361,0.9,3.0,0.301,0.8,1.6,0.476,0.459,0.9,1.2,0.769,0.4,1.4,1.8,3.4,1.0,0.4,1.0,1.9,5.1,0
2015,NBA,Festus Ezeli,ezelife01,25.0,GSW,C,46,7.0,11.0,1.7,3.0,0.547,0.0,0.0,0.0,1.7,3.0,0.547,0.547,1.1,1.7,0.628,1.3,2.1,3.4,0.2,0.2,0.9,0.7,1.7,4.4,0
2016,NBA,Festus Ezeli,ezelife01,26.0,GSW,C,46,13.0,16.7,2.7,5.0,0.548,0.0,0.0,0.0,2.7,5.0,0.548,0.548,1.5,2.9,0.53,2.0,3.6,5.6,0.7,0.4,1.1,0.8,2.0,7.0,0
2019,NBA,Frank Jackson,jacksfr01,20.0,NOP,PG,61,16.0,19.2,3.2,7.3,0.434,0.9,2.8,0.314,2.3,4.6,0.507,0.493,0.9,1.2,0.74,0.4,1.8,2.2,1.1,0.4,0.0,0.8,1.5,8.1,0
2020,NBA,Frank Jackson,jacksfr01,21.0,NOP,PG,59,2.0,13.5,2.3,5.6,0.405,0.8,2.4,0.326,1.5,3.2,0.465,0.476,0.9,1.3,0.747,0.4,1.0,1.4,1.0,0.3,0.1,0.8,1.3,6.3,0
2021,NBA,Frank Jackson,jacksfr01,22.0,DET,PG,40,6.0,18.5,3.4,7.3,0.457,1.5,3.8,0.407,1.8,3.6,0.51,0.561,1.5,1.9,0.813,0.4,1.8,2.2,0.9,0.4,0.0,0.9,1.3,9.8,0
2022,NBA,Frank Jackson,jacksfr01,23.0,DET,PG,53,7.0,22.0,3.7,9.1,0.402,1.6,5.3,0.308,2.0,3.8,0.529,0.491,1.6,2.0,0.827,0.4,1.3,1.6,1.0,0.5,0.2,0.7,1.7,10.6,0
2016,NBA,Frank Kaminsky,kaminfr01,22.0,CHO,C,81,3.0,21.1,2.7,6.5,0.41,0.8,2.5,0.337,1.8,4.0,0.455,0.474,1.3,1.8,0.73,0.9,3.3,4.1,1.2,0.5,0.5,0.7,1.6,7.5,0
2017,NBA,Frank Kaminsky,kaminfr01,23.0,CHO,C,75,16.0,26.1,4.3,10.7,0.399,1.5,4.7,0.328,2.7,6.0,0.455,0.471,1.6,2.1,0.756,0.8,3.7,4.5,2.2,0.6,0.5,1.0,1.9,11.7,0
2018,NBA,Frank Kaminsky,kaminfr01,24.0,CHO,PF,79,4.0,23.2,3.9,9.1,0.429,1.3,3.5,0.38,2.6,5.6,0.459,0.501,2.0,2.5,0.799,0.6,3.1,3.6,1.6,0.5,0.2,0.8,1.2,11.1,0
2019,NBA,Frank Kaminsky,kaminfr01,25.0,CHO,C,47,0.0,16.1,2.9,6.3,0.463,1.1,3.0,0.36,1.9,3.4,0.553,0.547,1.7,2.3,0.738,0.8,2.6,3.5,1.3,0.3,0.3,0.9,1.4,8.6,0
2020,NBA,Frank Kaminsky,kaminfr01,26.0,PHO,C,39,13.0,19.9,3.5,7.9,0.45,1.1,3.2,0.331,2.5,4.7,0.53,0.516,1.6,2.3,0.678,0.9,3.6,4.5,1.9,0.4,0.3,0.9,1.9,9.7,0
2021,NBA,Frank Kaminsky,kaminfr01,27.0,PHO,C,47,13.0,15.2,2.6,5.5,0.471,0.7,1.8,0.365,1.9,3.7,0.523,0.531,0.8,1.3,0.617,0.8,3.2,4.0,1.7,0.3,0.4,0.5,1.5,6.6,0
2023,NBA,Frank Kaminsky,kaminfr01,29.0,2TM,C,36,0.0,6.5,0.9,1.8,0.492,0.4,0.9,0.394,0.5,0.8,0.6,0.595,0.4,0.4,0.875,0.2,1.3,1.4,0.9,0.2,0.1,0.3,0.6,2.5,0
2018,NBA,Frank Mason III,masonfr01,23.0,SAC,PG,52,2.0,18.9,2.8,7.3,0.379,0.6,1.7,0.36,2.2,5.7,0.384,0.42,1.8,2.2,0.817,0.6,1.9,2.5,2.8,0.7,0.2,1.3,1.4,7.9,0
2019,NBA,Frank Mason III,masonfr01,24.0,SAC,PG,38,0.0,11.4,1.9,4.4,0.42,0.4,1.7,0.219,1.5,2.8,0.543,0.462,1.0,1.5,0.684,0.2,1.0,1.1,2.2,0.4,0.1,0.9,0.9,5.1,0
2018,NBA,Frank Ntilikina,ntilila01,19.0,NYK,PG,78,9.0,21.9,2.3,6.4,0.364,0.6,2.0,0.318,1.7,4.4,0.385,0.414,0.6,0.9,0.721,0.5,1.8,2.3,3.2,0.8,0.2,1.7,2.3,5.9,0
2019,NBA,Frank Ntilikina,ntilila01,20.0,NYK,PG,43,16.0,21.0,2.2,6.6,0.337,0.8,2.7,0.287,1.4,3.9,0.371,0.395,0.5,0.7,0.767,0.3,1.7,2.0,2.8,0.7,0.3,1.3,2.4,5.7,0
2020,NBA,Frank Ntilikina,ntilila01,21.0,NYK,PG,57,26.0,20.8,2.3,5.8,0.393,0.8,2.4,0.321,1.5,3.4,0.444,0.459,0.9,1.0,0.864,0.4,1.7,2.1,3.0,0.9,0.3,1.2,2.5,6.3,0
2021,NBA,Frank Ntilikina,ntilila01,22.0,NYK,PG,33,4.0,9.8,0.9,2.4,0.367,0.7,1.5,0.479,0.2,0.9,0.194,0.513,0.2,0.5,0.444,0.2,0.8,0.9,0.6,0.5,0.1,0.3,1.4,2.7,0
2022,NBA,Frank Ntilikina,ntilila01,23.0,DAL,SG,58,5.0,11.8,1.5,3.8,0.399,0.7,1.9,0.342,0.9,1.9,0.455,0.484,0.4,0.4,0.96,0.2,1.2,1.4,1.2,0.5,0.1,0.5,1.1,4.1,0
2023,NBA,Frank Ntilikina,ntilila01,24.0,DAL,SG,47,5.0,12.9,1.0,2.8,0.364,0.4,1.4,0.254,0.7,1.4,0.477,0.428,0.5,0.7,0.667,0.1,1.2,1.3,1.2,0.3,0.1,0.6,1.4,2.9,0
2022,NBA,Franz Wagner,wagnefr01,20.0,ORL,SF,79,79.0,30.7,5.8,12.3,0.468,1.2,3.4,0.354,4.6,8.9,0.511,0.517,2.4,2.8,0.863,1.1,3.4,4.5,2.9,0.9,0.4,1.5,2.1,15.2,0
2023,NBA,Franz Wagner,wagnefr01,21.0,ORL,SF,80,80.0,32.6,6.8,14.0,0.485,1.6,4.5,0.361,5.2,9.5,0.544,0.543,3.4,4.0,0.842,0.9,3.2,4.1,3.5,1.0,0.2,2.1,2.3,18.6,0
2024,NBA,Franz Wagner,wagnefr01,22.0,ORL,SF,72,72.0,32.5,7.3,15.2,0.482,1.3,4.6,0.281,6.0,10.6,0.57,0.525,3.8,4.4,0.85,1.0,4.3,5.3,3.7,1.1,0.4,1.9,2.3,19.7,0
2017,NBA,Fred VanVleet,vanvlfr01,22.0,TOR,PG,37,0.0,7.9,1.1,3.0,0.351,0.3,0.8,0.379,0.8,2.2,0.341,0.401,0.5,0.6,0.818,0.1,1.0,1.1,0.9,0.4,0.1,0.4,1.0,2.9,0
2018,NBA,Fred VanVleet,vanvlfr01,23.0,TOR,PG,76,0.0,20.0,3.1,7.2,0.426,1.4,3.4,0.414,1.6,3.7,0.437,0.525,1.1,1.3,0.832,0.3,2.1,2.4,3.2,0.9,0.3,1.0,1.7,8.6,0
2019,NBA,Fred VanVleet,vanvlfr01,24.0,TOR,PG,64,28.0,27.5,3.8,9.4,0.41,1.8,4.6,0.378,2.1,4.8,0.441,0.503,1.5,1.8,0.843,0.3,2.3,2.6,4.8,0.9,0.3,1.3,1.7,11.0,0
2020,NBA,Fred VanVleet,vanvlfr01,25.0,TOR,SG,54,54.0,35.7,5.9,14.3,0.413,2.7,6.9,0.39,3.2,7.4,0.434,0.507,3.1,3.7,0.848,0.3,3.4,3.8,6.6,1.9,0.3,2.2,2.4,17.6,0
2021,NBA,Fred VanVleet,vanvlfr01,26.0,TOR,SG,52,52.0,36.5,6.5,16.7,0.389,3.3,9.2,0.366,3.2,7.6,0.416,0.489,3.3,3.7,0.885,0.6,3.6,4.2,6.3,1.7,0.7,1.8,2.3,19.6,0
2022,NBA,Fred VanVleet,vanvlfr01,27.0,TOR,PG,65,65.0,37.9,6.8,16.9,0.403,3.7,9.9,0.377,3.1,7.0,0.44,0.513,3.0,3.4,0.874,0.7,3.8,4.4,6.7,1.7,0.5,2.6,2.5,20.3,1
2023,NBA,Fred VanVleet,vanvlfr01,28.0,TOR,PG,69,69.0,36.7,6.3,16.1,0.393,3.0,8.8,0.342,3.3,7.3,0.455,0.486,3.7,4.1,0.898,0.4,3.6,4.1,7.2,1.8,0.6,2.0,2.8,19.3,0
2024,NBA,Fred VanVleet,vanvlfr01,29.0,HOU,PG,73,73.0,36.8,5.8,13.9,0.416,3.1,8.0,0.387,2.7,5.9,0.454,0.527,2.7,3.1,0.86,0.5,3.4,3.8,8.1,1.4,0.8,1.7,2.5,17.4,0
2021,NBA,Freddie Gillespie,gillefr01,23.0,TOR,PF,20,2.0,19.6,2.2,4.2,0.524,0.0,0.0,0.0,2.2,4.2,0.524,0.524,1.2,1.7,0.697,2.1,2.8,4.9,0.5,0.7,1.0,0.6,2.2,5.6,0
2015,NBA,Furkan Aldemir,aldemfu01,23.0,PHI,PF,41,9.0,13.2,1.0,1.9,0.513,0.0,0.1,0.0,1.0,1.8,0.548,0.513,0.3,0.7,0.481,1.9,2.4,4.3,0.7,0.4,0.4,0.4,2.3,2.3,0
2019,NBA,Furkan Korkmaz,korkmfu01,21.0,PHI,SG,48,7.0,14.1,2.0,5.1,0.4,1.0,3.0,0.326,1.1,2.1,0.505,0.496,0.8,0.9,0.818,0.3,1.9,2.2,1.1,0.6,0.0,0.5,1.3,5.8,0
2020,NBA,Furkan Korkmaz,korkmfu01,22.0,PHI,SG,72,12.0,21.7,3.4,7.8,0.43,2.0,4.9,0.402,1.4,2.9,0.478,0.557,1.1,1.4,0.755,0.3,2.1,2.3,1.1,0.6,0.2,0.8,1.4,9.8,0
2021,NBA,Furkan Korkmaz,korkmfu01,23.0,PHI,SG,55,11.0,19.3,3.1,7.7,0.401,1.8,4.9,0.375,1.3,2.8,0.445,0.52,1.1,1.5,0.732,0.3,1.7,2.1,1.5,0.9,0.2,0.8,1.2,9.1,0
2022,NBA,Furkan Korkmaz,korkmfu01,24.0,PHI,SG,67,19.0,21.1,2.7,7.0,0.387,1.1,4.0,0.289,1.6,3.0,0.515,0.469,1.0,1.3,0.81,0.3,2.3,2.6,1.9,0.5,0.1,0.7,0.9,7.6,0
2023,NBA,Furkan Korkmaz,korkmfu01,25.0,PHI,SG,37,0.0,9.5,1.3,3.0,0.432,0.5,1.2,0.391,0.8,1.8,0.462,0.514,0.7,1.0,0.722,0.2,1.0,1.1,0.6,0.3,0.1,0.6,0.5,3.8,0
2024,NBA,Furkan Korkmaz,korkmfu01,26.0,PHI,SG,35,0.0,8.6,0.9,2.2,0.395,0.4,1.1,0.35,0.5,1.0,0.444,0.487,0.4,0.6,0.7,0.1,0.7,0.9,0.7,0.4,0.1,0.3,0.5,2.5,0
2024,NBA,GG Jackson II,jacksgg01,19.0,MEM,PF,48,18.0,25.7,5.0,11.7,0.428,2.1,6.0,0.357,2.9,5.8,0.502,0.519,2.4,3.2,0.752,1.1,3.0,4.1,1.2,0.6,0.5,1.4,1.3,14.6,0
2021,NBA,Gabe Vincent,vincega01,24.0,MIA,PG,50,7.0,13.1,1.8,4.7,0.378,0.9,3.0,0.309,0.8,1.7,0.5,0.476,0.4,0.5,0.87,0.2,0.9,1.1,1.3,0.4,0.0,0.7,1.6,4.8,0
2022,NBA,Gabe Vincent,vincega01,25.0,MIA,PG,68,27.0,23.4,3.1,7.5,0.417,1.8,4.8,0.368,1.4,2.8,0.5,0.533,0.6,0.8,0.815,0.3,1.5,1.9,3.1,0.9,0.2,1.4,2.3,8.7,0
2023,NBA,Gabe Vincent,vincega01,26.0,MIA,PG,68,34.0,25.9,3.4,8.3,0.402,1.7,5.1,0.334,1.6,3.2,0.512,0.505,1.0,1.1,0.872,0.4,1.7,2.1,2.5,0.9,0.1,1.4,2.3,9.4,0
2015,NBA,Garrett Temple,templga01,28.0,WAS,SG,52,18.0,14.1,1.3,3.3,0.4,0.6,1.7,0.375,0.7,1.6,0.427,0.497,0.7,0.9,0.729,0.5,1.3,1.7,1.1,0.8,0.2,0.7,1.5,3.9,0
2016,NBA,Garrett Temple,templga01,29.0,WAS,SF,80,43.0,24.4,2.5,6.3,0.398,1.1,3.2,0.345,1.4,3.1,0.453,0.486,1.1,1.6,0.728,0.5,2.2,2.7,1.8,0.9,0.2,0.8,2.4,7.3,0
2017,NBA,Garrett Temple,templga01,30.0,SAC,SG,65,20.0,26.6,2.8,6.6,0.424,1.3,3.4,0.373,1.6,3.3,0.476,0.519,0.9,1.1,0.784,0.5,2.3,2.8,2.6,1.3,0.4,1.2,2.2,7.8,0
2018,NBA,Garrett Temple,templga01,31.0,SAC,SG,65,35.0,24.8,3.1,7.3,0.418,1.4,3.5,0.392,1.7,3.8,0.442,0.512,0.9,1.2,0.769,0.3,2.0,2.3,1.9,0.9,0.4,1.2,2.1,8.4,0
2019,NBA,Garrett Temple,templga01,32.0,2TM,SG,75,55.0,27.2,2.8,6.6,0.422,1.2,3.5,0.341,1.6,3.1,0.515,0.513,1.1,1.4,0.748,0.4,2.5,2.9,1.4,1.0,0.4,0.9,2.7,7.8,0
2020,NBA,Garrett Temple,templga01,33.0,BRK,SG,62,35.0,27.9,3.6,9.5,0.378,2.0,6.2,0.329,1.5,3.2,0.473,0.486,1.1,1.4,0.805,0.5,3.0,3.5,2.5,0.8,0.5,1.0,1.7,10.3,0
2021,NBA,Garrett Temple,templga01,34.0,CHI,SG,56,25.0,27.3,2.8,6.8,0.415,1.2,3.6,0.335,1.6,3.2,0.503,0.503,0.7,0.9,0.8,0.5,2.3,2.9,2.2,0.8,0.5,1.0,2.3,7.6,0
2022,NBA,Garrett Temple,templga01,35.0,NOP,SG,59,16.0,18.6,1.9,5.0,0.376,1.0,3.1,0.319,0.9,1.9,0.473,0.476,0.5,0.7,0.683,0.5,1.9,2.4,1.3,0.7,0.4,0.7,1.4,5.2,0
2023,NBA,Garrett Temple,templga01,36.0,NOP,SG,25,0.0,6.5,0.7,1.8,0.4,0.4,1.0,0.423,0.3,0.8,0.368,0.522,0.1,0.2,0.75,0.2,0.5,0.7,0.5,0.4,0.1,0.2,0.6,2.0,0
2024,NBA,Garrett Temple,templga01,37.0,TOR,SG,27,2.0,10.7,1.1,2.9,0.372,0.4,1.5,0.3,0.6,1.4,0.447,0.449,0.7,0.8,0.818,0.7,1.0,1.7,1.0,0.4,0.1,0.5,1.0,3.3,0
2021,NBA,Garrison Mathews,mathega01,24.0,WAS,SG,64,24.0,16.2,1.5,3.7,0.409,1.2,3.1,0.384,0.3,0.6,0.538,0.57,1.3,1.5,0.884,0.3,1.1,1.4,0.4,0.5,0.1,0.2,1.7,5.5,0
2022,NBA,Garrison Mathews,mathega01,25.0,HOU,SG,65,33.0,26.3,2.8,7.1,0.399,2.1,5.9,0.36,0.7,1.2,0.6,0.55,2.2,2.8,0.794,0.5,2.4,2.9,1.0,0.9,0.4,0.6,2.6,10.0,0
2023,NBA,Garrison Mathews,mathega01,26.0,2TM,SG,54,0.0,12.7,1.4,3.7,0.363,1.2,3.3,0.35,0.2,0.4,0.476,0.52,0.9,1.0,0.906,0.2,1.1,1.4,0.5,0.4,0.1,0.4,1.1,4.8,0
2024,NBA,Garrison Mathews,mathega01,27.0,ATL,SG,66,5.0,15.0,1.6,3.4,0.456,1.3,2.9,0.44,0.3,0.5,0.545,0.644,0.5,0.6,0.81,0.3,1.1,1.4,0.6,0.3,0.1,0.3,1.7,4.9,0
2019,NBA,Gary Clark,clarkga01,24.0,HOU,PF,51,2.0,12.6,1.0,3.0,0.331,0.8,2.7,0.297,0.2,0.3,0.692,0.467,0.1,0.1,1.0,0.5,1.8,2.3,0.4,0.4,0.5,0.1,0.9,2.9,0
2020,NBA,Gary Clark,clarkga01,25.0,2TM,PF,42,5.0,13.5,1.3,3.2,0.406,0.9,2.6,0.351,0.4,0.5,0.682,0.553,0.2,0.2,0.9,0.9,1.7,2.6,0.4,0.1,0.5,0.2,1.1,3.7,0
2021,NBA,Gary Clark,clarkga01,26.0,3TM,SF,39,11.0,16.8,1.0,3.4,0.303,0.8,2.8,0.287,0.2,0.6,0.375,0.42,0.2,0.3,0.8,0.8,2.1,2.9,0.8,0.3,0.2,0.4,0.9,3.1,0
2022,NBA,Gary Clark,clarkga01,27.0,NOP,PF,38,1.0,9.9,0.9,2.3,0.375,0.7,1.8,0.4,0.1,0.5,0.278,0.534,0.2,0.3,0.7,0.6,1.8,2.4,0.5,0.3,0.2,0.3,0.5,2.7,0
2015,NBA,Gary Harris,harriga01,20.0,DEN,SG,55,6.0,13.1,1.2,3.9,0.304,0.4,1.9,0.204,0.8,2.1,0.395,0.353,0.6,0.9,0.745,0.4,0.8,1.2,0.5,0.7,0.1,0.7,1.3,3.4,0
2016,NBA,Gary Harris,harriga01,21.0,DEN,SG,76,76.0,32.1,4.7,10.1,0.469,1.4,3.9,0.354,3.3,6.2,0.543,0.538,1.4,1.8,0.82,0.7,2.2,2.9,1.9,1.3,0.2,1.3,1.9,12.3,0
2017,NBA,Gary Harris,harriga01,22.0,DEN,SG,57,56.0,31.3,5.6,11.2,0.502,1.9,4.5,0.42,3.7,6.7,0.558,0.586,1.8,2.4,0.776,0.8,2.3,3.1,2.9,1.2,0.1,1.3,1.6,14.9,0
2018,NBA,Gary Harris,harriga01,23.0,DEN,SG,67,65.0,34.4,6.6,13.6,0.485,2.3,5.9,0.396,4.2,7.7,0.553,0.57,2.0,2.4,0.827,0.6,2.1,2.6,2.9,1.8,0.2,1.8,1.8,17.5,0
2019,NBA,Gary Harris,harriga01,24.0,DEN,SG,57,48.0,28.8,4.7,11.2,0.424,1.4,4.2,0.339,3.3,6.9,0.476,0.488,2.0,2.5,0.799,0.7,2.1,2.8,2.2,1.0,0.3,1.2,2.0,12.9,0
2020,NBA,Gary Harris,harriga01,25.0,DEN,SG,56,55.0,31.8,3.9,9.3,0.42,1.3,3.8,0.333,2.6,5.5,0.479,0.487,1.3,1.6,0.815,0.5,2.4,2.9,2.1,1.4,0.3,1.1,2.1,10.4,0
2021,NBA,Gary Harris,harriga01,26.0,2TM,SG,39,38.0,27.7,3.5,8.8,0.4,1.2,3.6,0.34,2.3,5.2,0.441,0.47,1.6,2.0,0.821,0.5,1.5,2.0,2.0,0.7,0.3,0.9,1.8,9.9,0
2022,NBA,Gary Harris,harriga01,27.0,ORL,SG,61,30.0,28.4,3.9,9.1,0.434,1.9,5.0,0.384,2.0,4.1,0.494,0.539,1.4,1.6,0.874,0.6,1.4,2.0,1.8,1.0,0.1,1.0,1.8,11.1,0
2023,NBA,Gary Harris,harriga01,28.0,ORL,SG,48,42.0,24.7,2.9,6.4,0.45,2.0,4.5,0.431,0.9,1.9,0.494,0.603,0.6,0.6,0.9,0.4,1.6,2.0,1.2,0.9,0.3,0.6,1.9,8.3,0
2024,NBA,Gary Harris,harriga01,29.0,ORL,SG,54,27.0,24.0,2.4,5.5,0.441,1.4,3.8,0.371,1.0,1.7,0.598,0.569,0.6,0.8,0.756,0.4,1.2,1.7,1.6,0.9,0.3,0.6,1.7,6.9,0
2015,NBA,Gary Neal,nealga01,30.0,2TM,SG,54,1.0,22.1,3.5,9.3,0.374,0.9,3.0,0.305,2.6,6.3,0.407,0.423,2.2,2.5,0.867,0.3,2.1,2.4,1.9,0.4,0.0,1.2,1.6,10.1,0
2016,NBA,Gary Neal,nealga01,31.0,WAS,SG,40,2.0,20.2,3.8,8.1,0.465,1.0,2.5,0.41,2.8,5.6,0.489,0.528,1.2,1.4,0.855,0.3,1.8,2.1,1.2,0.5,0.0,0.7,1.4,9.8,0
2018,NBA,Gary Payton II,paytoga02,25.0,2TM,PG,23,6.0,9.6,1.3,3.2,0.405,0.3,1.1,0.24,1.0,2.1,0.49,0.446,0.1,0.4,0.333,0.6,1.3,1.9,0.9,0.3,0.1,0.3,1.3,3.0,0
2020,NBA,Gary Payton II,paytoga02,27.0,WAS,SF,29,17.0,14.9,1.7,4.0,0.414,0.4,1.6,0.283,1.2,2.4,0.5,0.47,0.1,0.3,0.5,0.9,1.9,2.8,1.7,1.1,0.2,0.7,1.9,3.9,0
2022,NBA,Gary Payton II,paytoga02,29.0,GSW,SG,71,16.0,17.6,3.0,4.8,0.616,0.6,1.7,0.358,2.4,3.2,0.754,0.679,0.5,0.8,0.603,1.0,2.5,3.5,0.9,1.4,0.3,0.6,1.8,7.1,0
2023,NBA,Gary Payton II,paytoga02,30.0,2TM,SG,22,1.0,16.7,1.9,3.1,0.594,0.6,1.2,0.5,1.3,2.0,0.651,0.688,0.3,0.3,0.857,1.1,2.0,3.1,1.4,1.0,0.2,0.7,2.0,4.6,0
2024,NBA,Gary Payton II,paytoga02,31.0,GSW,SG,44,0.0,15.5,2.3,4.2,0.563,0.5,1.3,0.364,1.9,2.9,0.648,0.617,0.3,0.5,0.609,1.0,1.5,2.6,1.1,0.9,0.4,0.6,1.8,5.5,0
2020,NBA,Gary Trent Jr.,trentga02,21.0,POR,SF,61,8.0,21.8,3.2,7.2,0.444,1.8,4.4,0.418,1.4,2.8,0.486,0.571,0.6,0.7,0.822,0.4,1.2,1.6,1.0,0.8,0.3,0.3,1.5,8.9,0
2021,NBA,Gary Trent Jr.,trentga02,22.0,2TM,SG,58,38.0,31.1,5.5,13.5,0.408,2.8,7.4,0.385,2.7,6.1,0.435,0.513,1.4,1.8,0.783,0.5,2.2,2.6,1.4,1.0,0.2,0.7,1.6,15.3,0
2022,NBA,Gary Trent Jr.,trentga02,23.0,TOR,SG,70,69.0,35.0,6.4,15.5,0.414,3.0,7.8,0.383,3.4,7.7,0.445,0.511,2.5,2.9,0.853,0.4,2.4,2.7,2.0,1.7,0.3,1.0,2.1,18.3,0
2023,NBA,Gary Trent Jr.,trentga02,24.0,TOR,SG,66,44.0,32.1,6.1,14.2,0.433,2.5,6.8,0.369,3.6,7.3,0.493,0.522,2.6,3.1,0.839,0.5,2.2,2.6,1.6,1.6,0.2,0.8,1.5,17.4,0
2024,NBA,Gary Trent Jr.,trentga02,25.0,TOR,SG,71,41.0,28.1,5.1,11.9,0.426,2.5,6.4,0.393,2.6,5.5,0.464,0.531,1.0,1.4,0.771,0.4,2.3,2.6,1.7,1.1,0.1,0.7,1.4,13.7,0
2015,NBA,George Hill,hillge01,28.0,IND,PG,43,36.0,29.5,5.9,12.4,0.477,1.6,4.5,0.358,4.3,8.0,0.544,0.541,2.6,3.3,0.79,0.6,3.6,4.2,5.1,1.0,0.3,1.6,2.6,16.1,0
2016,NBA,George Hill,hillge01,29.0,IND,PG,74,73.0,34.1,4.4,10.0,0.441,1.7,4.2,0.408,2.7,5.7,0.466,0.528,1.5,2.0,0.76,0.8,3.2,4.0,3.5,1.1,0.2,1.4,2.0,12.1,0
2017,NBA,George Hill,hillge01,30.0,UTA,PG,49,49.0,31.5,5.9,12.4,0.477,1.9,4.8,0.403,4.0,7.6,0.523,0.554,3.2,4.0,0.801,0.5,2.9,3.4,4.2,1.0,0.2,1.7,2.3,16.9,0
2018,NBA,George Hill,hillge01,31.0,2TM,PG,67,60.0,27.0,3.5,7.7,0.46,1.3,3.1,0.415,2.3,4.6,0.49,0.543,1.6,2.1,0.786,0.6,2.1,2.7,2.8,0.9,0.4,1.3,1.9,10.0,0
2019,NBA,George Hill,hillge01,32.0,2TM,PG,60,13.0,21.7,2.8,6.3,0.452,0.8,2.6,0.314,2.0,3.7,0.547,0.516,1.2,1.4,0.824,0.7,1.8,2.5,2.3,0.9,0.1,0.9,1.7,7.6,0
2020,NBA,George Hill,hillge01,33.0,MIL,PG,59,2.0,21.5,3.3,6.4,0.516,1.4,3.0,0.46,1.9,3.4,0.565,0.624,1.4,1.7,0.842,0.8,2.2,3.0,3.1,0.8,0.1,1.0,1.4,9.4,0
2021,NBA,George Hill,hillge01,34.0,2TM,PG,30,17.0,22.4,3.2,6.6,0.482,1.0,2.7,0.388,2.1,3.9,0.547,0.561,1.3,1.7,0.8,0.5,1.5,2.0,2.4,0.8,0.2,1.0,1.0,8.7,0
2022,NBA,George Hill,hillge01,35.0,MIL,PG,54,17.0,23.2,2.2,5.1,0.429,0.8,2.5,0.306,1.4,2.6,0.546,0.504,1.1,1.1,0.919,0.7,2.2,2.9,2.2,0.8,0.1,0.8,1.3,6.2,0
2023,NBA,George Hill,hillge01,36.0,2TM,SG,46,1.0,18.1,1.7,3.6,0.47,0.7,2.1,0.358,1.0,1.5,0.62,0.572,0.9,1.2,0.764,0.3,1.5,1.8,2.4,0.6,0.1,0.7,1.2,5.0,0
2017,NBA,Georges Niang,niangge01,23.0,IND,PF,23,0.0,4.0,0.4,1.6,0.25,0.0,0.5,0.083,0.3,1.0,0.333,0.264,0.1,0.1,1.0,0.1,0.7,0.7,0.2,0.1,0.0,0.2,0.3,0.9,0
2019,NBA,Georges Niang,niangge01,25.0,UTA,PF,59,0.0,8.7,1.5,3.1,0.475,0.7,1.8,0.41,0.7,1.3,0.566,0.594,0.3,0.4,0.833,0.2,1.3,1.5,0.6,0.2,0.1,0.4,1.0,4.0,0
2020,NBA,Georges Niang,niangge01,26.0,UTA,PF,66,1.0,14.0,2.1,4.9,0.438,1.4,3.4,0.4,0.8,1.5,0.526,0.578,0.3,0.4,0.833,0.2,1.7,1.9,0.7,0.3,0.1,0.5,1.1,5.9,0
2021,NBA,Georges Niang,niangge01,27.0,UTA,PF,72,10.0,16.0,2.5,5.6,0.437,1.7,4.1,0.425,0.7,1.6,0.469,0.59,0.3,0.3,0.957,0.4,2.1,2.4,0.8,0.3,0.1,0.7,1.6,6.9,0
2022,NBA,Georges Niang,niangge01,28.0,PHI,PF,76,7.0,22.8,3.2,7.4,0.437,2.1,5.1,0.403,1.2,2.3,0.511,0.575,0.7,0.8,0.881,0.3,2.3,2.7,1.3,0.4,0.2,0.8,2.5,9.2,0
2023,NBA,Georges Niang,niangge01,29.0,PHI,PF,78,1.0,19.4,2.8,6.4,0.442,2.0,4.9,0.401,0.9,1.5,0.576,0.596,0.5,0.6,0.867,0.2,2.1,2.4,1.0,0.4,0.2,0.7,1.9,8.2,0
2024,NBA,Georges Niang,niangge01,30.0,CLE,PF,82,10.0,22.3,3.5,7.7,0.449,1.8,4.8,0.376,1.6,2.9,0.572,0.567,0.6,0.7,0.85,0.3,3.1,3.4,1.2,0.4,0.2,0.9,2.3,9.4,0
2017,NBA,Georgios Papagiannis,papagge01,19.0,SAC,C,22,0.0,16.1,2.5,4.6,0.549,0.0,0.1,0.0,2.5,4.5,0.56,0.549,0.5,0.6,0.857,1.1,2.8,3.9,0.9,0.1,0.8,1.1,2.0,5.6,0
2015,NBA,Gerald Green,greenge01,29.0,PHO,SG,74,4.0,19.5,4.4,10.5,0.416,1.9,5.2,0.354,2.5,5.3,0.478,0.504,1.3,1.6,0.825,0.4,2.1,2.5,1.2,0.6,0.2,1.4,2.0,11.9,0
2016,NBA,Gerald Green,greenge01,30.0,MIA,SG,69,14.0,22.6,3.3,8.5,0.392,1.2,3.8,0.323,2.1,4.7,0.446,0.463,1.0,1.3,0.783,0.4,2.0,2.4,0.8,0.6,0.3,0.7,1.8,8.9,0
2017,NBA,Gerald Green,greenge01,31.0,BOS,SF,47,0.0,11.4,2.0,4.9,0.409,0.8,2.4,0.351,1.2,2.6,0.463,0.494,0.7,0.9,0.805,0.3,1.4,1.8,0.7,0.2,0.1,0.5,1.0,5.6,0
2018,NBA,Gerald Green,greenge01,32.0,HOU,SG,41,2.0,22.7,4.1,10.1,0.407,2.7,7.3,0.369,1.4,2.8,0.504,0.54,1.2,1.5,0.85,0.4,2.9,3.2,0.6,0.6,0.4,0.8,2.1,12.1,0
2019,NBA,Gerald Green,greenge01,33.0,HOU,SG,73,0.0,20.2,3.2,7.9,0.4,2.1,6.0,0.354,1.0,1.9,0.547,0.535,0.8,0.9,0.838,0.4,2.1,2.5,0.5,0.5,0.4,0.8,1.7,9.2,0
2015,NBA,Gerald Henderson,hendege02,27.0,CHO,SG,80,72.0,28.9,4.6,10.6,0.437,0.6,1.7,0.331,4.1,8.9,0.457,0.463,2.3,2.7,0.848,0.5,3.0,3.4,2.6,0.6,0.3,1.4,1.7,12.1,0
2016,NBA,Gerald Henderson,hendege02,28.0,POR,SG,72,0.0,19.9,3.2,7.3,0.439,0.7,1.9,0.353,2.6,5.5,0.468,0.484,1.6,2.0,0.767,0.4,2.5,2.9,1.0,0.5,0.3,0.9,1.2,8.7,0
2017,NBA,Gerald Henderson,hendege02,29.0,PHI,SG,72,41.0,23.2,3.3,7.7,0.423,0.8,2.4,0.353,2.4,5.3,0.455,0.478,1.8,2.3,0.806,0.5,2.1,2.6,1.6,0.6,0.2,0.9,1.8,9.2,0
2015,NBA,Gerald Wallace,wallage01,32.0,BOS,SF,32,0.0,8.9,0.4,1.1,0.412,0.0,0.1,0.333,0.4,1.0,0.419,0.426,0.2,0.5,0.4,0.5,1.3,1.8,0.3,0.5,0.1,0.6,0.6,1.1,0
2015,NBA,Giannis Antetokounmpo,antetgi01,20.0,MIL,SG,81,71.0,31.4,4.7,9.6,0.491,0.1,0.5,0.159,4.6,9.1,0.511,0.496,3.2,4.3,0.741,1.2,5.5,6.7,2.6,0.9,1.0,2.1,3.1,12.7,0
2016,NBA,Giannis Antetokounmpo,antetgi01,21.0,MIL,PG,80,79.0,35.3,6.4,12.7,0.506,0.4,1.4,0.257,6.1,11.3,0.537,0.52,3.7,5.1,0.724,1.4,6.2,7.7,4.3,1.2,1.4,2.6,3.2,16.9,0
2017,NBA,Giannis Antetokounmpo,antetgi01,22.0,MIL,SF,80,80.0,35.6,8.2,15.7,0.521,0.6,2.3,0.272,7.6,13.5,0.563,0.541,5.9,7.7,0.77,1.8,7.0,8.8,5.4,1.6,1.9,2.9,3.1,22.9,1
2018,NBA,Giannis Antetokounmpo,antetgi01,23.0,MIL,PF,75,75.0,36.7,9.9,18.7,0.529,0.6,1.9,0.307,9.3,16.8,0.554,0.545,6.5,8.5,0.76,2.1,8.0,10.0,4.8,1.5,1.4,3.0,3.1,26.9,1
2019,NBA,Giannis Antetokounmpo,antetgi01,24.0,MIL,PF,72,72.0,32.8,10.0,17.3,0.578,0.7,2.8,0.256,9.3,14.5,0.641,0.599,6.9,9.5,0.729,2.2,10.3,12.5,5.9,1.3,1.5,3.7,3.2,27.7,1
2020,NBA,Giannis Antetokounmpo,antetgi01,25.0,MIL,PF,63,63.0,30.4,10.9,19.7,0.553,1.4,4.7,0.304,9.5,15.0,0.631,0.589,6.3,10.0,0.633,2.2,11.4,13.6,5.6,1.0,1.0,3.7,3.1,29.5,1
2021,NBA,Giannis Antetokounmpo,antetgi01,26.0,MIL,PF,61,61.0,33.0,10.3,18.0,0.569,1.1,3.6,0.303,9.2,14.4,0.636,0.6,6.5,9.5,0.685,1.6,9.4,11.0,5.9,1.2,1.2,3.4,2.8,28.1,1
2022,NBA,Giannis Antetokounmpo,antetgi01,27.0,MIL,PF,67,67.0,32.9,10.3,18.6,0.553,1.1,3.6,0.293,9.2,15.0,0.616,0.582,8.3,11.4,0.722,2.0,9.6,11.6,5.8,1.1,1.4,3.3,3.2,29.9,1
2023,NBA,Giannis Antetokounmpo,antetgi01,28.0,MIL,PF,63,63.0,32.1,11.2,20.3,0.553,0.7,2.7,0.275,10.5,17.6,0.596,0.572,7.9,12.3,0.645,2.2,9.6,11.8,5.7,0.8,0.8,3.9,3.1,31.1,1
2024,NBA,Giannis Antetokounmpo,antetgi01,29.0,MIL,PF,73,73.0,35.2,11.5,18.8,0.611,0.5,1.7,0.274,11.0,17.1,0.645,0.624,7.0,10.7,0.657,2.7,8.8,11.5,6.5,1.2,1.1,3.4,2.9,30.4,1
2015,NBA,Gigi Datome,datomlu01,27.0,2TM,SF,21,1.0,10.0,2.0,4.2,0.483,0.9,1.9,0.45,1.2,2.3,0.51,0.584,0.0,0.0,1.0,0.1,1.2,1.4,0.4,0.1,0.3,0.4,0.7,5.0,0
2015,NBA,Glen Davis,davisgl01,29.0,LAC,PF,74,0.0,12.2,1.6,3.4,0.459,0.0,0.1,0.0,1.6,3.4,0.466,0.459,0.8,1.3,0.632,0.6,1.7,2.3,0.5,0.6,0.3,0.5,1.8,4.0,0
2015,NBA,Glenn Robinson III,robingl02,21.0,2TM,SG,35,1.0,7.5,0.7,1.9,0.388,0.1,0.5,0.263,0.6,1.4,0.438,0.425,0.5,0.7,0.667,0.4,0.7,1.1,0.3,0.2,0.0,0.3,0.4,2.1,0
2016,NBA,Glenn Robinson III,robingl02,22.0,IND,SF,45,4.0,11.3,1.4,3.4,0.43,0.3,0.8,0.378,1.1,2.5,0.447,0.477,0.6,0.9,0.692,0.3,1.2,1.5,0.6,0.4,0.2,0.4,0.5,3.8,0
2017,NBA,Glenn Robinson III,robingl02,23.0,IND,SF,69,27.0,20.7,2.3,4.9,0.467,0.7,1.8,0.392,1.6,3.1,0.512,0.54,0.8,1.1,0.711,0.8,2.7,3.6,0.7,0.6,0.3,0.5,0.9,6.1,0
2018,NBA,Glenn Robinson III,robingl02,24.0,IND,SF,23,1.0,14.7,1.6,3.7,0.424,0.6,1.5,0.412,1.0,2.2,0.431,0.506,0.4,0.5,0.818,0.5,1.1,1.6,0.7,0.6,0.0,0.2,0.6,4.1,0
2019,NBA,Glenn Robinson III,robingl02,25.0,DET,SF,47,18.0,13.0,1.6,3.7,0.42,0.4,1.3,0.29,1.2,2.4,0.491,0.472,0.7,0.9,0.8,0.4,1.1,1.5,0.4,0.3,0.2,0.4,1.0,4.2,0
2020,NBA,Glenn Robinson III,robingl02,26.0,2TM,SF,62,52.0,28.8,4.6,9.5,0.486,1.2,3.2,0.391,3.4,6.4,0.534,0.552,1.2,1.4,0.86,1.3,3.0,4.4,1.5,0.9,0.3,0.9,1.6,11.7,0
2021,NBA,Glenn Robinson III,robingl02,27.0,SAC,SF,23,2.0,16.0,1.8,4.3,0.424,0.7,1.9,0.364,1.1,2.4,0.473,0.505,0.9,1.0,0.913,0.5,1.5,2.0,0.9,0.2,0.1,0.5,1.0,5.3,0
2020,NBA,Goga Bitadze,bitadgo01,20.0,IND,C,54,2.0,8.7,1.3,2.8,0.467,0.1,0.8,0.19,1.1,2.0,0.574,0.493,0.4,0.6,0.727,0.5,1.5,2.0,0.4,0.2,0.7,0.5,1.2,3.2,0
2021,NBA,Goga Bitadze,bitadgo01,21.0,IND,C,45,3.0,12.5,1.8,4.3,0.428,0.4,1.8,0.253,1.4,2.6,0.548,0.479,1.0,1.4,0.738,1.3,2.0,3.3,0.8,0.2,1.3,0.4,2.1,5.1,0
2022,NBA,Goga Bitadze,bitadgo01,22.0,IND,C,50,16.0,14.6,2.6,5.0,0.52,0.5,1.6,0.288,2.2,3.4,0.628,0.565,1.3,1.9,0.681,1.6,2.0,3.5,1.1,0.4,0.8,0.9,2.1,7.0,0
2023,NBA,Goga Bitadze,bitadgo01,23.0,2TM,C,38,1.0,12.0,1.8,3.3,0.552,0.2,0.7,0.231,1.7,2.6,0.636,0.576,0.6,1.1,0.548,1.6,2.0,3.6,1.0,0.4,0.7,0.6,1.7,4.4,0
2024,NBA,Goga Bitadze,bitadgo01,24.0,ORL,C,62,33.0,15.4,2.0,3.4,0.603,0.0,0.2,0.143,2.0,3.1,0.636,0.608,0.9,1.4,0.655,1.8,2.9,4.6,1.3,0.5,1.2,0.7,1.7,5.0,0
2015,NBA,Goran Dragić,dragigo01,28.0,2TM,PG,78,78.0,33.8,6.4,12.8,0.501,1.2,3.3,0.347,5.3,9.5,0.555,0.546,2.3,3.0,0.774,1.0,2.5,3.5,4.5,1.0,0.2,2.2,2.5,16.3,0
2016,NBA,Goran Dragić,dragigo01,29.0,MIA,PG,72,72.0,32.8,5.8,12.2,0.477,0.9,2.8,0.312,4.9,9.3,0.527,0.513,1.7,2.3,0.727,0.8,3.1,3.8,5.8,1.0,0.2,2.6,2.6,14.1,0
2017,NBA,Goran Dragić,dragigo01,30.0,MIA,PG,73,73.0,33.7,7.3,15.4,0.475,1.6,4.0,0.405,5.7,11.4,0.499,0.527,4.1,5.2,0.79,0.8,3.0,3.8,5.8,1.2,0.2,2.9,2.7,20.3,0
2018,NBA,Goran Dragić,dragigo01,31.0,MIA,PG,75,75.0,31.7,6.5,14.3,0.45,1.5,4.0,0.37,5.0,10.3,0.481,0.502,2.9,3.6,0.801,0.7,3.4,4.1,4.8,0.8,0.2,2.2,2.4,17.3,1
2019,NBA,Goran Dragić,dragigo01,32.0,MIA,PG,36,22.0,27.5,5.0,12.0,0.413,1.6,4.6,0.348,3.4,7.5,0.454,0.479,2.2,2.8,0.782,0.6,2.5,3.1,4.8,0.8,0.1,2.0,2.3,13.7,0
2020,NBA,Goran Dragić,dragigo01,33.0,MIA,PG,59,3.0,28.2,5.4,12.3,0.441,2.1,5.7,0.367,3.3,6.5,0.505,0.526,3.2,4.2,0.776,0.5,2.7,3.2,5.1,0.7,0.2,2.4,2.1,16.2,0
2021,NBA,Goran Dragić,dragigo01,34.0,MIA,PG,50,11.0,26.7,4.8,11.1,0.432,1.8,4.9,0.373,3.0,6.2,0.479,0.514,2.0,2.4,0.828,0.5,2.9,3.4,4.4,0.7,0.2,2.4,2.3,13.4,0
2022,NBA,Goran Dragić,dragigo01,35.0,2TM,PG,21,8.0,23.7,2.7,7.2,0.377,0.8,3.0,0.254,2.0,4.2,0.466,0.43,1.3,1.6,0.818,0.6,2.5,3.1,4.1,0.9,0.2,1.6,2.1,7.5,0
2023,NBA,Goran Dragić,dragigo01,36.0,2TM,PG,58,0.0,15.0,2.4,5.8,0.421,0.9,2.5,0.359,1.5,3.3,0.468,0.499,0.5,0.8,0.689,0.3,1.1,1.4,2.6,0.2,0.1,1.1,1.1,6.3,0
2015,NBA,Gordon Hayward,haywago01,24.0,UTA,SF,76,76.0,34.4,6.4,14.3,0.445,1.6,4.3,0.364,4.8,10.0,0.481,0.5,4.9,6.1,0.812,0.7,4.2,4.9,4.1,1.4,0.4,2.7,1.7,19.3,0
2016,NBA,Gordon Hayward,haywago01,25.0,UTA,SF,80,80.0,36.2,6.5,15.0,0.433,1.8,5.1,0.349,4.7,9.9,0.477,0.493,4.9,6.0,0.824,0.8,4.2,5.0,3.7,1.2,0.3,2.5,2.3,19.7,0
2017,NBA,Gordon Hayward,haywago01,26.0,UTA,SF,73,73.0,34.5,7.5,15.8,0.471,2.0,5.1,0.398,5.4,10.7,0.506,0.536,5.0,5.9,0.844,0.7,4.7,5.4,3.5,1.0,0.3,1.9,1.6,21.9,1
2019,NBA,Gordon Hayward,haywago01,28.0,BOS,PF,72,18.0,25.9,4.1,8.8,0.466,1.1,3.2,0.333,3.0,5.6,0.542,0.527,2.2,2.6,0.834,0.7,3.8,4.5,3.4,0.9,0.3,1.5,1.4,11.5,0
2020,NBA,Gordon Hayward,haywago01,29.0,BOS,SF,52,52.0,33.5,6.7,13.5,0.5,1.6,4.3,0.383,5.1,9.2,0.554,0.561,2.4,2.8,0.855,1.1,5.6,6.7,4.1,0.7,0.4,1.8,1.8,17.5,0
2021,NBA,Gordon Hayward,haywago01,30.0,CHO,SF,44,44.0,34.0,7.1,15.0,0.473,1.9,4.7,0.415,5.1,10.3,0.499,0.537,3.5,4.2,0.843,0.8,5.0,5.9,4.1,1.2,0.3,2.1,1.7,19.6,0
2022,NBA,Gordon Hayward,haywago01,31.0,CHO,SF,49,48.0,31.9,5.8,12.6,0.459,1.8,4.5,0.391,4.0,8.1,0.496,0.528,2.6,3.0,0.846,0.8,3.8,4.6,3.6,1.0,0.4,1.7,1.7,15.9,0
2023,NBA,Gordon Hayward,haywago01,32.0,CHO,SF,50,50.0,31.5,5.5,11.6,0.475,1.0,3.2,0.325,4.5,8.4,0.532,0.52,2.6,3.2,0.811,0.7,3.6,4.3,4.1,0.8,0.2,2.0,1.4,14.7,0
2024,NBA,Gordon Hayward,haywago01,33.0,2TM,SF,51,28.0,24.4,3.7,7.9,0.464,0.7,1.8,0.411,2.9,6.1,0.479,0.51,1.7,2.4,0.742,0.7,2.8,3.5,3.1,0.8,0.3,1.3,1.3,9.8,0
2015,NBA,Gorgui Dieng,dienggo01,25.0,MIN,C,73,49.0,30.0,3.5,7.0,0.506,0.0,0.1,0.167,3.5,6.9,0.51,0.507,2.6,3.3,0.783,3.1,5.3,8.3,2.0,1.0,1.7,1.7,2.6,9.7,0
2016,NBA,Gorgui Dieng,dienggo01,26.0,MIN,C,82,39.0,27.1,3.8,7.1,0.532,0.1,0.2,0.3,3.7,6.8,0.54,0.537,2.5,3.0,0.827,1.9,5.2,7.1,1.7,1.1,1.2,1.7,2.7,10.1,0
2017,NBA,Gorgui Dieng,dienggo01,27.0,MIN,PF,82,82.0,32.4,4.0,8.1,0.502,0.2,0.5,0.372,3.9,7.5,0.511,0.514,1.7,2.0,0.814,2.3,5.6,7.9,1.9,1.1,1.2,1.3,3.1,10.0,0
2018,NBA,Gorgui Dieng,dienggo01,28.0,MIN,C,79,0.0,16.9,2.4,4.9,0.479,0.2,0.8,0.311,2.1,4.1,0.511,0.504,1.0,1.3,0.775,1.3,3.2,4.6,0.9,0.6,0.5,0.7,1.9,5.9,0
2019,NBA,Gorgui Dieng,dienggo01,29.0,MIN,C,76,2.0,13.6,2.5,5.0,0.501,0.3,0.7,0.339,2.2,4.2,0.53,0.527,1.2,1.4,0.83,1.1,3.0,4.1,0.9,0.6,0.5,0.8,1.8,6.4,0
2020,NBA,Gorgui Dieng,dienggo01,30.0,2TM,C,63,17.0,17.4,2.6,5.8,0.456,0.9,2.4,0.355,1.8,3.4,0.528,0.53,1.2,1.6,0.772,1.4,4.2,5.6,1.2,0.8,0.9,1.0,2.0,7.4,0
2021,NBA,Gorgui Dieng,dienggo01,31.0,2TM,C,38,1.0,14.5,2.2,4.3,0.521,0.8,1.8,0.429,1.4,2.4,0.591,0.613,1.5,1.8,0.866,1.1,2.6,3.7,1.3,0.7,0.4,0.8,1.5,6.8,0
2022,NBA,Gorgui Dieng,dienggo01,32.0,ATL,C,44,3.0,8.4,1.2,2.5,0.473,0.7,1.5,0.426,0.5,1.0,0.545,0.603,0.4,0.6,0.731,0.7,2.0,2.8,0.8,0.3,0.3,0.5,1.2,3.5,0
2023,NBA,Gorgui Dieng,dienggo01,33.0,SAS,C,31,1.0,11.5,1.5,3.8,0.385,0.7,2.4,0.28,0.8,1.4,0.571,0.474,0.3,0.4,0.769,0.9,2.6,3.5,1.7,0.1,0.5,1.0,1.8,3.9,0
2024,NBA,Gradey Dick,dickgr01,20.0,TOR,SG,60,17.0,21.1,3.2,7.4,0.425,1.5,4.0,0.365,1.7,3.4,0.495,0.524,0.7,0.9,0.863,0.5,1.8,2.2,1.1,0.6,0.0,0.8,1.5,8.5,0
2020,NBA,Grant Williams,willigr01,21.0,BOS,PF,69,5.0,15.1,1.3,3.1,0.412,0.3,1.4,0.25,0.9,1.7,0.548,0.469,0.6,0.8,0.722,0.9,1.7,2.6,1.0,0.4,0.5,0.7,2.4,3.4,0
2021,NBA,Grant Williams,willigr01,22.0,BOS,PF,63,9.0,18.1,1.7,3.9,0.437,0.8,2.0,0.372,1.0,1.9,0.508,0.534,0.5,0.8,0.588,0.8,2.1,2.8,1.0,0.5,0.4,0.9,2.6,4.7,0
2022,NBA,Grant Williams,willigr01,23.0,BOS,PF,77,21.0,24.4,2.7,5.6,0.475,1.4,3.4,0.411,1.3,2.3,0.569,0.597,1.1,1.2,0.905,0.8,2.7,3.6,1.0,0.5,0.7,0.8,2.4,7.8,0
2023,NBA,Grant Williams,willigr01,24.0,BOS,PF,79,23.0,25.9,2.7,6.0,0.454,1.5,3.7,0.395,1.3,2.3,0.546,0.575,1.2,1.5,0.77,1.1,3.5,4.6,1.7,0.5,0.4,1.0,2.4,8.1,0
2024,NBA,Grant Williams,willigr01,25.0,2TM,PF,76,43.0,28.0,3.6,8.0,0.456,1.7,4.4,0.375,2.0,3.5,0.558,0.56,1.4,1.8,0.757,1.1,3.1,4.2,2.3,0.6,0.5,1.4,3.0,10.3,0
2019,NBA,Grayson Allen,allengr01,23.0,UTA,SG,38,2.0,10.9,1.8,4.7,0.376,0.8,2.6,0.323,0.9,2.1,0.443,0.466,1.2,1.6,0.75,0.1,0.5,0.6,0.7,0.2,0.2,0.9,1.2,5.6,0
2020,NBA,Grayson Allen,allengr01,24.0,MEM,SG,38,0.0,18.9,3.1,6.6,0.466,1.5,3.7,0.404,1.6,2.9,0.545,0.58,1.0,1.2,0.867,0.2,2.0,2.2,1.4,0.3,0.1,0.9,1.4,8.7,0
2021,NBA,Grayson Allen,allengr01,25.0,MEM,SG,50,38.0,25.2,3.5,8.3,0.418,2.1,5.5,0.391,1.3,2.8,0.471,0.547,1.6,1.8,0.868,0.4,2.8,3.2,2.2,0.9,0.2,1.0,1.4,10.6,0
2022,NBA,Grayson Allen,allengr01,26.0,MIL,SG,66,61.0,27.3,3.9,8.6,0.448,2.4,5.9,0.409,1.5,2.7,0.533,0.588,1.0,1.1,0.865,0.5,2.9,3.4,1.5,0.7,0.3,0.7,1.5,11.1,0
2023,NBA,Grayson Allen,allengr01,27.0,MIL,SG,72,70.0,27.4,3.4,7.7,0.44,2.0,5.1,0.399,1.4,2.7,0.518,0.571,1.6,1.8,0.905,0.8,2.4,3.3,2.3,0.9,0.2,1.0,1.6,10.4,0
2024,NBA,Grayson Allen,allengr01,28.0,PHO,SG,75,74.0,33.5,4.5,9.1,0.499,2.7,5.9,0.461,1.8,3.2,0.57,0.649,1.7,2.0,0.878,0.6,3.3,3.9,3.0,0.9,0.6,1.3,2.1,13.5,0
2022,NBA,Greg Brown III,browngr01,20.0,POR,SF,48,6.0,13.3,1.7,4.0,0.426,0.4,1.3,0.311,1.3,2.7,0.481,0.476,0.9,1.4,0.677,0.8,2.0,2.8,0.7,0.5,0.5,0.8,1.9,4.7,0
2015,NBA,Greg Monroe,monrogr01,24.0,DET,PF,69,57.0,31.0,6.1,12.4,0.496,0.0,0.0,0.0,6.1,12.4,0.496,0.496,3.7,4.9,0.75,3.3,6.9,10.2,2.1,1.1,0.5,2.2,2.1,15.9,0
2016,NBA,Greg Monroe,monrogr01,25.0,MIL,C,79,67.0,29.3,6.2,11.9,0.522,0.0,0.0,0.0,6.2,11.9,0.522,0.522,2.9,3.9,0.74,2.8,6.1,8.8,2.3,0.9,0.8,1.6,2.1,15.3,0
2017,NBA,Greg Monroe,monrogr01,26.0,MIL,C,81,0.0,22.5,4.8,9.0,0.533,0.0,0.0,0.0,4.8,8.9,0.536,0.533,2.2,3.0,0.741,2.1,4.5,6.6,2.3,1.1,0.5,1.7,2.1,11.7,0
2018,NBA,Greg Monroe,monrogr01,27.0,3TM,C,51,14.0,20.4,4.3,7.6,0.565,0.0,0.0,0.0,4.3,7.6,0.565,0.565,1.7,2.3,0.739,2.1,4.7,6.9,2.2,0.9,0.5,1.8,1.9,10.3,0
2019,NBA,Greg Monroe,monrogr01,28.0,3TM,C,43,2.0,11.2,2.1,4.4,0.487,0.0,0.1,0.2,2.1,4.3,0.495,0.489,1.0,1.7,0.625,1.6,2.4,4.0,0.6,0.3,0.2,0.7,1.5,5.3,0
2015,NBA,Greg Smith,smithgr02,24.0,DAL,PF,42,2.0,8.6,0.7,1.2,0.612,0.0,0.0,0.0,0.7,1.2,0.612,0.612,0.5,0.9,0.513,0.6,1.3,1.9,0.2,0.2,0.3,0.3,1.3,1.9,0
2015,NBA,Greivis Vásquez,vasqugr01,28.0,TOR,PG,82,29.0,24.3,3.6,8.8,0.408,1.6,4.3,0.379,2.0,4.6,0.436,0.5,0.6,0.8,0.758,0.3,2.4,2.6,3.7,0.6,0.1,1.5,2.2,9.5,0
2016,NBA,Greivis Vásquez,vasqugr01,29.0,MIL,PG,23,0.0,20.0,2.0,6.0,0.326,0.8,3.2,0.247,1.2,2.8,0.415,0.391,1.0,1.1,0.846,0.2,1.8,2.0,4.0,0.4,0.0,1.7,1.8,5.7,0
2018,NBA,Guerschon Yabusele,yabusgu01,22.0,BOS,PF,33,4.0,7.1,0.8,1.8,0.426,0.4,1.1,0.324,0.4,0.7,0.583,0.525,0.5,0.7,0.682,0.5,1.1,1.6,0.5,0.1,0.2,0.4,0.7,2.4,0
2019,NBA,Guerschon Yabusele,yabusgu01,23.0,BOS,PF,41,1.0,6.1,0.9,1.9,0.455,0.2,0.7,0.321,0.6,1.2,0.531,0.513,0.4,0.5,0.682,0.6,0.7,1.3,0.4,0.2,0.2,0.4,0.8,2.3,0
2024,NBA,Gui Santos,santogu01,21.0,GSW,PF,23,0.0,8.3,1.2,2.4,0.509,0.4,1.2,0.37,0.8,1.2,0.643,0.6,0.7,0.7,0.941,0.7,1.4,2.1,0.6,0.2,0.1,0.3,1.0,3.6,0
2019,NBA,Hamidou Diallo,diallha01,20.0,OKC,SG,51,3.0,10.3,1.5,3.2,0.455,0.1,0.5,0.167,1.4,2.8,0.504,0.467,0.7,1.2,0.61,0.7,1.2,1.9,0.3,0.4,0.2,0.5,1.5,3.7,0
2020,NBA,Hamidou Diallo,diallha01,21.0,OKC,SF,46,3.0,19.5,2.9,6.4,0.446,0.3,1.2,0.281,2.5,5.2,0.485,0.473,0.8,1.4,0.603,1.0,2.7,3.6,0.8,0.8,0.2,1.1,2.2,6.9,0
2021,NBA,Hamidou Diallo,diallha01,22.0,2TM,SF,52,9.0,23.6,4.3,9.0,0.477,0.5,1.6,0.341,3.8,7.5,0.505,0.506,2.5,3.8,0.64,1.1,4.1,5.2,1.9,0.8,0.5,1.5,2.6,11.6,0
2022,NBA,Hamidou Diallo,diallha01,23.0,DET,SG,58,29.0,21.9,4.5,9.1,0.496,0.4,1.6,0.247,4.1,7.5,0.55,0.518,1.6,2.4,0.65,1.2,3.6,4.8,1.3,1.2,0.3,1.0,2.5,11.0,0
2023,NBA,Hamidou Diallo,diallha01,24.0,DET,SF,56,0.0,17.8,3.8,6.7,0.573,0.1,0.4,0.238,3.8,6.3,0.593,0.58,1.6,2.6,0.588,1.0,2.4,3.5,1.0,0.9,0.3,1.3,2.2,9.3,0
2015,NBA,Harrison Barnes,barneha02,22.0,GSW,SF,82,82.0,28.3,3.9,8.0,0.482,1.1,2.6,0.405,2.8,5.4,0.519,0.548,1.3,1.8,0.72,1.4,4.1,5.5,1.4,0.7,0.2,0.9,1.8,10.1,0
2016,NBA,Harrison Barnes,barneha02,23.0,GSW,SF,66,59.0,30.9,4.5,9.6,0.466,1.2,3.2,0.383,3.2,6.3,0.508,0.531,1.5,2.0,0.761,1.2,3.8,4.9,1.8,0.6,0.2,0.9,2.1,11.7,0
2017,NBA,Harrison Barnes,barneha02,24.0,DAL,PF,79,79.0,35.5,7.6,16.2,0.468,1.0,2.8,0.351,6.6,13.4,0.492,0.498,3.1,3.6,0.861,1.2,3.8,5.0,1.5,0.8,0.2,1.3,1.6,19.2,0
2018,NBA,Harrison Barnes,barneha02,25.0,DAL,PF,77,77.0,34.2,7.0,15.7,0.445,1.5,4.3,0.357,5.4,11.4,0.478,0.494,3.4,4.1,0.827,1.0,5.1,6.1,2.0,0.6,0.2,1.5,1.2,18.9,0
2019,NBA,Harrison Barnes,barneha02,26.0,2TM,PF,77,77.0,32.9,5.6,13.3,0.42,2.3,5.7,0.395,3.3,7.6,0.439,0.504,3.0,3.6,0.824,0.7,3.9,4.7,1.5,0.6,0.2,1.3,1.6,16.4,0
2020,NBA,Harrison Barnes,barneha02,27.0,SAC,PF,72,72.0,34.5,5.1,11.0,0.46,1.4,3.7,0.381,3.7,7.3,0.501,0.525,3.0,3.7,0.801,1.1,3.9,4.9,2.2,0.6,0.2,1.2,1.3,14.5,0
2021,NBA,Harrison Barnes,barneha02,28.0,SAC,PF,58,58.0,36.2,5.5,11.1,0.497,1.7,4.4,0.391,3.8,6.7,0.567,0.575,3.4,4.1,0.83,1.1,5.5,6.6,3.5,0.7,0.2,1.6,1.3,16.1,0
2022,NBA,Harrison Barnes,barneha02,29.0,SAC,PF,77,77.0,33.6,5.1,10.8,0.469,1.8,4.7,0.394,3.2,6.2,0.525,0.554,4.4,5.4,0.826,1.1,4.5,5.6,2.4,0.7,0.2,1.5,1.2,16.4,0
2023,NBA,Harrison Barnes,barneha02,30.0,SAC,PF,82,82.0,32.5,4.6,9.6,0.473,1.6,4.3,0.374,3.0,5.3,0.553,0.556,4.3,5.0,0.847,1.1,3.4,4.5,1.6,0.7,0.1,1.0,1.3,15.0,0
2024,NBA,Harrison Barnes,barneha02,31.0,SAC,PF,82,82.0,29.0,4.2,8.9,0.474,1.8,4.7,0.387,2.4,4.2,0.571,0.576,1.9,2.4,0.801,0.8,2.2,3.0,1.2,0.7,0.1,0.7,1.2,12.2,0
2019,NBA,Harry Giles,gilesha01,20.0,SAC,PF,58,0.0,14.1,3.0,6.0,0.503,0.0,0.1,0.0,3.0,5.9,0.512,0.503,1.0,1.6,0.637,1.1,2.7,3.8,1.5,0.5,0.4,1.3,2.6,7.0,0
2020,NBA,Harry Giles,gilesha01,21.0,SAC,C,46,17.0,14.5,3.0,5.5,0.554,0.0,0.0,0.0,3.0,5.4,0.558,0.554,0.8,1.1,0.776,0.9,3.2,4.1,1.3,0.5,0.4,1.0,2.6,6.9,0
2021,NBA,Harry Giles,gilesha01,22.0,POR,C,38,0.0,9.2,1.1,2.6,0.433,0.2,0.6,0.348,0.9,1.9,0.459,0.474,0.4,0.7,0.593,0.8,2.7,3.5,0.8,0.2,0.3,0.5,1.4,2.8,0
2024,NBA,Harry Giles,gilesha01,25.0,2TM,C,23,0.0,4.3,1.0,2.2,0.46,0.1,0.6,0.214,0.9,1.6,0.556,0.49,0.3,0.6,0.538,0.5,0.8,1.3,0.3,0.1,0.1,0.3,0.7,2.4,0
2015,NBA,Hassan Whiteside,whiteha01,25.0,MIA,C,48,32.0,23.8,5.1,8.1,0.628,0.0,0.0,0.0,5.1,8.1,0.628,0.628,1.6,3.3,0.5,3.0,7.0,10.0,0.1,0.6,2.6,1.2,2.7,11.8,0
2016,NBA,Hassan Whiteside,whiteha01,26.0,MIA,C,73,43.0,29.1,5.7,9.3,0.606,0.0,0.0,0.0,5.7,9.3,0.606,0.606,2.9,4.5,0.65,3.3,8.6,11.8,0.4,0.6,3.7,1.9,2.8,14.2,0
2017,NBA,Hassan Whiteside,whiteha01,27.0,MIA,C,77,77.0,32.6,7.0,12.6,0.557,0.0,0.0,0.0,7.0,12.6,0.557,0.557,2.9,4.6,0.628,3.8,10.3,14.1,0.7,0.7,2.1,2.0,2.9,17.0,0
2018,NBA,Hassan Whiteside,whiteha01,28.0,MIA,C,54,54.0,25.3,5.8,10.7,0.54,0.0,0.0,1.0,5.7,10.7,0.538,0.542,2.4,3.4,0.703,3.2,8.2,11.4,1.0,0.7,1.7,1.7,2.4,14.0,0
2019,NBA,Hassan Whiteside,whiteha01,29.0,MIA,C,72,53.0,23.3,5.4,9.4,0.571,0.0,0.2,0.125,5.4,9.2,0.581,0.572,1.5,3.4,0.449,3.6,7.8,11.3,0.8,0.6,1.9,1.3,2.7,12.3,0
2020,NBA,Hassan Whiteside,whiteha01,30.0,POR,C,67,61.0,30.0,6.5,10.5,0.621,0.1,0.1,0.571,6.4,10.4,0.622,0.624,2.4,3.6,0.686,3.9,9.7,13.5,1.2,0.4,2.9,1.8,2.9,15.5,0
2021,NBA,Hassan Whiteside,whiteha01,31.0,SAC,C,36,4.0,15.2,3.5,6.2,0.563,0.0,0.0,0.0,3.5,6.2,0.565,0.563,1.1,2.2,0.519,1.7,4.3,6.0,0.6,0.3,1.3,1.1,2.0,8.1,0
2022,NBA,Hassan Whiteside,whiteha01,32.0,UTA,C,65,8.0,17.9,3.3,5.1,0.652,0.0,0.0,0.0,3.3,5.1,0.652,0.652,1.6,2.6,0.623,2.6,5.0,7.6,0.4,0.3,1.6,0.8,2.8,8.2,0
2023,NBA,Haywood Highsmith,highsha01,26.0,MIA,PF,54,11.0,17.9,1.7,4.0,0.431,0.7,2.0,0.339,1.0,2.0,0.523,0.516,0.2,0.5,0.464,1.1,2.4,3.5,0.8,0.7,0.3,0.8,1.5,4.4,0
2024,NBA,Haywood Highsmith,highsha01,27.0,MIA,PF,66,26.0,20.7,2.3,5.0,0.465,1.2,2.9,0.396,1.2,2.1,0.562,0.581,0.3,0.5,0.639,1.0,2.2,3.2,1.1,0.8,0.5,0.5,1.8,6.1,0
2015,NBA,Hedo Türkoğlu,turkohe01,35.0,LAC,SF,62,2.0,11.4,1.3,3.0,0.441,1.0,2.2,0.432,0.4,0.8,0.469,0.601,0.1,0.2,0.545,0.1,1.5,1.6,0.6,0.3,0.1,0.5,1.1,3.7,0
2018,NBA,Henry Ellenson,ellenhe01,21.0,DET,PF,38,0.0,8.7,1.4,3.8,0.363,0.5,1.6,0.333,0.9,2.3,0.384,0.432,0.7,0.8,0.862,0.3,1.9,2.1,0.5,0.1,0.0,0.5,0.6,4.0,0
2015,NBA,Henry Sims,simshe01,24.0,PHI,C,73,32.0,19.2,3.3,6.9,0.474,0.1,0.3,0.182,3.2,6.6,0.488,0.478,1.5,1.9,0.774,1.7,3.3,4.9,1.1,0.5,0.4,1.4,1.8,8.0,0
2015,NBA,Henry Walker,walkebi01,27.0,MIA,SF,24,13.0,26.2,2.4,7.0,0.345,1.9,5.5,0.341,0.5,1.5,0.361,0.479,0.6,0.8,0.778,0.3,3.1,3.4,1.2,1.0,0.4,1.0,3.2,7.3,0
2022,NBA,Herbert Jones,joneshe01,23.0,NOP,PF,78,69.0,29.9,3.5,7.4,0.476,0.7,2.2,0.337,2.8,5.2,0.533,0.525,1.8,2.1,0.84,1.3,2.5,3.8,2.1,1.7,0.8,1.3,3.1,9.5,0
2023,NBA,Herbert Jones,joneshe01,24.0,NOP,PF,66,66.0,29.6,3.6,7.6,0.469,0.8,2.5,0.335,2.7,5.1,0.536,0.525,1.9,2.4,0.764,1.5,2.6,4.1,2.5,1.6,0.6,1.3,3.2,9.8,0
2024,NBA,Herbert Jones,joneshe01,25.0,NOP,SF,76,76.0,30.5,3.9,7.7,0.498,1.5,3.6,0.418,2.4,4.1,0.568,0.595,1.8,2.1,0.867,1.0,2.6,3.6,2.6,1.4,0.8,1.2,2.9,11.0,0
2015,NBA,Hollis Thompson,thompho01,23.0,PHI,SG,71,23.0,25.0,3.2,7.6,0.413,1.6,4.0,0.401,1.5,3.6,0.426,0.518,0.9,1.3,0.708,0.7,2.0,2.8,1.2,0.8,0.4,0.9,2.0,8.8,0
2016,NBA,Hollis Thompson,thompho01,24.0,PHI,SG,77,17.0,28.0,3.5,8.8,0.397,1.9,5.1,0.38,1.6,3.7,0.42,0.507,0.9,1.2,0.719,0.7,2.8,3.5,1.3,0.5,0.3,1.0,2.4,9.8,0
2017,NBA,Hollis Thompson,thompho01,25.0,2TM,SG,40,9.0,18.8,1.9,5.0,0.385,0.8,2.4,0.337,1.1,2.6,0.429,0.465,0.5,0.7,0.655,0.5,2.3,2.8,0.9,0.5,0.2,0.3,1.7,5.1,0
2015,NBA,Ian Clark,clarkia01,23.0,2TM,SG,30,0.0,6.4,0.6,1.8,0.345,0.3,1.0,0.333,0.3,0.8,0.36,0.436,0.3,0.3,1.0,0.1,0.4,0.5,0.4,0.3,0.1,0.3,0.7,1.9,0
2016,NBA,Ian Clark,clarkia01,24.0,GSW,SG,66,1.0,8.8,1.3,3.1,0.441,0.5,1.3,0.357,0.9,1.8,0.5,0.515,0.4,0.5,0.824,0.2,0.8,1.0,1.0,0.3,0.2,0.7,0.9,3.6,0
2017,NBA,Ian Clark,clarkia01,25.0,GSW,SG,77,0.0,14.8,2.7,5.6,0.487,0.8,2.1,0.374,1.9,3.5,0.556,0.558,0.6,0.8,0.759,0.3,1.3,1.6,1.2,0.5,0.1,0.7,1.0,6.8,0
2018,NBA,Ian Clark,clarkia01,26.0,NOP,SG,74,2.0,19.7,3.0,6.7,0.448,0.8,2.6,0.318,2.2,4.1,0.533,0.511,0.6,0.8,0.763,0.1,1.6,1.7,1.5,0.4,0.1,0.8,1.6,7.4,0
2019,NBA,Ian Clark,clarkia01,27.0,NOP,SG,60,6.0,16.2,2.5,6.4,0.394,1.1,3.4,0.327,1.4,3.0,0.47,0.48,0.6,0.6,0.892,0.2,1.3,1.5,1.6,0.4,0.1,1.0,1.6,6.7,0
2015,NBA,Ian Mahinmi,mahinia01,28.0,IND,C,61,6.0,18.8,1.9,3.5,0.552,0.0,0.0,0.0,1.9,3.5,0.552,0.552,0.5,1.7,0.304,1.7,4.1,5.8,0.5,0.5,0.8,1.0,2.8,4.3,0
2016,NBA,Ian Mahinmi,mahinia01,29.0,IND,C,71,71.0,25.6,3.7,6.3,0.589,0.0,0.0,0.0,3.7,6.3,0.589,0.589,1.9,3.2,0.587,1.9,5.2,7.1,1.5,0.9,1.1,1.4,3.1,9.3,0
2017,NBA,Ian Mahinmi,mahinia01,30.0,WAS,C,31,0.0,17.9,2.1,3.6,0.586,0.0,0.0,0.0,2.1,3.6,0.586,0.586,1.4,2.4,0.573,1.5,3.3,4.8,0.6,1.1,0.8,1.1,2.9,5.6,0
2018,NBA,Ian Mahinmi,mahinia01,31.0,WAS,C,77,0.0,14.9,1.8,3.2,0.556,0.0,0.0,0.0,1.8,3.2,0.561,0.556,1.2,1.7,0.703,1.8,2.3,4.1,0.7,0.5,0.5,1.3,3.0,4.8,0
2019,NBA,Ian Mahinmi,mahinia01,32.0,WAS,C,34,6.0,14.6,1.4,3.1,0.452,0.1,0.5,0.188,1.3,2.6,0.5,0.466,1.2,1.8,0.689,1.4,2.4,3.8,0.7,0.7,0.5,0.6,2.5,4.1,0
2020,NBA,Ian Mahinmi,mahinia01,33.0,WAS,C,38,35.0,21.3,2.7,5.5,0.495,0.1,0.7,0.192,2.6,4.8,0.538,0.507,1.8,3.0,0.619,2.1,3.7,5.7,1.3,0.8,1.2,1.2,3.0,7.4,0
2024,NBA,Ibou Badji,badjiib01,21.0,POR,C,22,1.0,10.3,0.6,1.0,0.636,0.0,0.0,0.0,0.6,1.0,0.636,0.636,0.3,0.5,0.5,0.9,1.4,2.3,0.6,0.1,0.9,0.7,2.1,1.5,0
2022,NBA,Ignas Brazdeikis,brazdig01,23.0,ORL,SF,42,1.0,12.8,1.9,4.5,0.431,0.6,2.1,0.31,1.3,2.4,0.535,0.503,0.5,0.8,0.656,0.5,1.2,1.7,0.9,0.2,0.1,0.4,1.1,5.0,0
2015,NBA,Iman Shumpert,shumpim01,24.0,2TM,SG,62,25.0,24.9,3.1,7.6,0.41,1.1,3.2,0.342,2.0,4.4,0.458,0.481,0.7,1.0,0.672,0.9,2.7,3.6,2.2,1.3,0.3,1.5,2.2,8.0,0
2016,NBA,Iman Shumpert,shumpim01,25.0,CLE,SG,54,5.0,24.4,2.1,5.6,0.374,0.8,2.7,0.295,1.3,2.9,0.447,0.444,0.7,0.9,0.784,0.6,3.2,3.8,1.7,1.0,0.4,1.1,2.2,5.8,0
2017,NBA,Iman Shumpert,shumpim01,26.0,CLE,SG,76,31.0,25.5,2.6,6.4,0.411,1.2,3.4,0.36,1.4,3.0,0.469,0.507,0.9,1.2,0.789,0.5,2.4,2.9,1.4,0.8,0.4,1.0,2.0,7.5,0
2019,NBA,Iman Shumpert,shumpim01,28.0,2TM,SG,62,41.0,23.9,2.7,7.2,0.374,1.5,4.4,0.348,1.2,2.8,0.416,0.481,0.6,0.7,0.8,0.4,2.5,3.0,1.8,1.0,0.4,0.8,2.0,7.5,0
2021,NBA,Immanuel Quickley,quickim01,21.0,NYK,PG,64,3.0,19.4,3.6,9.1,0.395,1.8,4.7,0.389,1.7,4.3,0.401,0.497,2.4,2.7,0.891,0.4,1.8,2.1,2.0,0.5,0.2,0.9,1.8,11.4,0
2022,NBA,Immanuel Quickley,quickim01,22.0,NYK,PG,78,3.0,23.1,3.6,9.3,0.392,1.8,5.1,0.346,1.9,4.2,0.448,0.487,2.3,2.6,0.881,0.4,2.8,3.2,3.5,0.7,0.0,1.3,2.1,11.3,0
2023,NBA,Immanuel Quickley,quickim01,23.0,NYK,SG,81,21.0,28.9,5.2,11.6,0.448,2.1,5.6,0.37,3.1,6.0,0.521,0.537,2.5,3.1,0.819,0.7,3.4,4.2,3.4,1.0,0.2,1.2,2.0,14.9,0
2024,NBA,Immanuel Quickley,quickim01,24.0,2TM,SG,68,38.0,29.2,5.7,13.1,0.434,2.5,6.4,0.395,3.2,6.8,0.471,0.53,3.1,3.6,0.853,0.3,3.6,3.8,4.9,0.7,0.1,1.5,1.8,17.0,0
2019,NBA,Isaac Bonga,bongais01,19.0,LAL,PG,22,0.0,5.5,0.2,1.5,0.152,0.0,0.4,0.0,0.2,1.1,0.2,0.152,0.4,0.7,0.6,0.4,0.7,1.1,0.7,0.4,0.2,0.3,0.4,0.9,0
2020,NBA,Isaac Bonga,bongais01,20.0,WAS,SF,66,49.0,18.9,1.8,3.5,0.504,0.4,1.1,0.352,1.4,2.5,0.571,0.558,1.0,1.3,0.812,1.1,2.3,3.4,1.2,0.7,0.3,0.9,2.4,5.0,0
2021,NBA,Isaac Bonga,bongais01,21.0,WAS,SF,40,8.0,10.8,0.8,2.0,0.37,0.3,1.2,0.277,0.4,0.9,0.5,0.451,0.1,0.2,0.625,0.5,1.2,1.7,0.6,0.3,0.2,0.6,1.6,2.0,0
2021,NBA,Isaac Okoro,okorois01,20.0,CLE,SG,67,67.0,32.4,3.5,8.3,0.42,0.9,3.2,0.29,2.6,5.1,0.501,0.476,1.7,2.3,0.726,1.0,2.1,3.1,1.9,0.9,0.4,1.3,2.8,9.6,0
2022,NBA,Isaac Okoro,okorois01,21.0,CLE,SF,67,61.0,29.6,3.1,6.4,0.48,0.8,2.3,0.35,2.3,4.1,0.555,0.544,1.8,2.3,0.768,1.1,1.9,3.0,1.8,0.8,0.3,0.9,2.4,8.8,0
2023,NBA,Isaac Okoro,okorois01,22.0,CLE,SF,76,46.0,21.7,2.3,4.7,0.494,0.8,2.3,0.363,1.5,2.4,0.617,0.582,1.0,1.4,0.757,0.7,1.8,2.5,1.1,0.7,0.4,0.6,2.1,6.4,0
2024,NBA,Isaac Okoro,okorois01,23.0,CLE,SF,69,42.0,27.3,3.4,7.0,0.49,1.2,3.1,0.391,2.2,3.8,0.57,0.577,1.3,2.0,0.679,1.0,2.0,3.0,1.9,0.8,0.5,0.8,2.0,9.4,0
2019,NBA,Isaiah Briscoe,briscis01,22.0,ORL,PG,39,0.0,14.3,1.4,3.5,0.399,0.3,0.9,0.324,1.1,2.7,0.423,0.438,0.4,0.7,0.577,0.1,1.8,1.9,2.2,0.3,0.1,0.8,1.7,3.5,0
2015,NBA,Isaiah Canaan,canaais01,23.0,2TM,PG,47,21.0,20.0,3.1,8.0,0.386,1.9,5.2,0.37,1.2,2.8,0.417,0.507,1.0,1.3,0.817,0.4,1.5,1.9,2.1,0.6,0.1,1.3,1.8,9.2,0
2016,NBA,Isaiah Canaan,canaais01,24.0,PHI,SG,77,39.0,25.5,3.4,9.4,0.36,2.3,6.3,0.363,1.1,3.1,0.354,0.482,1.9,2.3,0.833,0.3,2.0,2.3,1.8,0.7,0.2,1.2,1.7,11.0,0
2017,NBA,Isaiah Canaan,canaais01,25.0,CHI,SG,39,0.0,15.2,1.6,4.4,0.364,0.6,2.4,0.266,1.0,2.0,0.481,0.436,0.8,0.8,0.909,0.2,1.1,1.3,0.9,0.6,0.0,0.5,0.9,4.6,0
2018,NBA,Isaiah Canaan,canaais01,26.0,2TM,SG,20,1.0,21.1,2.6,6.9,0.38,1.1,3.3,0.333,1.5,3.6,0.423,0.46,2.3,2.6,0.902,0.3,2.0,2.3,3.8,0.8,0.1,1.5,1.8,8.6,0
2019,NBA,Isaiah Canaan,canaais01,27.0,3TM,PG,30,16.0,21.0,2.1,5.5,0.39,1.1,3.2,0.354,1.0,2.3,0.441,0.494,0.6,0.8,0.792,0.2,1.7,1.9,2.8,0.5,0.1,1.2,1.7,6.0,0
2019,NBA,Isaiah Hartenstein,harteis01,20.0,HOU,PF,28,0.0,7.9,0.7,1.5,0.488,0.1,0.2,0.333,0.6,1.3,0.514,0.512,0.4,0.5,0.786,0.8,0.9,1.7,0.5,0.3,0.4,0.5,2.0,1.9,0
2020,NBA,Isaiah Hartenstein,harteis01,21.0,HOU,C,23,2.0,11.6,1.9,2.9,0.657,0.0,0.2,0.0,1.9,2.7,0.71,0.657,0.8,1.2,0.679,1.3,2.7,3.9,0.8,0.4,0.5,0.7,1.8,4.7,0
2021,NBA,Isaiah Hartenstein,harteis01,22.0,2TM,C,46,2.0,12.2,2.0,3.7,0.55,0.0,0.1,0.333,2.0,3.6,0.558,0.556,1.0,1.5,0.648,1.4,2.5,3.9,1.2,0.4,0.8,1.0,2.3,5.1,0
2022,NBA,Isaiah Hartenstein,harteis01,23.0,LAC,C,68,0.0,17.9,3.4,5.4,0.626,0.2,0.4,0.467,3.2,4.9,0.64,0.645,1.3,1.9,0.689,1.7,3.2,4.9,2.4,0.7,1.1,1.2,2.5,8.3,0
2023,NBA,Isaiah Hartenstein,harteis01,24.0,NYK,C,82,8.0,19.8,2.1,4.0,0.535,0.1,0.5,0.216,2.0,3.5,0.576,0.547,0.6,0.9,0.676,2.5,4.0,6.5,1.2,0.6,0.8,0.8,2.6,5.0,0
2024,NBA,Isaiah Hartenstein,harteis01,25.0,NYK,C,75,49.0,25.3,3.1,4.9,0.644,0.0,0.0,0.333,3.1,4.8,0.646,0.645,1.5,2.1,0.707,3.3,5.1,8.3,2.5,1.2,1.1,1.2,2.8,7.8,0
2022,NBA,Isaiah Jackson,jacksis01,20.0,IND,C,36,15.0,15.0,3.2,5.7,0.563,0.1,0.4,0.313,3.1,5.3,0.584,0.575,1.7,2.4,0.682,1.7,2.5,4.1,0.3,0.7,1.4,1.1,2.6,8.3,0
2023,NBA,Isaiah Jackson,jacksis01,21.0,IND,C,63,12.0,16.5,2.8,5.0,0.563,0.0,0.2,0.143,2.8,4.8,0.582,0.566,1.5,2.3,0.651,1.8,2.7,4.5,0.8,0.5,1.5,0.8,2.4,7.2,0
2024,NBA,Isaiah Jackson,jacksis01,22.0,IND,C,59,3.0,13.1,2.6,3.9,0.665,0.0,0.1,0.0,2.6,3.9,0.677,0.665,1.2,1.7,0.716,1.6,2.4,4.0,0.8,0.6,1.0,0.7,2.3,6.5,0
2021,NBA,Isaiah Joe,joeis01,21.0,PHI,SG,41,1.0,9.3,1.2,3.2,0.361,1.0,2.6,0.368,0.2,0.7,0.333,0.508,0.4,0.6,0.75,0.1,0.7,0.9,0.5,0.3,0.1,0.3,0.8,3.7,0
2022,NBA,Isaiah Joe,joeis01,22.0,PHI,SG,55,1.0,11.1,1.1,3.2,0.35,0.8,2.5,0.333,0.3,0.8,0.405,0.477,0.5,0.6,0.935,0.1,0.9,1.0,0.6,0.3,0.1,0.3,0.9,3.6,0
2023,NBA,Isaiah Joe,joeis01,23.0,OKC,SG,73,10.0,19.1,3.1,7.0,0.441,2.2,5.4,0.409,0.9,1.6,0.553,0.599,1.1,1.4,0.82,0.4,2.0,2.4,1.2,0.7,0.1,0.5,1.4,9.5,0
2024,NBA,Isaiah Joe,joeis01,24.0,OKC,SG,78,1.0,18.5,2.8,6.2,0.458,1.9,4.5,0.416,1.0,1.7,0.568,0.609,0.6,0.7,0.865,0.4,1.9,2.3,1.3,0.6,0.3,0.6,1.1,8.2,0
2023,NBA,Isaiah Livers,liveris01,24.0,DET,PF,52,22.0,23.1,2.3,5.5,0.417,1.4,3.9,0.365,0.9,1.6,0.541,0.545,0.6,0.8,0.821,0.5,2.2,2.8,0.8,0.5,0.5,0.6,2.0,6.7,0
2024,NBA,Isaiah Livers,liveris01,25.0,DET,PF,23,6.0,20.4,1.7,5.0,0.345,1.0,3.3,0.286,0.8,1.7,0.462,0.44,0.5,0.8,0.667,0.7,1.4,2.1,1.1,0.6,0.2,0.7,1.9,5.0,0
2021,NBA,Isaiah Roby,robyis01,22.0,OKC,PF,61,34.0,23.4,3.4,7.0,0.483,0.5,1.8,0.294,2.9,5.2,0.547,0.52,1.4,1.9,0.744,1.5,4.1,5.6,1.8,0.9,0.6,1.9,2.7,8.7,0
2022,NBA,Isaiah Roby,robyis01,23.0,OKC,PF,45,28.0,21.1,3.7,7.2,0.514,1.0,2.2,0.444,2.7,5.0,0.545,0.582,1.7,2.6,0.672,1.7,3.2,4.8,1.6,0.8,0.8,1.0,2.4,10.1,0
2023,NBA,Isaiah Roby,robyis01,24.0,SAS,PF,42,2.0,11.3,1.6,3.7,0.432,0.4,1.4,0.3,1.2,2.3,0.516,0.49,0.5,1.0,0.488,0.5,2.0,2.5,0.9,0.4,0.2,0.7,1.3,4.1,0
2021,NBA,Isaiah Stewart,stewais01,19.0,DET,C,68,14.0,21.4,3.3,6.0,0.553,0.3,0.9,0.333,3.0,5.1,0.592,0.578,0.9,1.4,0.696,2.3,4.3,6.7,0.9,0.6,1.3,1.0,2.7,7.9,0
2022,NBA,Isaiah Stewart,stewais01,20.0,DET,C,71,71.0,25.6,3.5,6.9,0.51,0.2,0.6,0.326,3.3,6.3,0.529,0.526,1.0,1.5,0.718,3.2,5.5,8.7,1.2,0.3,1.1,1.2,3.0,8.3,0
2023,NBA,Isaiah Stewart,stewais01,21.0,DET,C,50,47.0,28.3,3.9,8.8,0.442,1.3,4.1,0.327,2.6,4.7,0.542,0.518,2.2,3.0,0.738,2.3,5.8,8.1,1.4,0.4,0.7,1.4,2.7,11.3,0
2024,NBA,Isaiah Stewart,stewais01,22.0,DET,PF,46,45.0,30.9,4.0,8.3,0.487,1.5,3.8,0.383,2.6,4.5,0.575,0.575,1.4,1.8,0.753,1.6,5.0,6.6,1.6,0.4,0.8,1.4,2.2,10.9,0
2018,NBA,Isaiah Taylor,taylois01,23.0,ATL,PG,67,9.0,17.4,2.4,5.8,0.418,0.3,1.2,0.25,2.1,4.6,0.461,0.444,1.5,2.1,0.702,0.3,1.1,1.4,3.1,0.5,0.1,1.3,1.7,6.6,0
2015,NBA,Isaiah Thomas,thomais02,25.0,2TM,PG,67,1.0,25.8,5.0,11.9,0.42,1.9,5.2,0.373,3.1,6.7,0.457,0.501,4.5,5.2,0.868,0.5,1.8,2.3,4.2,0.9,0.1,2.1,2.2,16.4,0
2016,NBA,Isaiah Thomas,thomais02,26.0,BOS,PG,82,79.0,32.2,7.2,16.9,0.428,2.0,5.7,0.359,5.2,11.2,0.462,0.488,5.8,6.6,0.871,0.6,2.4,3.0,6.2,1.1,0.1,2.7,2.0,22.2,1
2017,NBA,Isaiah Thomas,thomais02,27.0,BOS,PG,76,76.0,33.8,9.0,19.4,0.463,3.2,8.5,0.379,5.8,10.9,0.528,0.546,7.8,8.5,0.909,0.6,2.1,2.7,5.9,0.9,0.2,2.8,2.2,28.9,1
2018,NBA,Isaiah Thomas,thomais02,28.0,2TM,PG,32,15.0,26.9,4.9,13.2,0.373,1.7,5.9,0.293,3.2,7.3,0.438,0.438,3.7,4.1,0.893,0.5,1.6,2.1,4.8,0.5,0.1,3.0,1.8,15.2,0
2020,NBA,Isaiah Thomas,thomais02,30.0,WAS,PG,40,37.0,23.1,4.4,10.7,0.408,2.0,4.7,0.413,2.4,5.9,0.405,0.5,1.6,1.9,0.816,0.3,1.4,1.7,3.7,0.3,0.2,1.9,1.9,12.2,0
2022,NBA,Isaiah Thomas,thomais02,32.0,3TM,PG,22,1.0,15.1,3.0,7.6,0.401,1.3,3.8,0.337,1.8,3.8,0.464,0.485,1.0,1.2,0.846,0.2,1.1,1.3,1.5,0.3,0.2,0.7,1.5,8.4,0
2017,NBA,Isaiah Whitehead,whiteis01,21.0,BRK,PG,73,26.0,22.5,2.8,7.0,0.402,0.6,2.0,0.295,2.2,4.9,0.446,0.445,1.2,1.5,0.805,0.4,2.1,2.5,2.6,0.6,0.5,1.9,2.4,7.4,0
2015,NBA,Ish Smith,smithis01,26.0,2TM,PG,55,14.0,15.1,2.6,6.7,0.39,0.3,1.1,0.3,2.3,5.6,0.407,0.414,0.6,1.0,0.596,0.3,1.5,1.8,3.3,0.7,0.1,1.4,0.9,6.1,0
2016,NBA,Ish Smith,smithis01,27.0,2TM,PG,77,53.0,29.1,5.2,12.6,0.411,0.7,2.2,0.329,4.4,10.4,0.428,0.44,1.6,2.3,0.693,0.6,3.4,4.0,6.5,1.1,0.3,2.3,1.7,12.6,0
2017,NBA,Ish Smith,smithis01,28.0,DET,PG,81,32.0,24.1,4.1,9.2,0.439,0.3,1.3,0.267,3.7,8.0,0.467,0.458,0.9,1.3,0.706,0.3,2.6,2.9,5.2,0.8,0.4,1.4,1.6,9.4,0
2018,NBA,Ish Smith,smithis01,29.0,DET,PG,82,35.0,24.9,4.7,9.8,0.486,0.4,1.2,0.347,4.3,8.5,0.506,0.507,1.0,1.4,0.698,0.3,2.4,2.7,4.4,0.8,0.2,1.3,1.7,10.9,0
2019,NBA,Ish Smith,smithis01,30.0,DET,PG,56,0.0,22.3,3.7,8.7,0.419,0.8,2.4,0.326,2.9,6.3,0.455,0.464,0.8,1.1,0.758,0.4,2.2,2.6,3.6,0.5,0.2,1.1,1.9,8.9,0
2020,NBA,Ish Smith,smithis01,31.0,WAS,PG,68,23.0,26.3,4.5,10.1,0.447,0.9,2.5,0.367,3.6,7.6,0.473,0.492,0.9,1.3,0.721,0.4,2.8,3.2,4.9,0.9,0.4,1.4,1.6,10.9,0
2021,NBA,Ish Smith,smithis01,32.0,WAS,PG,44,1.0,21.0,2.9,6.8,0.434,0.4,1.1,0.367,2.5,5.6,0.448,0.465,0.4,0.8,0.576,0.5,2.9,3.4,3.9,0.7,0.3,0.9,1.4,6.7,0
2022,NBA,Ish Smith,smithis01,33.0,2TM,PG,65,1.0,17.3,2.8,6.6,0.43,0.4,1.0,0.373,2.5,5.6,0.441,0.459,0.2,0.4,0.625,0.4,1.8,2.2,3.8,0.7,0.4,1.2,1.2,6.3,0
2023,NBA,Ish Smith,smithis01,34.0,DEN,PG,43,0.0,9.3,1.2,3.0,0.397,0.0,0.3,0.167,1.2,2.8,0.42,0.405,0.0,0.1,0.5,0.1,1.1,1.3,2.3,0.2,0.2,1.0,0.8,2.5,0
2024,NBA,Ish Smith,smithis01,35.0,CHO,PG,43,5.0,17.2,1.5,3.7,0.418,0.1,0.2,0.5,1.4,3.5,0.413,0.43,0.1,0.1,0.75,0.3,1.5,1.8,3.4,0.4,0.1,1.1,1.1,3.2,0
2022,NBA,Ish Wainright,wainris01,27.0,PHO,PF,45,0.0,8.0,0.9,2.3,0.394,0.4,1.3,0.322,0.5,1.0,0.489,0.486,0.2,0.3,0.583,0.6,0.6,1.2,0.3,0.4,0.1,0.3,1.1,2.4,0
2023,NBA,Ish Wainright,wainris01,28.0,PHO,SF,60,2.0,15.3,1.4,3.8,0.37,1.0,2.9,0.329,0.5,0.9,0.5,0.496,0.4,0.5,0.839,0.8,1.6,2.3,0.9,0.6,0.4,0.4,2.0,4.2,0
2018,NBA,Ivan Rabb,rabbiv01,20.0,MEM,PF,36,5.0,14.3,2.4,4.2,0.566,0.0,0.0,0.0,2.4,4.2,0.566,0.566,0.8,1.0,0.806,1.5,2.9,4.4,0.9,0.3,0.4,1.0,1.5,5.6,0
2019,NBA,Ivan Rabb,rabbiv01,21.0,MEM,PF,49,13.0,14.7,2.4,4.3,0.547,0.1,0.3,0.2,2.3,4.0,0.574,0.554,1.0,1.4,0.71,1.4,2.8,4.2,1.1,0.3,0.3,0.7,1.8,5.8,0
2017,NBA,Ivica Zubac,zubaciv01,19.0,LAL,C,38,11.0,16.0,3.3,6.3,0.529,0.0,0.1,0.0,3.3,6.2,0.536,0.529,0.8,1.3,0.653,1.1,3.1,4.2,0.8,0.4,0.9,0.8,1.7,7.5,0
2018,NBA,Ivica Zubac,zubaciv01,20.0,LAL,C,43,0.0,9.5,1.4,2.8,0.5,0.0,0.0,0.0,1.4,2.8,0.504,0.5,0.9,1.2,0.765,1.0,1.8,2.9,0.6,0.2,0.3,0.6,1.1,3.7,0
2019,NBA,Ivica Zubac,zubaciv01,21.0,2TM,C,59,37.0,17.6,3.6,6.4,0.559,0.0,0.0,0.0,3.6,6.4,0.559,0.559,1.7,2.1,0.802,1.9,4.2,6.1,1.1,0.2,0.9,1.2,2.3,8.9,0
2020,NBA,Ivica Zubac,zubaciv01,22.0,LAC,C,72,70.0,18.4,3.3,5.3,0.613,0.0,0.0,0.0,3.3,5.3,0.616,0.613,1.7,2.3,0.747,2.7,4.8,7.5,1.1,0.2,0.9,0.8,2.3,8.3,0
2021,NBA,Ivica Zubac,zubaciv01,23.0,LAC,C,72,33.0,22.3,3.6,5.5,0.652,0.0,0.1,0.25,3.6,5.4,0.656,0.654,1.9,2.4,0.789,2.6,4.6,7.2,1.3,0.3,0.9,1.1,2.6,9.0,0
2022,NBA,Ivica Zubac,zubaciv01,24.0,LAC,C,76,76.0,24.4,4.1,6.5,0.626,0.0,0.0,0.0,4.1,6.5,0.626,0.626,2.2,3.0,0.727,2.9,5.6,8.5,1.6,0.5,1.0,1.5,2.7,10.3,0
2023,NBA,Ivica Zubac,zubaciv01,25.0,LAC,C,76,76.0,28.6,4.3,6.8,0.634,0.0,0.0,0.0,4.3,6.7,0.637,0.634,2.2,3.1,0.697,3.1,6.8,9.9,1.0,0.4,1.3,1.5,2.9,10.8,0
2024,NBA,Ivica Zubac,zubaciv01,26.0,LAC,C,68,68.0,26.4,5.0,7.6,0.649,0.0,0.0,0.0,5.0,7.6,0.649,0.649,1.8,2.4,0.723,2.9,6.3,9.2,1.4,0.3,1.2,1.2,2.6,11.7,0
2015,NBA,J.J. Barea,bareajo01,30.0,DAL,PG,77,10.0,17.7,2.9,7.0,0.42,0.7,2.2,0.323,2.2,4.8,0.463,0.47,1.0,1.2,0.809,0.3,1.4,1.7,3.4,0.4,0.0,0.9,1.4,7.5,0
2016,NBA,J.J. Barea,bareajo01,31.0,DAL,PG,74,16.0,22.5,4.3,9.6,0.446,1.4,3.5,0.385,2.9,6.1,0.481,0.516,1.0,1.3,0.771,0.4,1.7,2.1,4.1,0.4,0.0,1.5,1.5,10.9,0
2017,NBA,J.J. Barea,bareajo01,32.0,DAL,PG,35,6.0,22.0,4.1,9.8,0.414,1.5,4.2,0.358,2.5,5.6,0.456,0.491,1.3,1.5,0.863,0.3,2.1,2.4,5.5,0.4,0.0,1.8,0.9,10.9,0
2018,NBA,J.J. Barea,bareajo01,33.0,DAL,PG,69,11.0,23.2,4.4,10.0,0.439,1.7,4.5,0.367,2.7,5.5,0.499,0.522,1.2,1.5,0.784,0.2,2.7,2.9,6.3,0.5,0.0,2.1,1.2,11.6,0
2019,NBA,J.J. Barea,bareajo01,34.0,DAL,PG,38,0.0,19.8,4.2,10.1,0.418,1.0,3.4,0.297,3.2,6.8,0.479,0.468,1.4,2.1,0.705,0.3,2.2,2.5,5.6,0.6,0.0,1.9,1.3,10.9,0
2020,NBA,J.J. Barea,bareajo01,35.0,DAL,PG,29,6.0,15.5,2.9,7.1,0.411,1.1,2.9,0.376,1.8,4.2,0.434,0.488,0.7,0.8,0.909,0.3,1.5,1.8,3.9,0.2,0.1,1.3,0.9,7.7,0
2015,NBA,J.J. Hickson,hicksjj01,26.0,DEN,C,73,8.0,19.3,3.0,6.3,0.475,0.0,0.0,0.0,3.0,6.3,0.477,0.475,1.6,2.8,0.577,2.1,4.1,6.2,0.8,0.5,0.5,1.3,1.9,7.6,0
2016,NBA,J.J. Hickson,hicksjj01,27.0,2TM,C,35,9.0,12.5,2.3,4.4,0.516,0.0,0.0,0.0,2.3,4.4,0.519,0.516,1.3,2.9,0.447,1.1,2.7,3.8,0.7,0.4,0.4,0.7,1.3,5.9,0
2015,NBA,J.R. Smith,smithjr01,29.0,2TM,SG,70,51.0,29.7,4.5,10.8,0.417,2.3,6.1,0.383,2.2,4.7,0.462,0.525,0.8,1.0,0.75,0.4,2.7,3.1,2.8,1.2,0.3,1.4,2.3,12.1,0
2016,NBA,J.R. Smith,smithjr01,30.0,CLE,SG,77,77.0,30.7,4.6,11.0,0.415,2.6,6.6,0.4,1.9,4.4,0.438,0.535,0.6,0.9,0.634,0.6,2.3,2.8,1.7,1.1,0.3,0.8,2.6,12.4,0
2017,NBA,J.R. Smith,smithjr01,31.0,CLE,SG,41,35.0,29.0,3.0,8.7,0.346,2.3,6.6,0.351,0.7,2.1,0.329,0.479,0.2,0.4,0.667,0.4,2.3,2.8,1.5,1.0,0.3,0.6,1.9,8.6,0
2018,NBA,J.R. Smith,smithjr01,32.0,CLE,SG,80,61.0,28.1,3.0,7.4,0.403,1.8,4.8,0.375,1.2,2.7,0.453,0.524,0.5,0.7,0.696,0.4,2.6,2.9,1.8,0.9,0.1,1.0,2.0,8.3,0
2015,NBA,JJ Redick,redicjj01,30.0,LAC,SG,78,78.0,30.9,5.7,12.0,0.477,2.6,5.9,0.437,3.2,6.2,0.515,0.583,2.3,2.6,0.901,0.3,1.9,2.1,1.8,0.5,0.1,1.2,1.7,16.4,0
2016,NBA,JJ Redick,redicjj01,31.0,LAC,SG,75,75.0,28.0,5.6,11.7,0.48,2.7,5.6,0.475,3.0,6.1,0.484,0.593,2.4,2.7,0.888,0.1,1.7,1.9,1.4,0.6,0.1,1.0,1.8,16.3,0
2017,NBA,JJ Redick,redicjj01,32.0,LAC,SG,78,78.0,28.2,5.1,11.4,0.445,2.6,6.0,0.429,2.5,5.4,0.462,0.558,2.3,2.6,0.891,0.1,2.1,2.2,1.4,0.7,0.2,1.3,1.6,15.0,0
2018,NBA,JJ Redick,redicjj01,33.0,PHI,SG,70,70.0,30.2,5.8,12.6,0.46,2.8,6.6,0.42,3.0,6.0,0.504,0.569,2.8,3.1,0.904,0.1,2.4,2.5,3.0,0.5,0.1,1.5,1.8,17.1,0
2019,NBA,JJ Redick,redicjj01,34.0,PHI,SG,76,63.0,31.3,5.9,13.5,0.44,3.2,8.0,0.397,2.8,5.6,0.502,0.557,3.0,3.4,0.894,0.3,2.2,2.4,2.7,0.4,0.2,1.3,1.7,18.1,0
2020,NBA,JJ Redick,redicjj01,35.0,NOP,SG,60,36.0,26.4,4.8,10.5,0.453,3.0,6.6,0.453,1.8,3.9,0.453,0.596,2.8,3.1,0.892,0.2,2.4,2.5,2.0,0.3,0.2,1.3,1.6,15.3,0
2021,NBA,JJ Redick,redicjj01,36.0,2TM,SG,44,0.0,16.4,2.4,6.1,0.397,1.5,4.0,0.371,0.9,2.0,0.449,0.521,1.1,1.2,0.942,0.1,1.4,1.5,1.2,0.3,0.1,0.8,1.1,7.4,0
2022,NBA,JT Thor,thorjt01,19.0,CHO,PF,33,0.0,7.9,0.7,1.7,0.436,0.2,0.8,0.259,0.5,0.8,0.607,0.5,0.4,0.6,0.6,0.3,1.0,1.3,0.6,0.2,0.3,0.3,0.8,2.0,0
2023,NBA,JT Thor,thorjt01,20.0,CHO,PF,69,8.0,14.0,1.4,3.4,0.399,0.6,1.8,0.317,0.8,1.7,0.487,0.481,0.5,0.7,0.702,0.5,1.7,2.2,0.5,0.3,0.3,0.6,1.0,3.8,0
2024,NBA,JT Thor,thorjt01,21.0,CHO,PF,63,3.0,12.4,1.3,2.9,0.437,0.4,1.3,0.346,0.8,1.6,0.51,0.514,0.2,0.3,0.55,0.7,1.6,2.3,0.5,0.2,0.4,0.2,1.0,3.2,0
2020,NBA,Ja Morant,moranja01,20.0,MEM,PG,67,67.0,31.0,6.7,14.0,0.477,0.9,2.7,0.335,5.8,11.3,0.511,0.509,3.6,4.6,0.776,0.8,3.1,3.9,7.3,0.9,0.3,3.3,1.6,17.8,0
2021,NBA,Ja Morant,moranja01,21.0,MEM,PG,63,63.0,32.6,6.8,15.2,0.449,1.2,3.8,0.303,5.7,11.4,0.499,0.487,4.3,5.9,0.728,0.9,3.1,4.0,7.4,0.9,0.2,3.2,1.4,19.1,0
2022,NBA,Ja Morant,moranja01,22.0,MEM,PG,57,57.0,33.1,10.2,20.6,0.493,1.5,4.5,0.344,8.6,16.2,0.534,0.53,5.5,7.3,0.761,1.4,4.4,5.7,6.7,1.2,0.4,3.4,1.5,27.4,1
2023,NBA,Ja Morant,moranja01,23.0,MEM,PG,61,59.0,31.9,9.3,19.9,0.466,1.5,4.9,0.307,7.8,15.0,0.519,0.504,6.1,8.1,0.748,1.0,4.9,5.9,8.1,1.1,0.3,3.4,1.6,26.2,1
2015,NBA,JaKarr Sampson,sampsja02,21.0,PHI,SF,74,32.0,15.3,2.0,4.7,0.422,0.4,1.7,0.244,1.6,3.0,0.525,0.467,0.9,1.3,0.67,0.5,1.7,2.2,1.0,0.5,0.4,1.0,1.8,5.2,0
2016,NBA,JaKarr Sampson,sampsja02,22.0,2TM,SF,73,40.0,15.9,1.9,4.3,0.442,0.2,0.9,0.222,1.7,3.5,0.496,0.464,1.1,1.7,0.656,0.6,2.0,2.6,0.6,0.3,0.5,1.0,1.9,5.1,0
2018,NBA,JaKarr Sampson,sampsja02,24.0,SAC,SF,22,6.0,15.6,2.0,3.7,0.543,0.2,0.5,0.5,1.8,3.2,0.549,0.574,0.5,0.7,0.625,1.0,2.6,3.5,0.4,0.4,1.0,0.4,2.2,4.7,0
2020,NBA,JaKarr Sampson,sampsja02,26.0,IND,PF,34,12.0,13.9,2.0,3.4,0.591,0.1,0.4,0.154,1.9,3.0,0.647,0.6,0.5,0.8,0.667,0.6,2.0,2.6,0.6,0.5,0.4,0.4,1.9,4.6,0
2021,NBA,JaKarr Sampson,sampsja02,27.0,IND,PF,29,4.0,10.9,1.9,3.9,0.496,0.1,0.5,0.2,1.8,3.4,0.541,0.509,0.7,1.0,0.655,0.9,1.7,2.7,0.1,0.1,0.5,0.5,1.8,4.6,0
2015,NBA,JaMychal Green,greenja01,24.0,2TM,PF,24,1.0,6.8,1.1,2.0,0.574,0.0,0.3,0.0,1.1,1.7,0.659,0.574,0.3,0.4,0.8,0.8,1.1,1.9,0.2,0.2,0.2,0.6,1.0,2.6,0
2016,NBA,JaMychal Green,greenja01,25.0,MEM,PF,78,15.0,18.5,2.9,6.3,0.465,0.2,0.6,0.333,2.8,5.8,0.478,0.48,1.3,1.8,0.752,1.8,3.0,4.8,0.9,0.6,0.4,1.1,2.4,7.4,0
2017,NBA,JaMychal Green,greenja01,26.0,MEM,PF,77,75.0,27.3,3.2,6.5,0.5,0.7,1.9,0.379,2.5,4.6,0.549,0.555,1.7,2.2,0.802,2.2,4.9,7.1,1.1,0.6,0.4,1.2,3.2,8.9,0
2018,NBA,JaMychal Green,greenja01,27.0,MEM,PF,55,54.0,28.0,4.1,8.9,0.457,0.8,2.3,0.339,3.3,6.6,0.499,0.501,1.5,2.0,0.721,2.7,5.8,8.4,1.4,0.6,0.5,1.4,2.8,10.3,0
2019,NBA,JaMychal Green,greenja01,28.0,2TM,PF,65,6.0,21.1,3.5,7.3,0.483,1.1,2.7,0.403,2.4,4.6,0.53,0.558,1.2,1.6,0.792,1.6,4.7,6.3,0.8,0.7,0.5,1.3,3.0,9.4,0
2020,NBA,JaMychal Green,greenja01,29.0,LAC,PF,63,1.0,20.7,2.4,5.6,0.429,1.5,3.8,0.387,0.9,1.8,0.518,0.56,0.6,0.8,0.75,1.2,4.9,6.2,0.8,0.5,0.4,0.9,2.8,6.8,0
2021,NBA,JaMychal Green,greenja01,30.0,DEN,PF,58,5.0,19.3,3.0,6.4,0.463,1.4,3.4,0.399,1.6,3.0,0.534,0.568,0.8,1.0,0.807,1.5,3.3,4.8,0.9,0.4,0.4,0.9,2.5,8.1,0
2022,NBA,JaMychal Green,greenja01,31.0,DEN,PF,67,8.0,16.2,2.4,4.9,0.486,0.5,1.9,0.266,1.9,3.0,0.621,0.537,1.2,1.4,0.871,1.2,3.0,4.2,0.9,0.6,0.4,0.9,2.4,6.4,0
2023,NBA,JaMychal Green,greenja01,32.0,GSW,PF,57,1.0,14.0,2.4,4.4,0.54,0.7,1.9,0.378,1.6,2.5,0.667,0.623,0.9,1.2,0.776,1.3,2.3,3.6,0.9,0.4,0.4,0.9,1.8,6.4,0
2015,NBA,JaVale McGee,mcgeeja01,27.0,2TM,C,23,0.0,11.1,1.8,3.4,0.532,0.0,0.0,0.0,1.8,3.4,0.532,0.532,1.0,1.4,0.667,0.8,1.9,2.7,0.1,0.1,0.9,0.8,1.3,4.6,0
2016,NBA,JaVale McGee,mcgeeja01,28.0,DAL,C,34,2.0,10.9,2.3,3.9,0.575,0.0,0.0,0.0,2.3,3.9,0.579,0.575,0.5,1.1,0.5,1.6,2.4,3.9,0.1,0.1,0.8,0.6,1.4,5.1,0
2017,NBA,JaVale McGee,mcgeeja01,29.0,GSW,C,77,10.0,9.6,2.7,4.1,0.652,0.0,0.0,0.0,2.7,4.1,0.658,0.652,0.7,1.4,0.505,1.3,1.9,3.2,0.2,0.2,0.9,0.5,1.4,6.1,0
2018,NBA,JaVale McGee,mcgeeja01,30.0,GSW,C,65,17.0,9.5,2.1,3.4,0.621,0.0,0.1,0.0,2.1,3.3,0.638,0.621,0.6,0.8,0.731,0.9,1.7,2.6,0.5,0.3,0.9,0.4,1.4,4.8,0
2019,NBA,JaVale McGee,mcgeeja01,31.0,LAL,C,75,62.0,22.3,5.3,8.5,0.624,0.0,0.2,0.083,5.3,8.4,0.634,0.625,1.3,2.0,0.632,2.6,4.9,7.5,0.7,0.6,2.0,1.4,2.8,12.0,0
2020,NBA,JaVale McGee,mcgeeja01,32.0,LAL,C,68,68.0,16.6,2.9,4.5,0.637,0.0,0.1,0.5,2.8,4.4,0.64,0.642,0.8,1.2,0.646,1.8,3.9,5.7,0.5,0.5,1.4,0.8,2.3,6.6,0
2021,NBA,JaVale McGee,mcgeeja01,33.0,2TM,C,46,2.0,14.7,3.1,6.1,0.511,0.1,0.5,0.208,3.0,5.6,0.539,0.52,1.0,1.5,0.657,1.7,3.5,5.2,0.8,0.4,1.2,1.3,2.6,7.3,0
2022,NBA,JaVale McGee,mcgeeja01,34.0,PHO,C,74,17.0,15.8,3.9,6.2,0.629,0.0,0.1,0.222,3.9,6.1,0.637,0.631,1.4,2.0,0.699,2.2,4.5,6.7,0.6,0.3,1.1,1.3,2.4,9.2,0
2023,NBA,JaVale McGee,mcgeeja01,35.0,DAL,C,42,7.0,8.5,1.9,3.0,0.64,0.0,0.1,0.4,1.9,2.9,0.65,0.648,0.6,1.0,0.585,0.7,1.8,2.5,0.3,0.1,0.6,0.9,1.3,4.4,0
2024,NBA,JaVale McGee,mcgeeja01,36.0,SAC,C,46,0.0,7.4,1.7,2.9,0.598,0.0,0.2,0.143,1.7,2.7,0.624,0.602,0.6,1.0,0.578,0.9,1.8,2.7,0.4,0.3,0.4,0.7,1.0,4.0,0
2015,NBA,Jabari Parker,parkeja01,19.0,MIL,PF,25,25.0,29.5,5.2,10.5,0.49,0.2,0.6,0.25,5.0,9.9,0.506,0.498,1.8,2.6,0.697,2.0,3.5,5.5,1.7,1.2,0.2,1.9,1.7,12.3,0
2016,NBA,Jabari Parker,parkeja01,20.0,MIL,PF,76,72.0,31.7,5.8,11.8,0.493,0.1,0.5,0.257,5.7,11.4,0.502,0.498,2.3,3.0,0.768,1.6,3.6,5.2,1.7,0.9,0.4,1.5,2.0,14.1,0
2017,NBA,Jabari Parker,parkeja01,21.0,MIL,PF,51,50.0,33.9,7.8,16.0,0.49,1.3,3.5,0.365,6.5,12.5,0.525,0.53,3.2,4.3,0.743,1.5,4.6,6.2,2.8,1.0,0.4,1.8,2.2,20.1,0
2018,NBA,Jabari Parker,parkeja01,22.0,MIL,PF,31,3.0,24.0,5.2,10.7,0.482,1.0,2.6,0.383,4.2,8.1,0.514,0.529,1.3,1.7,0.741,1.4,3.5,4.9,1.9,0.8,0.3,1.5,1.6,12.6,0
2019,NBA,Jabari Parker,parkeja01,23.0,2TM,PF,64,17.0,26.9,5.8,11.7,0.493,1.0,3.0,0.313,4.8,8.7,0.556,0.533,2.0,2.9,0.712,1.2,5.3,6.6,2.4,0.7,0.5,2.4,2.3,14.5,0
2020,NBA,Jabari Parker,parkeja01,24.0,2TM,PF,38,23.0,24.1,5.8,11.3,0.51,0.8,3.1,0.269,4.9,8.2,0.603,0.548,1.6,2.1,0.753,1.6,4.0,5.6,1.8,1.2,0.4,1.7,2.6,14.0,0
2023,NBA,Jabari Smith Jr.,smithja05,19.0,HOU,PF,79,79.0,31.0,4.6,11.3,0.408,1.5,4.9,0.307,3.1,6.3,0.487,0.475,2.1,2.6,0.786,1.5,5.7,7.2,1.3,0.5,0.9,1.3,2.9,12.8,0
2024,NBA,Jabari Smith Jr.,smithja05,20.0,HOU,PF,76,76.0,31.9,5.0,11.0,0.454,1.8,5.0,0.363,3.2,6.0,0.53,0.537,2.0,2.4,0.811,1.8,6.3,8.1,1.6,0.7,0.8,1.2,2.6,13.7,0
2023,NBA,Jabari Walker,walkeja01,20.0,POR,SF,56,0.0,11.1,1.5,3.5,0.419,0.3,1.0,0.286,1.2,2.5,0.472,0.46,0.6,0.8,0.756,0.9,1.5,2.3,0.6,0.2,0.2,0.5,1.2,3.9,0
2024,NBA,Jabari Walker,walkeja01,21.0,POR,SF,72,23.0,23.6,3.3,7.1,0.46,0.6,1.9,0.295,2.7,5.1,0.522,0.5,1.8,2.4,0.754,2.1,5.0,7.1,1.0,0.6,0.3,0.9,2.4,8.9,0
2019,NBA,Jacob Evans,evansja02,21.0,GSW,SG,30,1.0,6.8,0.6,1.8,0.34,0.1,0.5,0.267,0.5,1.3,0.368,0.377,0.0,0.0,0.0,0.2,0.6,0.8,0.8,0.2,0.1,0.4,0.9,1.3,0
2020,NBA,Jacob Evans,evansja02,22.0,2TM,SG,29,1.0,14.4,1.6,4.6,0.336,0.4,1.3,0.333,1.1,3.3,0.337,0.384,0.9,1.0,0.862,0.3,1.1,1.4,1.1,0.4,0.4,0.9,1.4,4.4,0
2024,NBA,Jacob Gilyard,gilyaja01,25.0,2TM,PG,41,14.0,17.0,1.5,3.7,0.4,1.2,3.1,0.405,0.2,0.6,0.375,0.57,0.0,0.0,1.0,0.2,0.9,1.1,3.3,0.8,0.1,0.7,1.0,4.2,0
2023,NBA,Jaden Hardy,hardyja02,20.0,DAL,SG,48,5.0,14.8,3.0,6.9,0.438,1.3,3.3,0.404,1.7,3.7,0.469,0.533,1.4,1.6,0.823,0.2,1.6,1.9,1.4,0.4,0.1,1.0,1.3,8.8,0
2024,NBA,Jaden Hardy,hardyja02,21.0,DAL,SG,73,7.0,13.5,2.7,6.6,0.407,1.1,3.1,0.362,1.6,3.5,0.447,0.492,0.8,1.0,0.776,0.3,1.5,1.8,1.5,0.3,0.1,0.8,1.1,7.3,0
2023,NBA,Jaden Ivey,iveyja01,20.0,DET,SG,74,73.0,31.1,5.5,13.3,0.416,1.6,4.7,0.343,3.9,8.6,0.457,0.477,3.6,4.8,0.747,1.0,2.9,3.9,5.2,0.8,0.2,3.2,3.3,16.3,0
2024,NBA,Jaden Ivey,iveyja01,21.0,DET,SG,77,61.0,28.8,5.4,12.6,0.429,1.6,4.8,0.336,3.8,7.8,0.485,0.492,2.9,3.9,0.749,1.1,2.3,3.4,3.8,0.7,0.5,2.5,2.6,15.4,0
2021,NBA,Jaden McDaniels,mcdanja02,20.0,MIN,PF,63,27.0,24.0,2.6,5.8,0.447,1.1,3.1,0.364,1.5,2.7,0.544,0.545,0.4,0.7,0.6,0.8,2.9,3.7,1.1,0.6,1.0,0.7,2.7,6.8,0
2022,NBA,Jaden McDaniels,mcdanja02,21.0,MIN,PF,70,31.0,25.8,3.6,7.9,0.46,1.1,3.6,0.317,2.5,4.3,0.579,0.532,0.8,1.0,0.803,1.1,3.1,4.2,1.1,0.7,0.8,1.1,3.2,9.2,0
2023,NBA,Jaden McDaniels,mcdanja02,22.0,MIN,SF,79,79.0,30.6,4.7,9.1,0.517,1.4,3.4,0.398,3.3,5.7,0.588,0.591,1.3,1.8,0.736,1.2,2.7,3.9,1.9,0.9,1.0,1.4,3.4,12.1,0
2024,NBA,Jaden McDaniels,mcdanja02,23.0,MIN,SF,72,71.0,29.2,4.3,8.7,0.489,1.2,3.5,0.337,3.1,5.2,0.592,0.557,0.8,1.1,0.722,0.8,2.3,3.1,1.4,0.9,0.6,1.2,3.0,10.5,0
2024,NBA,Jaden Springer,sprinja01,21.0,2TM,SG,49,2.0,10.3,1.2,3.0,0.399,0.2,1.0,0.208,1.0,2.0,0.49,0.432,0.7,0.9,0.833,0.7,0.9,1.6,0.9,0.7,0.3,0.7,1.3,3.3,0
2015,NBA,Jae Crowder,crowdja01,24.0,2TM,SF,82,17.0,20.1,2.8,6.6,0.42,0.7,2.5,0.293,2.0,4.1,0.499,0.476,1.3,1.7,0.773,0.9,2.7,3.6,1.1,0.9,0.3,0.6,1.7,7.7,0
2016,NBA,Jae Crowder,crowdja01,25.0,BOS,SF,73,73.0,31.6,4.9,11.1,0.443,1.7,5.0,0.336,3.3,6.2,0.529,0.518,2.7,3.3,0.82,1.0,4.2,5.1,1.8,1.7,0.5,1.1,2.7,14.2,0
2017,NBA,Jae Crowder,crowdja01,26.0,BOS,SF,72,72.0,32.4,4.6,10.0,0.463,2.2,5.5,0.398,2.4,4.5,0.54,0.572,2.4,3.0,0.811,0.7,5.1,5.8,2.2,1.0,0.3,1.1,2.2,13.9,0
2018,NBA,Jae Crowder,crowdja01,27.0,2TM,SF,80,47.0,26.1,3.4,8.4,0.404,1.4,4.3,0.323,2.0,4.1,0.488,0.486,1.5,1.9,0.818,0.7,2.7,3.4,1.2,0.8,0.3,0.9,2.3,9.7,0
2019,NBA,Jae Crowder,crowdja01,28.0,UTA,SF,80,11.0,27.1,4.0,10.0,0.399,2.2,6.5,0.331,1.8,3.4,0.527,0.508,1.8,2.5,0.721,0.8,4.1,4.8,1.7,0.8,0.4,1.1,2.1,11.9,0
2020,NBA,Jae Crowder,crowdja01,29.0,2TM,SF,65,53.0,28.8,3.5,8.7,0.401,2.1,6.1,0.343,1.4,2.6,0.538,0.521,1.5,1.9,0.776,0.8,5.1,5.9,2.5,1.1,0.4,1.1,2.2,10.5,0
2021,NBA,Jae Crowder,crowdja01,30.0,PHO,PF,60,42.0,27.5,3.3,8.2,0.404,2.5,6.3,0.389,0.9,1.9,0.455,0.555,1.0,1.3,0.76,0.5,4.2,4.7,2.1,0.8,0.5,0.9,2.1,10.1,0
2022,NBA,Jae Crowder,crowdja01,31.0,PHO,PF,67,67.0,28.1,3.2,8.1,0.399,1.9,5.4,0.348,1.3,2.7,0.503,0.516,1.1,1.3,0.789,0.4,4.8,5.3,1.9,1.4,0.4,0.8,2.6,9.4,0
2024,NBA,Jae Crowder,crowdja01,33.0,MIL,PF,50,25.0,23.1,2.3,5.4,0.422,1.2,3.3,0.349,1.1,2.1,0.538,0.53,0.5,0.7,0.722,0.6,2.6,3.2,1.3,0.8,0.2,0.5,1.5,6.2,0
2021,NBA,Jae'Sean Tate,tateja01,25.0,HOU,SF,70,58.0,29.2,4.5,8.9,0.506,0.9,2.8,0.308,3.7,6.1,0.595,0.554,1.5,2.1,0.694,1.9,3.5,5.3,2.5,1.2,0.5,1.4,3.2,11.3,0
2022,NBA,Jae'Sean Tate,tateja01,26.0,HOU,PF,78,77.0,26.4,4.7,9.3,0.498,0.8,2.6,0.312,3.8,6.8,0.569,0.541,1.7,2.4,0.707,1.7,3.7,5.4,2.8,0.9,0.5,1.8,3.7,11.8,0
2023,NBA,Jae'Sean Tate,tateja01,27.0,HOU,SF,31,7.0,21.8,3.5,7.4,0.48,0.4,1.5,0.283,3.1,5.9,0.53,0.509,1.6,2.2,0.725,1.3,2.5,3.8,2.7,0.7,0.2,1.5,3.4,9.1,0
2024,NBA,Jae'Sean Tate,tateja01,28.0,HOU,SF,65,9.0,15.9,1.7,3.5,0.472,0.4,1.2,0.299,1.3,2.3,0.559,0.522,0.4,0.6,0.667,0.9,2.1,3.0,1.0,0.6,0.2,0.6,2.1,4.1,0
2016,NBA,Jahlil Okafor,okafoja01,20.0,PHI,C,53,48.0,30.0,7.5,14.7,0.508,0.0,0.1,0.167,7.5,14.6,0.511,0.509,2.5,3.7,0.686,2.3,4.7,7.0,1.2,0.4,1.2,2.3,2.6,17.5,0
2017,NBA,Jahlil Okafor,okafoja01,21.0,PHI,C,50,33.0,22.7,4.8,9.4,0.514,0.0,0.0,0.0,4.8,9.4,0.514,0.514,2.1,3.2,0.671,1.6,3.2,4.8,1.2,0.4,1.0,1.8,2.4,11.8,0
2018,NBA,Jahlil Okafor,okafoja01,22.0,2TM,C,28,0.0,12.6,2.8,4.9,0.558,0.0,0.1,0.25,2.7,4.8,0.567,0.562,0.8,1.0,0.724,0.8,2.3,3.0,0.4,0.1,0.6,0.8,1.8,6.3,0
2019,NBA,Jahlil Okafor,okafoja01,23.0,NOP,C,59,24.0,15.8,3.6,6.1,0.586,0.0,0.1,0.2,3.6,6.1,0.591,0.587,1.0,1.5,0.663,1.4,3.3,4.7,0.7,0.3,0.7,0.9,1.6,8.2,0
2020,NBA,Jahlil Okafor,okafoja01,24.0,NOP,C,30,9.0,15.6,3.4,5.4,0.623,0.0,0.1,0.333,3.3,5.3,0.629,0.627,1.3,2.1,0.645,1.6,2.6,4.2,1.2,0.2,0.7,1.3,2.2,8.1,0
2021,NBA,Jahlil Okafor,okafoja01,25.0,DET,C,27,2.0,12.9,2.3,3.8,0.618,0.1,0.3,0.222,2.3,3.4,0.656,0.627,0.6,0.9,0.708,0.9,1.6,2.4,0.5,0.2,0.2,0.8,1.4,5.4,0
2024,NBA,Jaime Jaquez Jr.,jaqueja01,22.0,MIA,SF,75,20.0,28.2,4.5,9.3,0.489,0.9,2.7,0.322,3.7,6.6,0.558,0.536,1.9,2.3,0.811,1.1,2.7,3.8,2.6,1.0,0.3,1.5,2.2,11.9,0
2023,NBA,Jake LaRavia,laravja01,21.0,MEM,PF,35,0.0,11.8,1.1,2.7,0.389,0.7,2.0,0.338,0.4,0.7,0.542,0.516,0.2,0.3,0.778,0.5,1.3,1.8,0.6,0.3,0.1,0.5,1.4,3.0,0
2024,NBA,Jake LaRavia,laravja01,22.0,MEM,PF,35,6.0,23.0,3.4,8.7,0.389,1.5,4.5,0.34,1.9,4.2,0.442,0.477,2.6,3.1,0.826,1.5,2.2,3.7,1.7,0.8,0.3,1.3,2.0,10.8,0
2017,NBA,Jake Layman,laymaja01,22.0,POR,SF,35,1.0,7.1,0.7,2.5,0.292,0.4,1.5,0.255,0.4,1.1,0.342,0.365,0.4,0.5,0.765,0.2,0.5,0.7,0.3,0.3,0.1,0.3,0.6,2.2,0
2018,NBA,Jake Layman,laymaja01,23.0,POR,SF,35,1.0,4.6,0.4,1.3,0.298,0.1,0.6,0.2,0.3,0.8,0.37,0.34,0.1,0.1,0.667,0.1,0.3,0.5,0.3,0.2,0.1,0.1,0.4,1.0,0
2019,NBA,Jake Layman,laymaja01,24.0,POR,SF,71,33.0,18.7,3.0,6.0,0.509,0.8,2.5,0.326,2.2,3.4,0.646,0.579,0.7,1.0,0.704,0.8,2.3,3.1,0.7,0.4,0.4,0.6,1.6,7.6,0
2020,NBA,Jake Layman,laymaja01,25.0,MIN,SF,23,2.0,22.0,3.5,7.8,0.453,1.0,3.1,0.333,2.5,4.7,0.533,0.52,1.0,1.4,0.75,0.7,1.7,2.5,0.7,0.7,0.4,1.0,2.0,9.1,0
2021,NBA,Jake Layman,laymaja01,26.0,MIN,SF,45,11.0,13.9,2.0,4.1,0.495,0.5,1.7,0.295,1.5,2.4,0.642,0.557,0.6,0.8,0.703,0.3,1.2,1.5,0.6,0.6,0.4,0.6,1.0,5.1,0
2022,NBA,Jake Layman,laymaja01,27.0,MIN,SF,34,1.0,6.8,0.9,2.1,0.411,0.2,1.0,0.229,0.6,1.1,0.579,0.466,0.4,0.5,0.722,0.2,0.9,1.1,0.3,0.2,0.1,0.3,0.4,2.4,0
2017,NBA,Jakob Poeltl,poeltja01,21.0,TOR,C,54,4.0,11.6,1.2,2.1,0.583,0.0,0.0,0.0,1.2,2.1,0.583,0.583,0.6,1.1,0.544,1.4,1.6,3.1,0.2,0.3,0.4,0.5,2.1,3.1,0
2018,NBA,Jakob Poeltl,poeltja01,22.0,TOR,C,82,0.0,18.6,3.1,4.7,0.659,0.0,0.0,0.5,3.1,4.7,0.66,0.66,0.7,1.2,0.594,2.0,2.8,4.8,0.7,0.5,1.2,1.0,2.6,6.9,0
2019,NBA,Jakob Poeltl,poeltja01,23.0,SAS,C,77,24.0,16.5,2.4,3.8,0.645,0.0,0.0,0.0,2.4,3.8,0.645,0.645,0.6,1.2,0.533,2.3,3.0,5.3,1.2,0.4,0.9,0.6,1.6,5.5,0
2020,NBA,Jakob Poeltl,poeltja01,24.0,SAS,C,66,18.0,17.7,2.5,4.0,0.624,0.0,0.0,0.0,2.5,4.0,0.624,0.624,0.6,1.3,0.465,2.0,3.7,5.7,1.8,0.6,1.4,0.8,1.9,5.6,0
2021,NBA,Jakob Poeltl,poeltja01,25.0,SAS,C,69,51.0,26.7,3.8,6.2,0.616,0.0,0.0,0.0,3.8,6.2,0.616,0.616,0.9,1.8,0.508,3.2,4.8,7.9,1.9,0.7,1.8,1.2,2.5,8.6,0
2022,NBA,Jakob Poeltl,poeltja01,26.0,SAS,C,68,67.0,29.0,6.0,9.8,0.618,0.0,0.0,1.0,6.0,9.7,0.618,0.619,1.4,2.8,0.495,3.9,5.5,9.3,2.8,0.7,1.7,1.6,3.1,13.5,0
2023,NBA,Jakob Poeltl,poeltja01,27.0,2TM,C,72,71.0,26.5,5.4,8.6,0.629,0.0,0.0,0.0,5.4,8.6,0.63,0.629,1.7,2.8,0.592,3.3,5.8,9.1,2.7,0.9,1.2,1.7,2.7,12.5,0
2024,NBA,Jakob Poeltl,poeltja01,28.0,TOR,C,50,50.0,26.4,5.0,7.6,0.656,0.0,0.0,0.0,5.0,7.6,0.656,0.656,1.2,2.1,0.551,2.9,5.7,8.6,2.5,0.7,1.5,1.5,3.0,11.1,0
2019,NBA,Jalen Brunson,brunsja01,22.0,DAL,PG,73,38.0,21.8,3.6,7.7,0.467,0.9,2.5,0.348,2.8,5.3,0.523,0.523,1.2,1.6,0.725,0.3,2.0,2.3,3.2,0.5,0.1,1.2,1.7,9.3,0
2020,NBA,Jalen Brunson,brunsja01,23.0,DAL,PG,57,16.0,17.9,3.2,6.8,0.466,0.8,2.1,0.358,2.4,4.7,0.515,0.522,1.1,1.3,0.813,0.4,2.0,2.4,3.3,0.4,0.1,1.2,1.3,8.2,0
2021,NBA,Jalen Brunson,brunsja01,24.0,DAL,PG,68,12.0,25.0,4.8,9.2,0.523,1.2,2.9,0.405,3.6,6.3,0.578,0.588,1.8,2.2,0.795,0.4,3.0,3.4,3.5,0.5,0.0,1.2,1.6,12.6,0
2022,NBA,Jalen Brunson,brunsja01,25.0,DAL,SG,79,61.0,31.9,6.4,12.8,0.502,1.2,3.2,0.373,5.2,9.6,0.545,0.549,2.3,2.7,0.84,0.5,3.4,3.9,4.8,0.8,0.0,1.6,1.9,16.3,0
2023,NBA,Jalen Brunson,brunsja01,26.0,NYK,PG,68,68.0,35.0,8.6,17.6,0.491,2.0,4.7,0.416,6.7,12.8,0.519,0.547,4.8,5.8,0.829,0.6,3.0,3.5,6.2,0.9,0.2,2.1,2.2,24.0,0
2024,NBA,Jalen Brunson,brunsja01,27.0,NYK,PG,77,77.0,35.4,10.3,21.4,0.479,2.7,6.8,0.401,7.5,14.6,0.516,0.543,5.5,6.5,0.847,0.6,3.1,3.6,6.7,0.9,0.2,2.4,1.9,28.7,1
2023,NBA,Jalen Duren,durenja01,19.0,DET,C,67,31.0,24.9,3.9,5.9,0.648,0.0,0.0,0.0,3.9,5.9,0.652,0.648,1.4,2.3,0.611,3.4,5.5,8.9,1.1,0.7,0.9,1.4,2.7,9.1,0
2024,NBA,Jalen Duren,durenja01,20.0,DET,C,61,60.0,29.1,5.7,9.2,0.619,0.0,0.1,0.0,5.7,9.2,0.623,0.619,2.3,3.0,0.79,3.1,8.5,11.6,2.4,0.5,0.8,2.1,3.1,13.8,0
2022,NBA,Jalen Green,greenja05,19.0,HOU,SG,67,67.0,31.9,6.1,14.2,0.426,2.3,6.8,0.343,3.7,7.4,0.502,0.508,2.8,3.5,0.797,0.5,2.9,3.4,2.6,0.7,0.3,2.0,1.5,17.3,0
2023,NBA,Jalen Green,greenja05,20.0,HOU,SG,76,76.0,34.2,7.4,17.9,0.416,2.5,7.3,0.338,5.0,10.6,0.471,0.485,4.8,6.1,0.786,0.6,3.2,3.7,3.7,0.8,0.2,2.6,1.7,22.1,0
2024,NBA,Jalen Green,greenja05,21.0,HOU,SG,82,82.0,31.7,6.9,16.2,0.423,2.5,7.4,0.332,4.4,8.9,0.498,0.498,3.5,4.3,0.804,0.5,4.7,5.2,3.5,0.8,0.3,2.3,1.4,19.6,0
2024,NBA,Jalen Hood-Schifino,hoodsja01,20.0,LAL,SG,21,0.0,5.2,0.5,2.1,0.222,0.1,0.7,0.133,0.4,1.4,0.267,0.244,0.6,1.0,0.6,0.1,0.5,0.6,0.4,0.1,0.1,0.4,0.6,1.6,0
2022,NBA,Jalen Johnson,johnsja05,20.0,ATL,PF,22,0.0,5.5,1.0,1.9,0.537,0.1,0.6,0.231,0.9,1.3,0.679,0.573,0.2,0.3,0.714,0.1,1.1,1.2,0.1,0.1,0.1,0.4,0.4,2.4,0
2023,NBA,Jalen Johnson,johnsja05,21.0,ATL,SF,70,6.0,14.9,2.3,4.6,0.491,0.4,1.5,0.288,1.8,3.1,0.587,0.537,0.7,1.1,0.628,0.7,3.3,4.0,1.2,0.5,0.5,0.6,1.6,5.6,0
2024,NBA,Jalen Johnson,johnsja05,22.0,ATL,SF,56,52.0,33.7,6.4,12.5,0.511,1.3,3.6,0.355,5.1,9.0,0.574,0.562,1.9,2.6,0.728,1.3,7.4,8.7,3.6,1.2,0.8,1.8,2.4,16.0,0
2021,NBA,Jalen McDaniels,mcdanja01,23.0,CHO,SF,47,18.0,19.2,2.8,6.0,0.468,0.7,2.2,0.333,2.1,3.8,0.547,0.53,1.0,1.4,0.703,1.0,2.6,3.6,1.1,0.6,0.4,1.0,2.0,7.4,0
2022,NBA,Jalen McDaniels,mcdanja01,24.0,CHO,SF,55,2.0,16.3,2.2,4.6,0.484,0.7,2.0,0.38,1.5,2.7,0.562,0.565,1.0,1.3,0.736,0.7,2.4,3.1,1.1,0.5,0.4,0.7,1.7,6.2,0
2023,NBA,Jalen McDaniels,mcdanja01,25.0,2TM,SF,80,24.0,23.9,3.5,7.7,0.455,1.0,2.9,0.332,2.6,4.8,0.53,0.518,1.5,1.7,0.841,0.8,3.5,4.3,1.6,1.0,0.4,1.2,2.6,9.4,0
2024,NBA,Jalen McDaniels,mcdanja01,26.0,TOR,SF,50,1.0,10.8,1.3,3.8,0.344,0.2,1.4,0.169,1.1,2.4,0.449,0.376,0.5,0.7,0.73,0.4,1.2,1.6,0.7,0.4,0.1,0.6,1.0,3.4,0
2024,NBA,Jalen Pickett,pickeja02,24.0,DEN,SG,27,0.0,4.5,0.6,1.3,0.429,0.3,0.9,0.36,0.2,0.4,0.6,0.557,0.1,0.1,0.75,0.0,0.5,0.5,0.8,0.1,0.0,0.3,0.5,1.6,0
2021,NBA,Jalen Smith,smithja04,20.0,PHO,PF,27,1.0,5.8,0.8,1.9,0.44,0.1,0.6,0.235,0.7,1.2,0.545,0.48,0.2,0.3,0.714,0.3,1.1,1.4,0.1,0.0,0.2,0.3,0.6,2.0,0
2022,NBA,Jalen Smith,smithja04,21.0,2TM,PF,51,8.0,18.1,3.5,6.9,0.503,0.8,2.4,0.328,2.7,4.5,0.596,0.56,1.5,2.0,0.765,2.0,4.0,6.0,0.5,0.3,0.8,0.8,1.9,9.2,0
2023,NBA,Jalen Smith,smithja04,22.0,IND,C,68,31.0,18.8,3.6,7.5,0.476,0.8,2.8,0.283,2.8,4.7,0.593,0.53,1.5,2.0,0.759,1.9,3.9,5.8,1.0,0.3,0.9,1.1,2.3,9.4,0
2024,NBA,Jalen Smith,smithja04,23.0,IND,C,61,14.0,17.2,3.8,6.5,0.592,1.0,2.4,0.424,2.8,4.1,0.689,0.67,1.2,1.7,0.692,1.8,3.7,5.5,1.0,0.3,0.6,0.7,2.0,9.9,0
2022,NBA,Jalen Suggs,suggsja01,20.0,ORL,PG,48,45.0,27.2,4.1,11.4,0.361,0.9,4.1,0.214,3.3,7.3,0.443,0.4,2.6,3.4,0.773,0.5,3.0,3.6,4.4,1.2,0.4,3.0,3.0,11.8,0
2023,NBA,Jalen Suggs,suggsja01,21.0,ORL,SG,53,19.0,23.5,3.5,8.4,0.419,1.2,3.8,0.327,2.3,4.6,0.496,0.493,1.6,2.2,0.723,1.0,2.0,3.0,2.9,1.3,0.5,1.8,2.3,9.9,0
2024,NBA,Jalen Suggs,suggsja01,22.0,ORL,SG,75,75.0,27.0,4.5,9.5,0.471,2.0,5.1,0.397,2.4,4.4,0.556,0.578,1.6,2.1,0.756,0.6,2.4,3.1,2.7,1.4,0.6,1.8,2.7,12.6,0
2023,NBA,Jalen Williams,willija06,21.0,OKC,SG,75,62.0,30.3,5.5,10.6,0.521,1.0,2.7,0.356,4.5,7.9,0.579,0.567,2.1,2.5,0.812,1.1,3.4,4.5,3.3,1.4,0.5,1.6,2.5,14.1,0
2024,NBA,Jalen Williams,willija06,22.0,OKC,PF,71,71.0,31.3,7.5,14.0,0.54,1.5,3.4,0.427,6.1,10.6,0.576,0.592,2.5,3.1,0.814,0.5,3.5,4.0,4.5,1.1,0.6,1.7,2.5,19.1,0
2024,NBA,Jalen Wilson,wilsoja03,23.0,BRK,PF,43,3.0,15.4,1.8,4.2,0.425,0.6,1.7,0.324,1.2,2.4,0.495,0.492,0.9,1.1,0.826,1.1,2.0,3.0,1.0,0.3,0.1,0.4,1.1,5.0,0
2024,NBA,Jamal Cain,cainja01,24.0,MIA,PF,26,1.0,10.0,1.3,3.0,0.43,0.4,1.2,0.355,0.9,1.8,0.479,0.5,0.7,0.9,0.783,0.6,0.8,1.4,0.4,0.4,0.2,0.3,0.8,3.7,0
2015,NBA,Jamal Crawford,crawfja01,34.0,LAC,SG,64,4.0,26.6,5.2,13.1,0.396,1.9,5.7,0.327,3.3,7.4,0.448,0.467,3.5,3.9,0.901,0.3,1.7,1.9,2.5,0.9,0.2,1.4,1.7,15.8,0
2016,NBA,Jamal Crawford,crawfja01,35.0,LAC,SG,79,5.0,26.9,4.8,11.9,0.404,1.5,4.4,0.34,3.3,7.5,0.44,0.466,3.1,3.4,0.904,0.3,1.6,1.8,2.3,0.7,0.2,1.4,1.5,14.2,0
2017,NBA,Jamal Crawford,crawfja01,36.0,LAC,SG,82,1.0,26.3,4.4,10.6,0.413,1.4,3.9,0.36,3.0,6.7,0.443,0.479,2.1,2.5,0.857,0.2,1.4,1.6,2.6,0.7,0.2,1.6,1.4,12.3,0
2018,NBA,Jamal Crawford,crawfja01,37.0,MIN,SG,80,0.0,20.7,3.9,9.3,0.415,1.3,3.9,0.331,2.6,5.4,0.477,0.485,1.3,1.4,0.903,0.3,1.0,1.2,2.3,0.5,0.1,1.2,1.1,10.3,0
2019,NBA,Jamal Crawford,crawfja01,38.0,PHO,SG,64,0.0,18.9,2.7,6.8,0.397,1.0,3.2,0.332,1.7,3.7,0.453,0.474,1.5,1.7,0.845,0.1,1.2,1.3,3.6,0.5,0.2,1.5,1.2,7.9,0
2017,NBA,Jamal Murray,murraja01,19.0,DEN,SG,82,10.0,21.5,3.6,8.9,0.404,1.4,4.2,0.334,2.2,4.7,0.466,0.483,1.3,1.5,0.883,0.5,2.1,2.6,2.1,0.6,0.3,1.4,1.5,9.9,0
2018,NBA,Jamal Murray,murraja01,20.0,DEN,PG,81,80.0,31.7,5.9,13.1,0.451,2.0,5.4,0.378,3.9,7.7,0.502,0.529,2.8,3.1,0.905,1.0,2.7,3.7,3.4,1.0,0.3,2.1,2.1,16.7,0
2019,NBA,Jamal Murray,murraja01,21.0,DEN,PG,75,74.0,32.6,6.8,15.6,0.437,2.0,5.5,0.367,4.8,10.1,0.476,0.502,2.5,3.0,0.848,0.9,3.4,4.2,4.8,0.9,0.4,2.1,2.0,18.2,0
2020,NBA,Jamal Murray,murraja01,22.0,DEN,PG,59,59.0,32.3,6.9,15.2,0.456,1.9,5.5,0.346,5.0,9.7,0.519,0.519,2.8,3.1,0.881,0.8,3.2,4.0,4.8,1.1,0.3,2.2,1.7,18.5,0
2021,NBA,Jamal Murray,murraja01,23.0,DEN,PG,48,48.0,35.5,7.9,16.5,0.477,2.7,6.6,0.408,5.2,9.9,0.523,0.559,2.8,3.2,0.869,0.8,3.3,4.0,4.8,1.3,0.3,2.3,2.0,21.2,0
2023,NBA,Jamal Murray,murraja01,25.0,DEN,PG,65,65.0,32.8,7.3,16.0,0.454,2.6,6.6,0.398,4.6,9.4,0.494,0.537,2.8,3.3,0.833,0.7,3.2,4.0,6.2,1.0,0.2,2.2,1.6,20.0,0
2024,NBA,Jamal Murray,murraja01,26.0,DEN,PG,59,59.0,31.5,8.0,16.7,0.481,2.5,5.8,0.425,5.6,10.9,0.51,0.554,2.7,3.1,0.853,0.7,3.4,4.1,6.5,1.0,0.7,2.1,1.8,21.2,0
2015,NBA,Jameer Nelson,nelsoja01,32.0,3TM,PG,63,29.0,22.3,3.3,8.0,0.407,1.4,4.1,0.345,1.8,3.9,0.472,0.495,0.4,0.6,0.667,0.5,1.8,2.3,4.0,0.7,0.1,1.7,2.2,8.3,0
2016,NBA,Jameer Nelson,nelsoja01,33.0,DEN,PG,39,15.0,26.6,2.9,7.9,0.368,1.1,3.7,0.299,1.8,4.2,0.429,0.438,0.8,0.9,0.857,0.5,2.5,2.9,4.9,0.6,0.1,1.7,2.6,7.7,0
2017,NBA,Jameer Nelson,nelsoja01,34.0,DEN,PG,75,39.0,27.3,3.6,8.1,0.444,1.4,3.6,0.388,2.2,4.4,0.489,0.531,0.6,0.8,0.714,0.4,2.2,2.6,5.1,0.7,0.1,1.7,2.6,9.2,0
2018,NBA,Jameer Nelson,nelsoja01,35.0,2TM,PG,50,0.0,20.3,1.9,4.9,0.389,0.8,2.5,0.331,1.1,2.4,0.45,0.473,0.3,0.4,0.8,0.3,1.8,2.1,3.6,0.5,0.1,1.3,1.6,4.9,0
2016,NBA,James Anderson,anderja01,26.0,SAC,SG,51,15.0,14.1,1.3,3.5,0.376,0.5,1.7,0.267,0.9,1.8,0.478,0.441,0.4,0.6,0.759,0.3,1.4,1.7,0.8,0.4,0.3,0.8,1.1,3.5,0
2022,NBA,James Bouknight,bouknja01,21.0,CHO,SG,31,0.0,9.8,1.6,4.5,0.348,0.5,1.6,0.347,1.0,3.0,0.348,0.408,0.9,1.0,0.871,0.7,1.0,1.7,0.8,0.2,0.0,0.5,0.9,4.6,0
2023,NBA,James Bouknight,bouknja01,22.0,CHO,SG,34,0.0,15.1,2.0,5.7,0.358,1.0,3.2,0.303,1.1,2.5,0.429,0.443,0.6,0.9,0.667,0.2,1.9,2.1,1.2,0.4,0.1,0.9,1.4,5.6,0
2015,NBA,James Ennis III,ennisja01,24.0,MIA,SF,62,3.0,17.0,1.6,4.0,0.409,0.5,1.5,0.326,1.1,2.5,0.461,0.472,1.3,1.5,0.84,0.8,2.0,2.8,0.8,0.4,0.3,0.6,1.4,5.0,0
2016,NBA,James Ennis III,ennisja01,25.0,3TM,SF,22,5.0,15.0,2.5,5.1,0.478,1.2,2.6,0.448,1.3,2.5,0.509,0.593,1.1,1.5,0.735,1.0,1.0,1.9,1.0,0.7,0.2,0.9,1.3,7.2,0
2017,NBA,James Ennis III,ennisja01,26.0,MEM,SF,64,28.0,23.5,2.3,5.0,0.455,0.8,2.1,0.372,1.5,2.9,0.516,0.534,1.3,1.7,0.782,1.1,3.0,4.0,1.0,0.7,0.3,0.9,2.6,6.7,0
2018,NBA,James Ennis III,ennisja01,27.0,2TM,SF,72,22.0,22.3,2.5,5.3,0.474,0.7,2.1,0.333,1.8,3.2,0.567,0.54,1.3,1.6,0.836,1.0,2.1,3.1,1.0,0.7,0.3,0.8,1.9,7.1,0
2019,NBA,James Ennis III,ennisja01,28.0,2TM,SF,58,27.0,21.2,2.4,5.1,0.469,0.9,2.7,0.353,1.4,2.4,0.601,0.563,1.0,1.4,0.716,1.0,2.1,3.1,0.7,0.7,0.4,0.6,2.6,6.7,0
2020,NBA,James Ennis III,ennisja01,29.0,2TM,SG,69,18.0,18.3,2.3,5.2,0.446,0.8,2.4,0.325,1.5,2.8,0.553,0.522,1.1,1.4,0.806,1.0,2.5,3.6,0.9,0.5,0.3,0.8,2.0,6.6,0
2021,NBA,James Ennis III,ennisja01,30.0,ORL,SF,41,37.0,24.0,2.8,5.9,0.473,1.1,2.5,0.433,1.7,3.4,0.504,0.566,1.7,2.1,0.805,1.0,3.0,4.0,1.5,0.8,0.2,0.9,2.0,8.4,0
2015,NBA,James Harden,hardeja01,25.0,HOU,SG,81,81.0,36.8,8.0,18.1,0.44,2.6,6.9,0.375,5.4,11.3,0.48,0.511,8.8,10.2,0.868,0.9,4.7,5.7,7.0,1.9,0.7,4.0,2.6,27.4,1
2016,NBA,James Harden,hardeja01,26.0,HOU,SG,82,82.0,38.1,8.7,19.7,0.439,2.9,8.0,0.359,5.8,11.7,0.494,0.512,8.8,10.2,0.86,0.8,5.3,6.1,7.5,1.7,0.6,4.6,2.8,29.0,1
2017,NBA,James Harden,hardeja01,27.0,HOU,PG,81,81.0,36.4,8.3,18.9,0.44,3.2,9.3,0.347,5.1,9.6,0.53,0.525,9.2,10.9,0.847,1.2,7.0,8.1,11.2,1.5,0.5,5.7,2.7,29.1,1
2018,NBA,James Harden,hardeja01,28.0,HOU,SG,72,72.0,35.4,9.0,20.1,0.449,3.7,10.0,0.367,5.4,10.1,0.531,0.541,8.7,10.1,0.858,0.6,4.8,5.4,8.8,1.8,0.7,4.4,2.3,30.4,1
2019,NBA,James Harden,hardeja01,29.0,HOU,PG,78,78.0,36.8,10.8,24.5,0.442,4.8,13.2,0.368,6.0,11.3,0.528,0.541,9.7,11.0,0.879,0.8,5.8,6.6,7.5,2.0,0.7,5.0,3.1,36.1,1
2020,NBA,James Harden,hardeja01,30.0,HOU,SG,68,68.0,36.5,9.9,22.3,0.444,4.4,12.4,0.355,5.5,9.9,0.556,0.543,10.2,11.8,0.865,1.0,5.5,6.6,7.5,1.8,0.9,4.5,3.3,34.3,1
2021,NBA,James Harden,hardeja01,31.0,2TM,PG,44,43.0,36.6,7.8,16.7,0.466,2.8,7.6,0.362,5.0,9.1,0.553,0.548,6.3,7.3,0.861,0.8,7.1,7.9,10.8,1.2,0.8,4.0,2.3,24.6,1
2022,NBA,James Harden,hardeja01,32.0,2TM,PG,65,65.0,37.2,6.3,15.3,0.41,2.3,6.9,0.33,4.0,8.4,0.476,0.485,7.2,8.2,0.877,0.8,6.8,7.7,10.3,1.3,0.6,4.4,2.4,22.0,1
2023,NBA,James Harden,hardeja01,33.0,PHI,PG,58,58.0,36.8,6.4,14.5,0.441,2.8,7.2,0.385,3.6,7.3,0.495,0.536,5.4,6.2,0.867,0.7,5.4,6.1,10.7,1.2,0.5,3.4,1.9,21.0,0
2024,NBA,James Harden,hardeja01,34.0,LAC,PG,72,72.0,34.3,4.9,11.4,0.428,2.6,6.8,0.381,2.3,4.6,0.497,0.541,4.2,4.8,0.878,0.5,4.7,5.1,8.5,1.1,0.8,2.6,1.8,16.6,0
2015,NBA,James Johnson,johnsja01,27.0,TOR,PF,70,17.0,19.6,3.4,5.8,0.589,0.2,0.7,0.216,3.2,5.0,0.643,0.603,1.0,1.5,0.657,0.9,2.8,3.7,1.4,0.8,1.0,1.1,2.2,7.9,0
2016,NBA,James Johnson,johnsja01,28.0,TOR,PF,57,32.0,16.2,2.0,4.2,0.475,0.4,1.2,0.303,1.6,3.1,0.54,0.517,0.7,1.2,0.574,0.5,1.7,2.2,1.2,0.5,0.6,0.9,1.5,5.0,0
2017,NBA,James Johnson,johnsja01,29.0,MIA,PF,76,5.0,27.4,4.8,10.1,0.479,1.1,3.4,0.34,3.7,6.8,0.548,0.535,2.0,2.8,0.707,0.9,4.1,4.9,3.6,1.0,1.1,2.3,2.6,12.8,0
2018,NBA,James Johnson,johnsja01,30.0,MIA,PF,73,41.0,26.6,4.2,8.4,0.503,0.8,2.5,0.308,3.5,5.9,0.587,0.55,1.5,2.2,0.698,0.8,4.1,4.9,3.8,1.0,0.7,1.9,2.6,10.8,0
2019,NBA,James Johnson,johnsja01,31.0,MIA,PF,55,33.0,21.2,3.0,6.9,0.433,0.9,2.7,0.336,2.1,4.2,0.496,0.499,0.9,1.3,0.714,0.4,2.8,3.2,2.5,0.6,0.5,1.3,2.1,7.8,0
2020,NBA,James Johnson,johnsja01,32.0,2TM,PF,32,1.0,19.3,3.2,6.7,0.479,1.0,2.8,0.363,2.2,3.9,0.565,0.556,1.0,1.5,0.646,0.8,2.9,3.7,2.3,0.8,1.0,1.5,2.5,8.4,0
2021,NBA,James Johnson,johnsja01,33.0,2TM,PF,51,12.0,20.5,2.9,6.4,0.446,0.6,2.4,0.258,2.3,4.1,0.556,0.494,0.9,1.5,0.592,0.6,2.8,3.5,1.9,0.8,0.8,1.1,2.4,7.2,0
2022,NBA,James Johnson,johnsja01,34.0,BRK,PF,62,10.0,19.2,2.3,5.0,0.469,0.4,1.4,0.271,2.0,3.6,0.545,0.507,0.5,0.9,0.527,0.8,2.6,3.5,2.1,0.5,0.5,0.8,2.6,5.5,0
2015,NBA,James Jones,jonesja02,34.0,CLE,SF,57,2.0,11.7,1.3,3.5,0.368,1.1,3.1,0.36,0.2,0.5,0.423,0.525,0.7,0.8,0.848,0.2,0.9,1.1,0.4,0.2,0.1,0.2,1.2,4.4,0
2016,NBA,James Jones,jonesja02,35.0,CLE,SF,48,0.0,9.6,1.2,3.0,0.408,0.9,2.2,0.394,0.4,0.8,0.447,0.553,0.4,0.5,0.808,0.2,0.9,1.0,0.3,0.2,0.2,0.3,1.0,3.7,0
2017,NBA,James Jones,jonesja02,36.0,CLE,SF,48,2.0,7.9,0.9,1.9,0.478,0.6,1.4,0.47,0.3,0.5,0.5,0.647,0.3,0.4,0.65,0.1,0.7,0.8,0.3,0.1,0.2,0.2,0.8,2.8,0
2016,NBA,James Michael McAdoo,mcadoja01,23.0,GSW,PF,41,1.0,6.4,1.1,2.0,0.536,0.0,0.0,0.5,1.1,2.0,0.537,0.542,0.6,1.2,0.531,0.7,0.7,1.4,0.4,0.2,0.2,0.4,1.0,2.9,0
2017,NBA,James Michael McAdoo,mcadoja01,24.0,GSW,PF,52,2.0,8.8,1.2,2.3,0.53,0.0,0.2,0.25,1.2,2.1,0.55,0.538,0.4,0.8,0.5,0.7,1.1,1.8,0.3,0.3,0.6,0.4,0.9,2.8,0
2021,NBA,James Wiseman,wisemja01,19.0,GSW,C,39,27.0,21.4,4.9,9.4,0.519,0.3,1.0,0.316,4.6,8.5,0.542,0.535,1.4,2.2,0.628,1.4,4.4,5.8,0.7,0.3,0.9,1.5,3.1,11.5,0
2023,NBA,James Wiseman,wisemja01,21.0,2TM,C,45,22.0,19.3,4.2,7.5,0.558,0.1,0.4,0.2,4.1,7.1,0.58,0.563,1.5,2.2,0.701,1.6,4.3,5.9,0.7,0.2,0.6,1.1,2.4,10.0,0
2024,NBA,James Wiseman,wisemja01,22.0,DET,C,63,6.0,17.3,3.0,4.8,0.613,0.0,0.0,0.0,3.0,4.8,0.617,0.613,1.1,1.6,0.706,1.7,3.6,5.3,0.9,0.2,0.6,1.0,2.2,7.1,0
2015,NBA,James Young,youngja01,19.0,BOS,SG,31,0.0,10.7,1.2,3.3,0.353,0.5,2.1,0.258,0.6,1.2,0.528,0.436,0.5,0.9,0.552,0.3,1.1,1.4,0.4,0.3,0.1,0.2,0.7,3.4,0
2016,NBA,James Young,youngja01,20.0,BOS,SG,29,0.0,6.9,0.4,1.2,0.306,0.2,0.9,0.231,0.2,0.3,0.5,0.389,0.0,0.1,0.25,0.1,0.8,0.9,0.3,0.2,0.0,0.2,0.6,1.0,0
2017,NBA,James Young,youngja01,21.0,BOS,SG,29,0.0,7.6,0.9,2.0,0.431,0.4,1.2,0.343,0.4,0.8,0.565,0.534,0.2,0.3,0.667,0.2,0.7,0.9,0.1,0.3,0.1,0.1,0.5,2.3,0
2024,NBA,Jarace Walker,walkeja02,20.0,IND,PF,33,0.0,10.3,1.4,3.3,0.409,0.7,1.7,0.4,0.7,1.7,0.418,0.509,0.2,0.3,0.889,0.4,1.5,1.9,1.2,0.5,0.3,0.5,0.9,3.6,0
2022,NBA,Jared Butler,butleja02,21.0,UTA,SG,42,1.0,8.6,1.5,3.6,0.404,0.7,2.1,0.318,0.8,1.5,0.524,0.497,0.3,0.4,0.688,0.1,1.0,1.1,1.5,0.4,0.2,0.8,1.1,3.8,0
2024,NBA,Jared Butler,butleja02,23.0,WAS,SG,40,0.0,14.2,2.5,5.0,0.488,0.6,2.0,0.308,1.9,3.1,0.602,0.547,0.8,0.9,0.861,0.2,1.2,1.5,3.2,0.7,0.2,1.3,1.5,6.3,0
2016,NBA,Jared Cunningham,cunnija01,24.0,2TM,SG,44,3.0,9.3,0.8,2.4,0.343,0.3,0.9,0.308,0.5,1.5,0.364,0.4,0.8,1.3,0.655,0.1,0.8,0.9,0.5,0.3,0.0,0.5,0.9,2.7,0
2015,NBA,Jared Dudley,dudleja01,29.0,MIL,SG,72,22.0,23.8,2.8,5.9,0.468,1.0,2.7,0.385,1.7,3.2,0.537,0.556,0.7,0.9,0.716,0.6,2.4,3.1,1.8,1.0,0.2,0.9,1.6,7.2,0
2016,NBA,Jared Dudley,dudleja01,30.0,WAS,PF,81,41.0,25.9,2.9,6.0,0.478,1.2,2.9,0.42,1.6,3.1,0.534,0.581,0.9,1.2,0.735,0.7,2.9,3.5,2.1,0.9,0.2,1.0,2.3,7.9,0
2017,NBA,Jared Dudley,dudleja01,31.0,PHO,PF,64,7.0,21.3,2.5,5.4,0.454,1.2,3.2,0.379,1.3,2.2,0.559,0.565,0.7,1.0,0.662,0.5,3.0,3.5,1.9,0.7,0.3,1.1,2.4,6.8,0
2018,NBA,Jared Dudley,dudleja01,32.0,PHO,PF,48,0.0,14.3,1.0,2.5,0.393,0.6,1.7,0.363,0.4,0.9,0.452,0.512,0.6,0.7,0.771,0.2,1.8,2.0,1.6,0.5,0.2,0.6,1.8,3.2,0
2019,NBA,Jared Dudley,dudleja01,33.0,BRK,PF,59,25.0,20.7,1.7,4.1,0.423,0.9,2.6,0.351,0.8,1.5,0.545,0.533,0.5,0.8,0.696,0.6,2.1,2.6,1.4,0.6,0.3,0.7,2.2,4.9,0
2020,NBA,Jared Dudley,dudleja01,34.0,LAL,PF,45,1.0,8.1,0.5,1.3,0.4,0.4,0.9,0.429,0.1,0.4,0.333,0.55,0.0,0.0,1.0,0.1,1.0,1.2,0.6,0.3,0.1,0.2,0.9,1.5,0
2015,NBA,Jared Sullinger,sullija01,22.0,BOS,PF,58,49.0,27.0,5.4,12.2,0.439,0.9,3.2,0.283,4.5,9.0,0.494,0.476,1.7,2.2,0.744,2.5,5.1,7.6,2.3,0.8,0.7,1.3,2.6,13.3,0
2016,NBA,Jared Sullinger,sullija01,23.0,BOS,PF,81,73.0,23.6,4.3,10.0,0.435,0.4,1.3,0.282,4.0,8.7,0.458,0.453,1.3,2.0,0.64,2.4,5.9,8.3,2.3,0.9,0.6,1.3,2.6,10.3,0
2016,NBA,Jarell Eddie,eddieja01,24.0,WAS,SF,26,0.0,5.7,0.8,2.5,0.308,0.6,1.8,0.319,0.2,0.7,0.278,0.423,0.3,0.3,1.0,0.1,0.8,0.9,0.2,0.2,0.0,0.0,0.2,2.4,0
2016,NBA,Jarell Martin,martija01,21.0,MEM,PF,27,0.0,14.1,2.0,4.3,0.466,0.0,0.1,0.0,2.0,4.2,0.474,0.466,1.7,2.3,0.726,1.4,1.7,3.2,0.6,0.3,0.3,0.7,2.1,5.7,0
2017,NBA,Jarell Martin,martija01,22.0,MEM,PF,42,3.0,13.3,1.4,3.6,0.384,0.2,0.6,0.36,1.2,3.0,0.389,0.414,1.0,1.2,0.8,1.0,2.9,3.9,0.2,0.4,0.2,0.7,2.2,3.9,0
2018,NBA,Jarell Martin,martija01,23.0,MEM,PF,73,36.0,22.8,3.0,6.8,0.446,0.5,1.3,0.347,2.6,5.5,0.47,0.48,1.2,1.6,0.767,1.3,3.0,4.4,1.0,0.5,0.7,1.2,2.9,7.7,0
2019,NBA,Jarell Martin,martija01,24.0,ORL,PF,42,1.0,7.8,1.0,2.5,0.413,0.5,1.4,0.351,0.5,1.1,0.489,0.51,0.2,0.3,0.818,0.3,1.5,1.7,0.4,0.1,0.2,0.3,1.2,2.7,0
2019,NBA,Jaren Jackson Jr.,jacksja02,19.0,MEM,PF,58,56.0,26.1,5.1,10.2,0.506,0.9,2.4,0.359,4.3,7.7,0.553,0.549,2.6,3.4,0.766,1.3,3.4,4.7,1.1,0.9,1.4,1.7,3.8,13.8,0
2020,NBA,Jaren Jackson Jr.,jacksja02,20.0,MEM,C,57,57.0,28.5,6.2,13.2,0.469,2.5,6.5,0.394,3.6,6.8,0.54,0.565,2.4,3.3,0.747,1.0,3.6,4.6,1.4,0.7,1.6,1.7,4.1,17.4,0
2022,NBA,Jaren Jackson Jr.,jacksja02,22.0,MEM,PF,78,78.0,27.3,5.5,13.3,0.415,1.6,5.1,0.319,3.9,8.1,0.476,0.477,3.6,4.4,0.823,1.5,4.3,5.8,1.1,0.9,2.3,1.7,3.5,16.3,0
2023,NBA,Jaren Jackson Jr.,jacksja02,23.0,MEM,C,63,63.0,28.4,6.6,13.0,0.506,1.6,4.5,0.355,5.0,8.6,0.585,0.567,3.8,4.9,0.788,1.7,5.0,6.8,1.0,1.0,3.0,1.7,3.6,18.6,1
2024,NBA,Jaren Jackson Jr.,jacksja02,24.0,MEM,C,66,66.0,32.2,7.8,17.6,0.444,1.8,5.5,0.32,6.0,12.1,0.501,0.494,5.1,6.3,0.808,1.3,4.2,5.5,2.3,1.2,1.6,2.4,3.6,22.5,0
2019,NBA,Jaron Blossomgame,blossja01,25.0,CLE,SF,27,4.0,16.3,1.7,3.9,0.443,0.4,1.4,0.256,1.4,2.5,0.552,0.491,0.4,0.5,0.769,1.0,2.7,3.6,0.5,0.3,0.3,0.4,0.7,4.2,0
2021,NBA,Jarred Vanderbilt,vandeja01,21.0,MIN,PF,64,30.0,17.8,2.2,3.7,0.606,0.0,0.1,0.2,2.2,3.6,0.615,0.608,0.9,1.6,0.559,1.8,3.9,5.8,1.2,1.0,0.7,0.8,1.9,5.4,0
2022,NBA,Jarred Vanderbilt,vandeja01,22.0,MIN,PF,74,67.0,25.4,2.9,4.9,0.587,0.0,0.2,0.143,2.8,4.7,0.605,0.59,1.2,1.8,0.656,2.9,5.5,8.4,1.3,1.3,0.6,1.0,2.4,6.9,0
2023,NBA,Jarred Vanderbilt,vandeja01,23.0,2TM,PF,78,65.0,24.1,3.2,5.8,0.548,0.4,1.2,0.322,2.8,4.6,0.604,0.58,1.2,1.8,0.691,2.2,5.3,7.5,2.4,1.1,0.3,1.2,2.4,7.9,0
2024,NBA,Jarred Vanderbilt,vandeja01,24.0,LAL,PF,29,6.0,20.0,2.0,3.9,0.518,0.3,0.9,0.296,1.8,3.0,0.586,0.553,0.8,1.2,0.667,1.4,3.3,4.8,1.2,1.2,0.2,1.0,1.5,5.2,0
2021,NBA,Jarrell Brantley,brantja01,24.0,UTA,PF,28,0.0,4.9,0.9,1.9,0.481,0.4,1.0,0.429,0.5,0.9,0.542,0.596,0.1,0.1,1.0,0.3,0.6,1.0,0.5,0.3,0.1,0.3,0.6,2.3,0
2018,NBA,Jarrett Allen,allenja01,19.0,BRK,C,72,31.0,20.0,3.3,5.5,0.589,0.1,0.2,0.333,3.2,5.3,0.599,0.596,1.6,2.0,0.776,2.0,3.4,5.4,0.7,0.4,1.2,1.1,2.0,8.2,0
2019,NBA,Jarrett Allen,allenja01,20.0,BRK,C,80,80.0,26.2,4.2,7.1,0.59,0.1,0.6,0.133,4.1,6.5,0.629,0.595,2.5,3.5,0.709,2.4,6.0,8.4,1.4,0.5,1.5,1.3,2.3,10.9,0
2020,NBA,Jarrett Allen,allenja01,21.0,BRK,C,70,64.0,26.5,4.3,6.6,0.649,0.0,0.1,0.0,4.3,6.6,0.658,0.649,2.4,3.9,0.633,3.1,6.5,9.6,1.6,0.6,1.3,1.1,2.3,11.1,0
2021,NBA,Jarrett Allen,allenja01,22.0,2TM,C,63,45.0,29.6,4.7,7.7,0.618,0.1,0.3,0.316,4.6,7.3,0.631,0.624,3.2,4.6,0.703,3.1,6.9,10.0,1.7,0.5,1.4,1.6,1.5,12.8,0
2022,NBA,Jarrett Allen,allenja01,23.0,CLE,C,56,56.0,32.3,6.6,9.7,0.677,0.0,0.2,0.1,6.6,9.6,0.688,0.678,2.9,4.2,0.708,3.4,7.3,10.8,1.6,0.8,1.3,1.7,1.7,16.1,1
2023,NBA,Jarrett Allen,allenja01,24.0,CLE,C,68,68.0,32.6,5.9,9.2,0.644,0.0,0.1,0.1,5.9,9.1,0.653,0.645,2.4,3.3,0.733,3.3,6.5,9.8,1.7,0.8,1.2,1.4,2.3,14.3,0
2024,NBA,Jarrett Allen,allenja01,25.0,CLE,C,77,77.0,31.7,6.7,10.6,0.634,0.0,0.1,0.0,6.7,10.6,0.638,0.634,3.0,4.1,0.742,3.2,7.4,10.5,2.7,0.7,1.1,1.6,1.9,16.5,0
2020,NBA,Jarrett Culver,culveja01,20.0,MIN,SG,63,35.0,23.9,3.7,9.0,0.404,1.0,3.5,0.299,2.6,5.5,0.471,0.462,0.9,1.9,0.462,1.1,2.3,3.4,1.7,0.9,0.6,1.3,2.0,9.2,0
2021,NBA,Jarrett Culver,culveja01,21.0,MIN,SG,34,7.0,14.7,2.0,4.9,0.411,0.4,1.6,0.245,1.6,3.4,0.487,0.449,0.9,1.4,0.604,1.0,2.1,3.1,0.7,0.5,0.3,0.8,1.7,5.3,0
2022,NBA,Jarrett Culver,culveja01,22.0,MEM,SG,37,0.0,9.1,1.4,3.6,0.378,0.3,1.3,0.255,1.1,2.4,0.443,0.422,0.4,0.9,0.471,0.4,0.9,1.3,0.9,0.5,0.1,0.5,1.1,3.5,0
2015,NBA,Jarrett Jack,jackja01,31.0,BRK,PG,80,27.0,28.0,4.5,10.2,0.439,0.5,1.8,0.267,4.0,8.4,0.477,0.463,2.5,2.8,0.881,0.2,2.8,3.1,4.7,0.9,0.2,2.4,1.8,12.0,0
2016,NBA,Jarrett Jack,jackja01,32.0,BRK,PG,32,32.0,32.1,4.4,11.2,0.391,1.0,3.2,0.304,3.4,8.0,0.426,0.434,3.1,3.5,0.893,0.3,4.0,4.3,7.4,1.1,0.2,2.9,2.4,12.8,0
2018,NBA,Jarrett Jack,jackja01,34.0,NYK,PG,62,56.0,25.0,3.0,7.1,0.427,0.4,1.4,0.291,2.6,5.8,0.459,0.455,1.0,1.2,0.84,0.4,2.7,3.1,5.6,0.6,0.1,1.9,1.6,7.5,0
2015,NBA,Jason Maxiell,maxieja01,31.0,CHO,PF,61,0.0,14.4,1.3,3.1,0.422,0.0,0.0,0.0,1.3,3.1,0.422,0.422,0.7,1.2,0.577,1.4,1.9,3.3,0.3,0.3,0.7,0.5,1.6,3.3,0
2015,NBA,Jason Smith,smithja02,28.0,NYK,C,82,31.0,21.8,3.1,7.2,0.434,0.2,0.5,0.357,3.0,6.7,0.44,0.447,1.5,1.9,0.83,1.2,2.8,4.0,1.7,0.4,0.5,1.3,2.5,8.0,0
2016,NBA,Jason Smith,smithja02,29.0,ORL,C,76,2.0,15.5,3.2,6.6,0.485,0.1,0.2,0.25,3.2,6.4,0.493,0.489,0.7,0.9,0.806,0.7,2.2,2.9,0.8,0.4,0.9,0.8,2.1,7.2,0
2017,NBA,Jason Smith,smithja02,30.0,WAS,C,74,3.0,14.4,2.4,4.4,0.529,0.5,1.1,0.474,1.9,3.4,0.546,0.585,0.5,0.7,0.686,0.9,2.6,3.5,0.5,0.3,0.7,0.8,2.3,5.7,0
2018,NBA,Jason Smith,smithja02,31.0,WAS,C,33,2.0,8.6,1.4,3.5,0.391,0.1,1.0,0.125,1.2,2.5,0.494,0.409,0.6,0.6,0.905,0.5,1.1,1.6,0.4,0.1,0.4,0.5,1.3,3.4,0
2019,NBA,Jason Smith,smithja02,32.0,3TM,PF,20,1.0,9.5,1.1,3.0,0.356,0.5,1.3,0.346,0.6,1.7,0.364,0.432,0.7,0.8,0.875,0.8,1.8,2.6,0.7,0.2,0.4,0.7,1.5,3.3,0
2015,NBA,Jason Terry,terryja01,37.0,HOU,SG,77,18.0,21.3,2.4,5.8,0.422,1.6,4.2,0.39,0.8,1.6,0.504,0.563,0.5,0.6,0.813,0.2,1.4,1.6,1.9,0.9,0.2,1.0,1.5,7.0,0
2016,NBA,Jason Terry,terryja01,38.0,HOU,SG,72,7.0,17.5,2.1,5.2,0.402,1.3,3.6,0.356,0.8,1.6,0.504,0.525,0.4,0.5,0.818,0.2,0.9,1.1,1.4,0.7,0.1,0.7,1.3,5.9,0
2017,NBA,Jason Terry,terryja01,39.0,MIL,SG,74,0.0,18.4,1.4,3.3,0.432,1.0,2.3,0.427,0.4,1.0,0.444,0.582,0.3,0.4,0.828,0.2,1.2,1.4,1.3,0.6,0.3,0.5,1.3,4.1,0
2018,NBA,Jason Terry,terryja01,40.0,MIL,SG,51,4.0,16.0,1.2,3.0,0.383,0.8,2.3,0.348,0.4,0.8,0.487,0.513,0.2,0.2,0.889,0.1,0.8,0.9,1.2,0.8,0.3,0.5,1.0,3.3,0
2015,NBA,Jason Thompson,thompja02,28.0,SAC,PF,81,63.0,24.6,2.5,5.3,0.47,0.0,0.0,0.0,2.5,5.3,0.471,0.47,1.1,1.8,0.622,1.7,4.8,6.5,1.0,0.4,0.7,1.0,3.0,6.1,0
2016,NBA,Jason Thompson,thompja02,29.0,2TM,C,47,7.0,10.0,1.1,2.3,0.481,0.1,0.3,0.333,1.0,2.0,0.505,0.505,0.8,1.1,0.704,0.7,2.2,2.9,0.6,0.3,0.4,0.3,1.7,3.1,0
2024,NBA,Javon Freeman-Liberty,freemja01,24.0,TOR,PG,22,6.0,18.3,2.5,5.6,0.444,0.5,1.9,0.238,2.0,3.7,0.549,0.484,1.5,1.6,0.917,0.7,2.5,3.2,1.8,0.5,0.2,1.1,1.3,7.0,0
2020,NBA,Javonte Green,greenja02,26.0,BOS,SG,48,2.0,9.8,1.3,2.6,0.5,0.2,0.7,0.273,1.1,1.9,0.581,0.536,0.6,0.9,0.667,0.5,1.4,1.9,0.5,0.5,0.2,0.5,0.9,3.4,0
2021,NBA,Javonte Green,greenja02,27.0,2TM,SF,41,2.0,11.5,1.3,2.5,0.52,0.2,0.7,0.333,1.0,1.8,0.597,0.569,0.7,1.0,0.75,0.6,1.1,1.7,0.4,0.7,0.1,0.5,1.1,3.6,0
2022,NBA,Javonte Green,greenja02,28.0,CHI,SF,65,45.0,23.4,2.7,5.0,0.542,0.6,1.6,0.356,2.2,3.4,0.625,0.597,1.2,1.5,0.833,1.4,2.8,4.2,0.9,1.0,0.5,0.5,2.0,7.2,0
2023,NBA,Javonte Green,greenja02,29.0,CHI,SF,32,1.0,15.0,1.9,3.4,0.565,0.4,1.1,0.371,1.5,2.3,0.658,0.625,0.9,1.4,0.667,0.8,1.9,2.8,0.7,0.8,0.7,0.6,1.6,5.2,0
2018,NBA,Jawun Evans,evansja01,21.0,LAC,PG,48,4.0,16.2,1.9,5.3,0.352,0.3,1.1,0.278,1.5,4.1,0.372,0.381,0.8,1.0,0.776,0.2,1.6,1.8,2.1,0.8,0.1,0.9,2.0,4.8,0
2020,NBA,Jaxson Hayes,hayesja02,19.0,NOP,C,64,14.0,16.9,2.7,4.0,0.672,0.0,0.1,0.25,2.7,4.0,0.678,0.674,1.9,3.0,0.647,1.5,2.5,4.0,0.9,0.4,0.9,0.8,2.5,7.4,0
2021,NBA,Jaxson Hayes,hayesja02,20.0,NOP,C,60,3.0,16.1,2.9,4.7,0.625,0.1,0.2,0.429,2.8,4.4,0.635,0.636,1.6,2.0,0.775,1.5,2.8,4.3,0.6,0.4,0.6,0.7,1.7,7.5,0
2022,NBA,Jaxson Hayes,hayesja02,21.0,NOP,C,70,28.0,20.0,3.5,5.7,0.616,0.3,0.8,0.351,3.2,4.9,0.66,0.641,2.1,2.7,0.766,1.6,2.9,4.5,0.6,0.5,0.8,0.8,2.2,9.3,0
2023,NBA,Jaxson Hayes,hayesja02,22.0,NOP,C,47,2.0,13.0,1.8,3.3,0.551,0.1,0.6,0.103,1.8,2.7,0.654,0.561,1.2,1.8,0.699,0.8,2.0,2.8,0.7,0.4,0.4,0.7,1.4,5.0,0
2024,NBA,Jaxson Hayes,hayesja02,23.0,LAL,C,70,5.0,12.5,1.8,2.5,0.72,0.0,0.1,0.0,1.8,2.4,0.754,0.72,0.7,1.2,0.622,1.0,2.0,3.0,0.5,0.5,0.4,0.6,1.8,4.3,0
2024,NBA,Jay Huff,huffja01,25.0,DEN,C,20,0.0,2.5,0.5,0.8,0.6,0.2,0.5,0.333,0.3,0.3,1.0,0.7,0.1,0.1,1.0,0.1,0.5,0.6,0.1,0.1,0.2,0.1,0.5,1.2,0
2019,NBA,Jaylen Adams,adamsja01,22.0,ATL,PG,34,1.0,12.6,1.1,3.2,0.345,0.7,2.2,0.338,0.4,1.1,0.361,0.459,0.2,0.3,0.778,0.3,1.4,1.8,1.9,0.4,0.1,0.8,1.3,3.2,0
2017,NBA,Jaylen Brown,brownja02,20.0,BOS,SF,78,20.0,17.2,2.5,5.4,0.454,0.6,1.7,0.341,1.9,3.7,0.507,0.508,1.1,1.6,0.685,0.6,2.2,2.8,0.8,0.4,0.2,0.9,1.8,6.6,0
2018,NBA,Jaylen Brown,brownja02,21.0,BOS,SG,70,70.0,30.7,5.3,11.5,0.465,1.7,4.4,0.395,3.6,7.1,0.507,0.54,2.1,3.3,0.644,0.9,4.0,4.9,1.6,1.0,0.4,1.8,2.6,14.5,0
2019,NBA,Jaylen Brown,brownja02,22.0,BOS,SG,74,25.0,25.9,5.0,10.7,0.465,1.3,3.7,0.344,3.7,7.0,0.529,0.525,1.8,2.7,0.658,0.9,3.4,4.2,1.4,0.9,0.4,1.3,2.5,13.0,0
2020,NBA,Jaylen Brown,brownja02,23.0,BOS,SG,57,57.0,33.9,7.5,15.6,0.481,2.3,5.9,0.382,5.2,9.6,0.543,0.554,3.1,4.3,0.724,1.1,5.3,6.4,2.1,1.1,0.4,2.2,2.9,20.3,0
2021,NBA,Jaylen Brown,brownja02,24.0,BOS,SG,58,58.0,34.5,9.3,19.2,0.484,2.8,7.1,0.397,6.5,12.1,0.536,0.558,3.3,4.3,0.764,1.2,4.8,6.0,3.4,1.2,0.6,2.7,2.9,24.7,1
2022,NBA,Jaylen Brown,brownja02,25.0,BOS,SF,66,66.0,33.6,8.7,18.4,0.473,2.5,7.0,0.358,6.2,11.4,0.544,0.541,3.7,4.8,0.758,0.8,5.3,6.1,3.5,1.1,0.3,2.7,2.5,23.6,0
2023,NBA,Jaylen Brown,brownja02,26.0,BOS,SF,67,67.0,35.9,10.1,20.6,0.491,2.4,7.3,0.335,7.7,13.4,0.576,0.55,3.9,5.1,0.765,1.2,5.7,6.9,3.5,1.1,0.4,2.9,2.6,26.6,1
2024,NBA,Jaylen Brown,brownja02,27.0,BOS,SF,70,70.0,33.5,9.0,17.9,0.499,2.1,5.9,0.354,6.9,12.1,0.57,0.557,3.0,4.3,0.703,1.2,4.3,5.5,3.6,1.2,0.5,2.4,2.6,23.0,1
2021,NBA,Jaylen Nowell,nowelja01,21.0,MIN,SG,42,0.0,18.1,3.4,8.0,0.424,1.2,3.6,0.333,2.2,4.4,0.497,0.499,1.1,1.3,0.818,0.5,1.8,2.3,1.5,0.5,0.3,0.7,1.7,9.0,0
2022,NBA,Jaylen Nowell,nowelja01,22.0,MIN,SG,62,1.0,15.7,3.2,6.7,0.475,1.0,2.6,0.394,2.1,4.1,0.526,0.551,1.2,1.5,0.783,0.4,1.6,2.0,2.1,0.4,0.2,0.6,1.2,8.5,0
2023,NBA,Jaylen Nowell,nowelja01,23.0,MIN,SG,65,2.0,19.3,4.3,9.6,0.448,1.0,3.6,0.289,3.3,6.0,0.542,0.502,1.2,1.5,0.778,0.6,2.1,2.6,2.0,0.6,0.1,1.0,1.6,10.8,0
2023,NBA,Jaylin Williams,willija07,20.0,OKC,C,49,36.0,18.7,2.1,4.8,0.436,0.9,2.3,0.407,1.1,2.5,0.463,0.534,0.8,1.1,0.704,0.9,4.0,4.9,1.6,0.6,0.2,0.8,2.3,5.9,0
2024,NBA,Jaylin Williams,willija07,21.0,OKC,C,69,1.0,13.0,1.4,3.3,0.417,0.8,2.1,0.368,0.6,1.2,0.5,0.533,0.5,0.6,0.805,0.5,2.9,3.4,1.6,0.4,0.4,0.5,1.4,4.0,0
2018,NBA,Jayson Tatum,tatumja01,19.0,BOS,SF,80,80.0,30.5,5.0,10.4,0.475,1.3,3.0,0.434,3.7,7.4,0.492,0.538,2.7,3.2,0.826,0.6,4.4,5.0,1.6,1.0,0.7,1.4,2.1,13.9,0
2019,NBA,Jayson Tatum,tatumja01,20.0,BOS,SF,79,79.0,31.1,5.9,13.1,0.45,1.5,3.9,0.373,4.4,9.2,0.483,0.506,2.5,2.9,0.855,0.9,5.2,6.0,2.1,1.1,0.7,1.5,2.1,15.7,0
2020,NBA,Jayson Tatum,tatumja01,21.0,BOS,PF,66,66.0,34.3,8.4,18.6,0.45,2.9,7.1,0.403,5.5,11.5,0.48,0.527,3.8,4.7,0.812,1.0,6.0,7.0,3.0,1.4,0.9,2.3,2.1,23.4,1
2021,NBA,Jayson Tatum,tatumja01,22.0,BOS,SF,64,64.0,35.8,9.5,20.6,0.459,2.9,7.6,0.386,6.5,13.0,0.502,0.53,4.6,5.3,0.868,0.8,6.6,7.4,4.3,1.2,0.5,2.7,1.9,26.4,1
2022,NBA,Jayson Tatum,tatumja01,23.0,BOS,SF,76,76.0,35.9,9.3,20.6,0.453,3.0,8.6,0.353,6.3,12.0,0.524,0.526,5.3,6.2,0.853,1.1,6.9,8.0,4.4,1.0,0.6,2.9,2.3,26.9,1
2023,NBA,Jayson Tatum,tatumja01,24.0,BOS,SF,74,74.0,36.9,9.8,21.1,0.466,3.2,9.3,0.35,6.6,11.8,0.558,0.543,7.2,8.4,0.854,1.1,7.7,8.8,4.6,1.1,0.7,2.9,2.2,30.1,1
2024,NBA,Jayson Tatum,tatumja01,25.0,BOS,PF,74,74.0,35.7,9.1,19.3,0.471,3.1,8.2,0.376,6.0,11.0,0.542,0.552,5.6,6.7,0.833,0.9,7.2,8.1,4.9,1.0,0.6,2.5,2.0,26.9,1
2024,NBA,Jeenathan Williams,willije02,24.0,HOU,SG,22,0.0,5.9,1.2,2.3,0.54,0.1,0.2,0.4,1.1,2.0,0.556,0.56,0.3,0.6,0.538,0.5,0.5,1.0,0.3,0.2,0.0,0.2,0.5,2.9,0
2015,NBA,Jeff Ayres,pendeje02,27.0,SAS,PF,51,0.0,7.5,1.1,1.9,0.579,0.0,0.0,0.0,1.1,1.9,0.579,0.579,0.5,0.7,0.75,0.7,1.6,2.3,0.3,0.2,0.2,0.5,1.2,2.7,0
2023,NBA,Jeff Dowtin,dowtije01,25.0,TOR,PG,25,0.0,10.4,1.0,2.3,0.439,0.2,0.6,0.313,0.8,1.6,0.488,0.482,0.2,0.4,0.667,0.2,0.7,0.9,1.2,0.4,0.1,0.2,0.5,2.4,0
2015,NBA,Jeff Green,greenje02,28.0,2TM,SF,78,70.0,31.5,5.3,12.4,0.43,1.2,3.7,0.332,4.1,8.7,0.473,0.48,3.1,3.7,0.833,0.8,3.4,4.2,1.7,0.7,0.4,1.4,1.9,15.0,0
2016,NBA,Jeff Green,greenje02,29.0,2TM,SF,80,41.0,28.2,4.4,10.3,0.43,0.8,2.7,0.315,3.6,7.6,0.47,0.47,2.1,2.8,0.745,0.9,3.2,4.2,1.7,0.7,0.5,1.2,2.1,11.7,0
2017,NBA,Jeff Green,greenje02,30.0,ORL,PF,69,11.0,22.2,3.2,8.1,0.394,0.8,2.8,0.275,2.4,5.3,0.458,0.442,2.1,2.4,0.863,0.6,2.5,3.1,1.2,0.5,0.2,1.1,1.5,9.2,0
2018,NBA,Jeff Green,greenje02,31.0,CLE,PF,78,14.0,23.4,3.8,7.9,0.477,0.7,2.2,0.312,3.1,5.7,0.54,0.52,2.6,3.0,0.868,0.8,2.4,3.2,1.3,0.5,0.4,1.0,1.9,10.8,0
2019,NBA,Jeff Green,greenje02,32.0,WAS,PF,77,44.0,27.2,4.2,8.9,0.475,1.4,4.2,0.347,2.8,4.8,0.586,0.555,2.4,2.7,0.888,0.7,3.3,4.0,1.8,0.6,0.5,1.3,2.1,12.3,0
2020,NBA,Jeff Green,greenje02,33.0,2TM,C,48,4.0,20.0,3.3,7.2,0.462,1.3,3.8,0.339,2.0,3.4,0.602,0.552,1.5,1.9,0.802,0.5,2.3,2.8,1.0,0.5,0.4,0.9,1.9,9.4,0
2021,NBA,Jeff Green,greenje02,34.0,BRK,PF,68,38.0,27.0,3.8,7.8,0.492,1.5,3.7,0.412,2.3,4.1,0.564,0.59,1.8,2.4,0.776,0.5,3.4,3.9,1.6,0.5,0.4,0.8,1.8,11.0,0
2022,NBA,Jeff Green,greenje02,35.0,DEN,PF,75,63.0,24.7,3.7,7.1,0.524,0.7,2.2,0.315,3.0,4.8,0.62,0.574,2.2,2.6,0.833,0.5,2.5,3.1,1.3,0.4,0.4,0.9,2.0,10.3,0
2023,NBA,Jeff Green,greenje02,36.0,DEN,PF,56,4.0,19.5,2.9,5.9,0.488,0.5,1.9,0.288,2.3,4.0,0.58,0.534,1.6,2.1,0.744,0.7,1.9,2.6,1.2,0.3,0.3,0.8,1.8,7.8,0
2024,NBA,Jeff Green,greenje02,37.0,HOU,PF,78,6.0,16.8,2.1,4.7,0.456,0.7,2.1,0.331,1.5,2.6,0.553,0.529,1.6,1.9,0.819,0.6,1.7,2.3,0.9,0.2,0.4,0.6,1.3,6.5,0
2015,NBA,Jeff Taylor,tayloje03,25.0,CHO,SF,29,13.0,14.8,1.6,3.9,0.395,0.4,1.2,0.306,1.2,2.7,0.436,0.443,0.9,1.4,0.634,0.5,1.3,1.8,0.8,0.4,0.0,0.7,1.2,4.4,0
2015,NBA,Jeff Teague,teaguje01,26.0,ATL,PG,73,72.0,30.5,5.6,12.2,0.46,1.0,2.8,0.343,4.6,9.3,0.496,0.5,3.8,4.4,0.862,0.4,2.1,2.5,7.0,1.7,0.4,2.8,1.9,15.9,1
2016,NBA,Jeff Teague,teaguje01,27.0,ATL,PG,79,78.0,28.5,5.5,12.5,0.439,1.4,3.5,0.4,4.1,9.0,0.454,0.495,3.3,3.9,0.837,0.4,2.3,2.7,5.9,1.2,0.3,2.8,2.1,15.7,0
2017,NBA,Jeff Teague,teaguje01,28.0,IND,PG,82,82.0,32.4,4.9,11.1,0.442,1.1,3.1,0.357,3.8,8.0,0.475,0.492,4.4,5.1,0.867,0.4,3.6,4.0,7.8,1.2,0.4,2.6,2.0,15.3,0
2018,NBA,Jeff Teague,teaguje01,29.0,MIN,PG,70,70.0,33.0,5.1,11.3,0.446,1.2,3.3,0.368,3.9,8.1,0.477,0.499,2.9,3.4,0.845,0.3,2.6,3.0,7.0,1.5,0.3,2.5,2.4,14.2,0
2019,NBA,Jeff Teague,teaguje01,30.0,MIN,PG,42,41.0,30.1,4.2,9.9,0.423,0.8,2.5,0.333,3.4,7.4,0.453,0.465,2.9,3.6,0.804,0.4,2.1,2.5,8.2,1.0,0.4,2.3,2.1,12.1,0
2020,NBA,Jeff Teague,teaguje01,31.0,2TM,PG,59,17.0,24.8,3.6,8.3,0.436,0.7,2.0,0.368,2.9,6.3,0.457,0.48,2.9,3.3,0.873,0.5,1.9,2.4,5.2,0.7,0.3,2.0,1.8,10.9,0
2021,NBA,Jeff Teague,teaguje01,32.0,2TM,PG,55,7.0,17.3,2.2,5.2,0.433,0.7,1.5,0.439,1.6,3.7,0.431,0.496,1.6,1.9,0.848,0.3,1.3,1.6,2.4,0.6,0.2,1.2,1.0,6.7,0
2015,NBA,Jeff Withey,witheje01,24.0,NOP,C,37,0.0,7.0,0.9,1.7,0.5,0.0,0.0,0.0,0.9,1.7,0.5,0.5,0.9,1.4,0.68,0.6,1.1,1.7,0.3,0.1,0.5,0.3,0.7,2.6,0
2016,NBA,Jeff Withey,witheje01,25.0,UTA,C,51,10.0,12.9,1.7,3.2,0.537,0.0,0.0,0.0,1.7,3.1,0.544,0.537,0.8,1.2,0.729,1.1,2.3,3.4,0.4,0.4,1.0,0.5,1.5,4.3,0
2017,NBA,Jeff Withey,witheje01,26.0,UTA,C,51,1.0,8.5,1.1,2.0,0.534,0.0,0.0,0.0,1.1,2.0,0.539,0.534,0.7,0.9,0.75,1.0,1.4,2.4,0.1,0.3,0.6,0.3,1.0,2.9,0
2015,NBA,Jerami Grant,grantje01,20.0,PHI,SF,65,11.0,21.2,1.9,5.4,0.352,0.8,2.4,0.314,1.2,3.0,0.383,0.422,1.8,3.0,0.591,0.8,2.3,3.0,1.2,0.6,1.0,1.3,2.2,6.3,0
2016,NBA,Jerami Grant,grantje01,21.0,PHI,PF,77,52.0,26.8,3.3,7.8,0.419,0.5,1.9,0.24,2.8,5.9,0.477,0.448,2.8,4.2,0.658,1.3,3.4,4.7,1.8,0.7,1.6,1.4,2.8,9.7,0
2017,NBA,Jerami Grant,grantje01,22.0,2TM,PF,80,4.0,19.1,1.9,4.1,0.463,0.5,1.5,0.371,1.4,2.7,0.514,0.529,1.1,1.8,0.612,0.5,2.1,2.6,0.6,0.4,1.0,0.6,1.9,5.5,0
2018,NBA,Jerami Grant,grantje01,23.0,OKC,PF,81,1.0,20.3,3.0,5.6,0.535,0.4,1.4,0.291,2.6,4.3,0.613,0.57,2.0,3.0,0.675,1.1,2.9,3.9,0.7,0.4,1.0,0.7,1.9,8.4,0
2019,NBA,Jerami Grant,grantje01,24.0,OKC,PF,80,77.0,32.7,5.1,10.3,0.497,1.4,3.7,0.392,3.7,6.6,0.555,0.567,2.0,2.8,0.71,1.2,4.0,5.2,1.0,0.8,1.3,0.8,2.7,13.6,0
2020,NBA,Jerami Grant,grantje01,25.0,DEN,PF,71,24.0,26.6,4.3,8.9,0.478,1.4,3.5,0.389,2.9,5.4,0.537,0.555,2.1,2.8,0.75,0.8,2.7,3.5,1.2,0.7,0.8,0.9,2.2,12.0,0
2021,NBA,Jerami Grant,grantje01,26.0,DET,SF,54,54.0,33.9,7.4,17.3,0.429,2.1,6.1,0.35,5.3,11.2,0.473,0.491,5.4,6.4,0.845,0.6,4.0,4.6,2.8,0.6,1.1,2.0,2.3,22.3,0
2022,NBA,Jerami Grant,grantje01,27.0,DET,PF,47,47.0,31.9,6.3,14.9,0.426,1.9,5.4,0.358,4.4,9.5,0.465,0.491,4.6,5.5,0.838,0.6,3.5,4.1,2.4,0.9,1.0,1.8,2.3,19.2,0
2023,NBA,Jerami Grant,grantje01,28.0,POR,PF,63,63.0,35.7,6.9,14.5,0.475,2.3,5.7,0.401,4.6,8.8,0.523,0.554,4.4,5.4,0.813,0.8,3.7,4.5,2.4,0.8,0.8,1.8,2.4,20.5,0
2024,NBA,Jerami Grant,grantje01,29.0,POR,PF,54,54.0,33.9,7.1,15.7,0.451,2.1,5.1,0.402,5.0,10.6,0.474,0.516,4.7,5.8,0.817,0.7,2.9,3.5,2.8,0.8,0.6,2.1,2.2,21.0,0
2022,NBA,Jeremiah Robinson-Earl,robinje02,21.0,OKC,C,49,36.0,22.2,2.7,6.6,0.414,1.2,3.4,0.352,1.6,3.2,0.478,0.503,0.8,1.1,0.741,1.5,4.1,5.6,1.0,0.6,0.3,0.8,1.5,7.5,0
2023,NBA,Jeremiah Robinson-Earl,robinje02,22.0,OKC,PF,43,20.0,18.9,2.6,5.8,0.444,0.9,2.6,0.333,1.7,3.2,0.533,0.518,0.8,1.0,0.833,1.7,2.5,4.2,1.0,0.6,0.3,0.4,1.7,6.8,0
2024,NBA,Jeremiah Robinson-Earl,robinje02,23.0,NOP,PF,39,1.0,8.6,1.2,2.4,0.474,0.3,1.0,0.333,0.8,1.4,0.571,0.542,0.3,0.4,0.75,0.6,1.4,1.9,0.5,0.3,0.1,0.4,0.6,2.9,0
2015,NBA,Jeremy Evans,evansje01,27.0,UTA,SF,38,0.0,7.0,0.8,1.5,0.552,0.1,0.1,0.4,0.8,1.4,0.566,0.569,0.6,0.8,0.828,0.7,1.2,1.9,0.3,0.3,0.3,0.1,0.8,2.4,0
2016,NBA,Jeremy Evans,evansje01,28.0,DAL,SF,30,2.0,8.4,0.9,1.6,0.542,0.1,0.5,0.25,0.7,1.1,0.688,0.583,0.5,0.7,0.714,0.4,1.4,1.8,0.1,0.2,0.3,0.2,0.6,2.4,0
2015,NBA,Jeremy Lamb,lambje01,22.0,OKC,SG,47,8.0,13.5,2.2,5.3,0.416,0.8,2.4,0.342,1.4,3.0,0.475,0.492,1.0,1.2,0.891,0.2,2.1,2.3,0.9,0.4,0.1,0.6,1.1,6.3,0
2016,NBA,Jeremy Lamb,lambje01,23.0,CHO,SG,66,0.0,18.6,3.5,7.7,0.451,0.8,2.7,0.309,2.6,5.0,0.529,0.506,1.0,1.3,0.727,0.7,3.2,3.8,1.2,0.6,0.5,0.8,1.6,8.8,0
2017,NBA,Jeremy Lamb,lambje01,24.0,CHO,SG,62,5.0,18.4,3.6,7.9,0.46,0.7,2.4,0.281,3.0,5.6,0.536,0.502,1.8,2.1,0.853,0.5,3.8,4.3,1.2,0.4,0.4,0.6,1.6,9.7,0
2018,NBA,Jeremy Lamb,lambje01,25.0,CHO,SG,80,18.0,24.6,4.8,10.4,0.457,1.2,3.2,0.37,3.6,7.2,0.495,0.513,2.2,2.6,0.861,0.6,3.4,4.1,2.3,0.8,0.4,1.2,1.7,12.9,0
2019,NBA,Jeremy Lamb,lambje01,26.0,CHO,SG,79,55.0,28.5,5.5,12.4,0.44,1.5,4.2,0.348,4.0,8.2,0.487,0.499,2.9,3.3,0.888,0.8,4.7,5.5,2.2,1.1,0.4,1.0,1.8,15.3,0
2020,NBA,Jeremy Lamb,lambje01,27.0,IND,SG,46,42.0,28.1,4.7,10.4,0.451,1.2,3.4,0.335,3.5,7.0,0.508,0.506,2.0,2.4,0.836,0.5,3.8,4.3,2.1,1.2,0.5,1.1,2.3,12.5,0
2021,NBA,Jeremy Lamb,lambje01,28.0,IND,SG,36,8.0,21.3,3.3,7.7,0.435,1.4,3.6,0.406,1.9,4.1,0.459,0.529,2.0,2.1,0.947,0.7,2.9,3.6,1.5,0.9,0.6,0.6,2.0,10.1,0
2022,NBA,Jeremy Lamb,lambje01,29.0,2TM,SF,56,0.0,16.7,2.4,6.2,0.383,1.0,3.0,0.324,1.4,3.2,0.441,0.463,1.6,1.9,0.84,0.5,2.3,2.8,1.4,0.6,0.4,0.7,1.1,7.3,0
2015,NBA,Jeremy Lin,linje01,26.0,LAL,PG,74,30.0,25.8,3.7,8.8,0.424,0.9,2.4,0.369,2.9,6.5,0.444,0.473,2.9,3.6,0.795,0.4,2.3,2.6,4.6,1.1,0.4,2.2,2.6,11.2,0
2016,NBA,Jeremy Lin,linje01,27.0,CHO,SG,78,13.0,26.3,3.8,9.3,0.412,1.0,2.9,0.336,2.9,6.4,0.446,0.464,3.1,3.7,0.815,0.5,2.7,3.2,3.0,0.7,0.5,1.9,2.1,11.7,0
2017,NBA,Jeremy Lin,linje01,28.0,BRK,PG,36,33.0,24.5,4.9,11.1,0.438,1.6,4.3,0.372,3.3,6.8,0.48,0.51,3.2,3.9,0.816,0.3,3.4,3.8,5.1,1.2,0.4,2.4,2.2,14.5,0
2019,NBA,Jeremy Lin,linje01,30.0,2TM,PG,74,4.0,19.4,3.2,7.3,0.44,0.7,2.5,0.294,2.5,4.8,0.517,0.491,2.4,2.8,0.838,0.3,2.1,2.4,3.1,0.6,0.2,1.7,1.9,9.6,0
2023,NBA,Jeremy Sochan,sochaje01,19.0,SAS,PF,56,53.0,26.0,4.5,9.9,0.453,0.6,2.4,0.246,3.9,7.5,0.519,0.483,1.4,2.1,0.698,1.7,3.6,5.3,2.5,0.8,0.4,1.7,2.5,11.0,0
2024,NBA,Jeremy Sochan,sochaje01,20.0,SAS,PF,74,73.0,29.6,4.6,10.5,0.438,0.9,3.1,0.308,3.6,7.4,0.492,0.483,1.5,1.9,0.771,1.9,4.6,6.4,3.4,0.8,0.5,1.9,2.3,11.6,0
2016,NBA,Jerian Grant,grantje02,23.0,NYK,PG,76,6.0,16.6,2.0,5.1,0.394,0.3,1.3,0.22,1.7,3.8,0.454,0.422,1.3,1.6,0.78,0.3,1.6,1.9,2.3,0.7,0.1,1.1,1.3,5.6,0
2017,NBA,Jerian Grant,grantje02,24.0,CHI,PG,63,28.0,16.3,2.0,4.8,0.425,0.8,2.1,0.366,1.3,2.7,0.473,0.507,1.0,1.2,0.89,0.3,1.5,1.8,1.9,0.7,0.1,0.7,1.5,5.9,0
2018,NBA,Jerian Grant,grantje02,25.0,CHI,PG,74,26.0,22.8,2.8,6.8,0.416,0.8,2.5,0.326,2.0,4.3,0.468,0.476,1.9,2.5,0.745,0.4,1.9,2.3,4.6,0.9,0.1,1.2,1.8,8.4,0
2019,NBA,Jerian Grant,grantje02,26.0,ORL,PG,60,1.0,15.7,1.5,3.7,0.418,0.7,1.8,0.364,0.9,1.8,0.473,0.509,0.4,0.7,0.65,0.3,1.3,1.6,2.6,0.7,0.1,0.9,1.3,4.2,0
2022,NBA,Jericho Sims,simsje01,23.0,NYK,PF,41,5.0,13.5,1.0,1.3,0.722,0.0,0.0,0.0,1.0,1.3,0.722,0.722,0.3,0.7,0.414,1.5,2.6,4.1,0.5,0.3,0.5,0.5,1.6,2.2,0
2023,NBA,Jericho Sims,simsje01,24.0,NYK,C,52,16.0,15.6,1.6,2.1,0.776,0.0,0.0,0.0,1.6,2.0,0.783,0.776,0.2,0.3,0.75,1.9,2.8,4.7,0.5,0.3,0.5,0.5,1.8,3.4,0
2024,NBA,Jericho Sims,simsje01,25.0,NYK,C,45,11.0,13.0,0.8,1.2,0.691,0.0,0.0,0.0,0.8,1.2,0.691,0.691,0.4,0.5,0.667,1.2,2.0,3.3,0.6,0.2,0.4,0.4,1.0,2.0,0
2015,NBA,Jerome Jordan,jordaje01,28.0,BRK,C,44,0.0,8.7,1.1,2.1,0.532,0.0,0.0,0.0,1.1,2.1,0.532,0.532,0.9,1.0,0.864,1.2,1.2,2.4,0.3,0.2,0.3,0.5,1.3,3.1,0
2019,NBA,Jerome Robinson,robinje01,21.0,LAC,SG,33,0.0,9.7,1.3,3.3,0.4,0.5,1.7,0.316,0.8,1.6,0.491,0.482,0.2,0.3,0.667,0.1,1.2,1.2,0.6,0.3,0.1,0.4,1.4,3.4,0
2020,NBA,Jerome Robinson,robinje01,22.0,2TM,SG,63,6.0,15.5,1.8,4.9,0.371,0.8,2.4,0.32,1.0,2.5,0.42,0.45,0.6,0.9,0.702,0.2,1.8,2.0,1.4,0.4,0.3,0.8,1.8,5.1,0
2024,NBA,Jerome Robinson,robinje01,26.0,GSW,SG,22,0.0,3.7,0.5,1.5,0.333,0.1,0.8,0.118,0.4,0.7,0.563,0.364,0.3,0.5,0.636,0.0,0.2,0.3,0.2,0.0,0.1,0.1,0.2,1.4,0
2015,NBA,Jerryd Bayless,bayleje01,26.0,MIL,PG,77,4.0,22.3,2.9,6.7,0.426,0.5,1.6,0.308,2.4,5.1,0.462,0.462,1.6,1.8,0.883,0.3,2.5,2.7,3.0,0.8,0.2,1.7,2.1,7.8,0
2016,NBA,Jerryd Bayless,bayleje01,27.0,MIL,SG,52,18.0,28.9,3.6,8.4,0.423,1.9,4.4,0.437,1.6,4.0,0.408,0.539,1.3,1.7,0.778,0.4,2.3,2.7,3.1,0.9,0.2,1.4,2.1,10.4,0
2018,NBA,Jerryd Bayless,bayleje01,29.0,PHI,SG,39,11.0,23.7,2.8,6.7,0.416,1.4,3.7,0.37,1.4,3.0,0.474,0.519,0.9,1.1,0.795,0.4,1.7,2.1,1.4,0.6,0.2,1.2,2.3,7.9,0
2019,NBA,Jerryd Bayless,bayleje01,30.0,MIN,PG,34,6.0,19.3,2.4,6.8,0.357,0.9,2.9,0.296,1.6,3.9,0.402,0.42,0.5,0.8,0.571,0.3,1.5,1.8,3.5,0.5,0.1,0.9,1.6,6.1,0
2019,NBA,Jevon Carter,carteje01,23.0,MEM,PG,39,3.0,14.8,1.4,4.7,0.303,0.9,2.6,0.333,0.6,2.1,0.265,0.395,0.7,0.8,0.813,0.4,1.3,1.7,1.8,0.7,0.3,0.8,1.4,4.4,0
2020,NBA,Jevon Carter,carteje01,24.0,PHO,PG,58,2.0,16.3,1.7,4.2,0.416,1.1,2.5,0.425,0.7,1.7,0.402,0.543,0.4,0.5,0.852,0.5,1.5,2.0,1.4,0.8,0.3,0.6,1.5,4.9,0
2021,NBA,Jevon Carter,carteje01,25.0,PHO,PG,60,1.0,12.0,1.6,3.7,0.422,0.9,2.5,0.371,0.6,1.2,0.528,0.547,0.1,0.1,0.571,0.3,1.3,1.5,1.2,0.5,0.2,0.3,0.9,4.1,0
2022,NBA,Jevon Carter,carteje01,26.0,2TM,PG,66,3.0,13.7,1.5,3.8,0.387,1.0,2.6,0.388,0.5,1.3,0.386,0.518,0.2,0.3,0.833,0.2,1.5,1.7,1.5,0.4,0.2,0.5,1.0,4.2,0
2023,NBA,Jevon Carter,carteje01,27.0,MIL,PG,81,39.0,22.3,3.0,7.0,0.423,1.8,4.2,0.421,1.2,2.8,0.425,0.549,0.4,0.5,0.816,0.4,2.1,2.5,2.4,0.8,0.4,1.0,2.0,8.0,0
2024,NBA,Jevon Carter,carteje01,28.0,CHI,PG,72,0.0,13.9,1.9,5.1,0.378,1.1,3.3,0.329,0.8,1.8,0.466,0.484,0.1,0.1,0.571,0.2,0.7,0.8,1.3,0.5,0.2,0.5,1.0,5.0,0
2015,NBA,Jimmer Fredette,fredeji01,25.0,NOP,PG,50,0.0,10.2,1.3,3.3,0.38,0.2,1.0,0.188,1.1,2.4,0.458,0.407,0.9,0.9,0.956,0.2,0.6,0.8,1.2,0.3,0.0,0.7,0.9,3.6,0
2015,NBA,Jimmy Butler,butleji01,25.0,CHI,SG,65,65.0,38.7,6.5,14.0,0.462,1.1,3.0,0.378,5.4,11.1,0.484,0.502,5.9,7.1,0.834,1.8,4.1,5.8,3.3,1.8,0.6,1.4,1.7,20.0,1
2016,NBA,Jimmy Butler,butleji01,26.0,CHI,SG,67,67.0,36.9,7.0,15.4,0.454,1.0,3.1,0.312,6.1,12.4,0.489,0.485,5.9,7.1,0.832,1.2,4.2,5.3,4.8,1.6,0.6,2.0,1.9,20.9,1
2017,NBA,Jimmy Butler,butleji01,27.0,CHI,SF,76,75.0,37.0,7.5,16.5,0.455,1.2,3.3,0.367,6.3,13.2,0.477,0.492,7.7,8.9,0.865,1.7,4.5,6.2,5.5,1.9,0.4,2.1,1.5,23.9,1
2018,NBA,Jimmy Butler,butleji01,28.0,MIN,SG,59,59.0,36.7,7.4,15.6,0.474,1.2,3.4,0.35,6.2,12.2,0.509,0.512,6.2,7.2,0.854,1.3,4.0,5.3,4.9,2.0,0.4,1.8,1.3,22.2,1
2019,NBA,Jimmy Butler,butleji01,29.0,2TM,SG,65,65.0,33.6,6.4,13.9,0.462,1.0,3.0,0.347,5.4,10.9,0.494,0.499,4.8,5.6,0.855,1.9,3.4,5.3,4.0,1.9,0.6,1.5,1.7,18.7,0
2020,NBA,Jimmy Butler,butleji01,30.0,MIA,SF,58,58.0,33.8,5.9,13.1,0.455,0.5,2.1,0.244,5.4,11.0,0.495,0.474,7.6,9.1,0.834,1.8,4.8,6.7,6.0,1.8,0.6,2.2,1.4,19.9,1
2021,NBA,Jimmy Butler,butleji01,31.0,MIA,SF,52,52.0,33.6,7.0,14.2,0.497,0.5,2.0,0.245,6.6,12.2,0.538,0.514,6.9,8.0,0.863,1.8,5.1,6.9,7.1,2.1,0.3,2.1,1.4,21.5,0
2022,NBA,Jimmy Butler,butleji01,32.0,MIA,SF,57,57.0,33.9,7.0,14.5,0.48,0.5,2.0,0.233,6.5,12.5,0.52,0.496,6.9,8.0,0.87,1.8,4.1,5.9,5.5,1.6,0.5,2.1,1.5,21.4,1
2023,NBA,Jimmy Butler,butleji01,33.0,MIA,PF,64,64.0,33.4,7.5,13.9,0.539,0.6,1.6,0.35,6.9,12.3,0.564,0.56,7.4,8.7,0.85,2.2,3.7,5.9,5.3,1.8,0.3,1.6,1.3,22.9,0
2024,NBA,Jimmy Butler,butleji01,34.0,MIA,PF,60,60.0,34.0,6.6,13.2,0.499,1.0,2.4,0.414,5.6,10.8,0.519,0.537,6.6,7.7,0.858,1.8,3.6,5.3,5.0,1.3,0.3,1.7,1.1,20.8,0
2015,NBA,Joakim Noah,noahjo01,29.0,CHI,C,67,67.0,30.6,2.8,6.4,0.445,0.0,0.0,0.0,2.8,6.3,0.447,0.445,1.6,2.6,0.603,3.3,6.4,9.6,4.7,0.7,1.1,1.8,3.0,7.2,0
2016,NBA,Joakim Noah,noahjo01,30.0,CHI,C,29,2.0,21.9,1.8,4.6,0.383,0.0,0.0,0.0,1.8,4.6,0.386,0.383,0.8,1.6,0.489,3.0,5.8,8.8,3.8,0.6,1.0,1.8,2.7,4.3,0
2017,NBA,Joakim Noah,noahjo01,31.0,NYK,C,46,46.0,22.1,2.2,4.4,0.49,0.0,0.0,0.0,2.2,4.4,0.493,0.49,0.7,1.7,0.436,3.5,5.2,8.8,2.2,0.7,0.8,1.3,2.8,5.0,0
2019,NBA,Joakim Noah,noahjo01,33.0,MEM,C,42,1.0,16.5,2.6,5.1,0.516,0.0,0.0,0.0,2.6,5.0,0.519,0.516,1.9,2.6,0.716,1.4,4.3,5.7,2.1,0.5,0.7,1.2,2.3,7.1,0
2022,NBA,Jock Landale,landajo01,26.0,SAS,C,54,1.0,10.9,1.9,3.8,0.495,0.5,1.6,0.326,1.3,2.1,0.626,0.566,0.6,0.8,0.829,1.2,1.4,2.6,0.8,0.2,0.3,0.6,1.0,4.9,0
2023,NBA,Jock Landale,landajo01,27.0,PHO,C,69,4.0,14.2,2.6,4.9,0.528,0.3,1.2,0.25,2.3,3.7,0.621,0.559,1.1,1.5,0.752,1.7,2.3,4.1,1.0,0.2,0.4,0.9,1.8,6.6,0
2024,NBA,Jock Landale,landajo01,28.0,HOU,C,56,3.0,13.6,1.9,3.7,0.515,0.2,0.7,0.25,1.7,3.0,0.578,0.539,0.9,1.2,0.8,1.6,1.5,3.1,1.2,0.4,0.6,0.6,1.3,4.9,0
2015,NBA,Jodie Meeks,meeksjo01,27.0,DET,SG,60,0.0,24.4,3.7,8.9,0.416,1.2,3.5,0.349,2.5,5.4,0.46,0.485,2.4,2.7,0.906,0.2,1.5,1.7,1.3,1.0,0.1,1.0,1.3,11.1,0
2017,NBA,Jodie Meeks,meeksjo01,29.0,ORL,SG,36,10.0,20.5,2.9,7.1,0.402,1.6,3.8,0.409,1.3,3.3,0.395,0.512,1.8,2.1,0.878,0.1,2.0,2.1,1.3,0.9,0.1,1.0,1.1,9.1,0
2018,NBA,Jodie Meeks,meeksjo01,30.0,WAS,SG,77,0.0,14.5,2.0,5.1,0.399,0.9,2.7,0.343,1.1,2.4,0.464,0.491,1.3,1.5,0.863,0.2,1.4,1.6,0.9,0.4,0.1,0.5,0.7,6.3,0
2015,NBA,Joe Harris,harrijo01,23.0,CLE,SG,51,1.0,9.7,0.9,2.4,0.4,0.6,1.6,0.369,0.3,0.7,0.472,0.529,0.2,0.3,0.6,0.1,0.7,0.8,0.5,0.1,0.0,0.5,1.2,2.7,0
2017,NBA,Joe Harris,harrijo01,25.0,BRK,SG,52,11.0,21.9,3.0,7.0,0.425,1.6,4.3,0.385,1.3,2.7,0.489,0.543,0.7,0.9,0.714,0.3,2.5,2.8,1.0,0.6,0.2,1.1,2.3,8.2,0
2018,NBA,Joe Harris,harrijo01,26.0,BRK,SG,78,14.0,25.3,3.9,8.0,0.491,1.9,4.6,0.419,2.0,3.4,0.589,0.612,1.1,1.3,0.827,0.7,2.7,3.3,1.6,0.4,0.3,1.2,2.0,10.8,0
2019,NBA,Joe Harris,harrijo01,27.0,BRK,SG,76,76.0,30.2,4.9,9.8,0.5,2.4,5.1,0.474,2.5,4.8,0.528,0.622,1.4,1.8,0.827,0.7,3.1,3.8,2.4,0.5,0.2,1.6,2.4,13.7,0
2020,NBA,Joe Harris,harrijo01,28.0,BRK,SF,69,69.0,30.8,5.5,11.4,0.486,2.5,5.9,0.424,3.0,5.5,0.553,0.596,0.9,1.3,0.719,0.9,3.4,4.3,2.1,0.6,0.2,1.5,2.3,14.5,0
2021,NBA,Joe Harris,harrijo01,29.0,BRK,SF,69,65.0,31.0,5.2,10.2,0.505,3.1,6.4,0.475,2.1,3.8,0.555,0.654,0.7,0.9,0.778,0.6,3.0,3.6,1.9,0.7,0.2,0.9,2.0,14.1,0
2023,NBA,Joe Harris,harrijo01,31.0,BRK,SF,74,33.0,20.6,2.7,5.9,0.457,1.9,4.5,0.426,0.8,1.4,0.551,0.618,0.2,0.4,0.643,0.3,1.9,2.2,1.4,0.5,0.2,0.6,1.9,7.6,0
2015,NBA,Joe Ingles,inglejo01,27.0,UTA,SF,79,32.0,21.2,1.9,4.5,0.415,0.9,2.6,0.356,0.9,1.9,0.493,0.517,0.4,0.5,0.75,0.3,1.9,2.2,2.3,0.9,0.1,1.2,1.6,5.0,0
2016,NBA,Joe Ingles,inglejo01,28.0,UTA,SF,81,2.0,15.3,1.5,3.6,0.426,1.0,2.6,0.386,0.5,1.0,0.531,0.565,0.2,0.2,0.722,0.2,1.6,1.9,1.2,0.7,0.0,0.8,1.2,4.2,0
2017,NBA,Joe Ingles,inglejo01,29.0,UTA,SF,82,26.0,24.0,2.5,5.5,0.452,1.5,3.4,0.441,1.0,2.1,0.471,0.589,0.6,0.8,0.735,0.3,2.9,3.2,2.7,1.2,0.1,1.3,2.0,7.1,0
2018,NBA,Joe Ingles,inglejo01,30.0,UTA,SF,82,81.0,31.4,4.1,8.8,0.467,2.5,5.7,0.44,1.6,3.1,0.516,0.609,0.8,1.0,0.795,0.3,3.9,4.2,4.8,1.1,0.2,1.9,2.2,11.5,0
2019,NBA,Joe Ingles,inglejo01,31.0,UTA,PF,82,82.0,31.3,4.4,9.8,0.448,2.3,5.9,0.391,2.1,3.9,0.533,0.565,1.1,1.5,0.707,0.4,3.6,4.0,5.7,1.2,0.2,2.4,2.2,12.1,0
2020,NBA,Joe Ingles,inglejo01,32.0,UTA,PF,72,45.0,29.7,3.4,7.7,0.445,2.0,4.9,0.399,1.5,2.8,0.525,0.572,1.0,1.3,0.787,0.4,3.5,3.9,5.2,0.9,0.2,2.0,2.1,9.8,0
2021,NBA,Joe Ingles,inglejo01,33.0,UTA,SF,67,30.0,27.9,4.1,8.4,0.489,2.7,6.1,0.451,1.4,2.3,0.59,0.652,1.1,1.3,0.844,0.4,3.2,3.6,4.7,0.7,0.2,1.7,1.8,12.1,0
2022,NBA,Joe Ingles,inglejo01,34.0,UTA,SF,45,15.0,24.9,2.6,6.3,0.404,1.7,5.0,0.347,0.8,1.3,0.617,0.54,0.4,0.5,0.773,0.3,2.6,2.9,3.5,0.5,0.1,1.0,1.8,7.2,0
2023,NBA,Joe Ingles,inglejo01,35.0,MIL,SF,46,0.0,22.7,2.3,5.4,0.435,1.8,4.4,0.409,0.5,1.0,0.556,0.603,0.4,0.5,0.857,0.3,2.5,2.8,3.3,0.7,0.1,1.2,1.6,6.9,0
2024,NBA,Joe Ingles,inglejo01,36.0,ORL,SF,68,0.0,17.2,1.5,3.3,0.436,1.0,2.4,0.435,0.4,1.0,0.439,0.59,0.4,0.5,0.824,0.3,1.8,2.1,3.0,0.6,0.1,1.0,1.3,4.4,0
2015,NBA,Joe Johnson,johnsjo02,33.0,BRK,SG,80,80.0,34.9,5.6,12.8,0.435,1.5,4.2,0.359,4.1,8.6,0.472,0.494,1.8,2.2,0.801,0.7,4.1,4.8,3.7,0.7,0.2,1.7,1.5,14.4,0
2016,NBA,Joe Johnson,johnsjo02,34.0,2TM,SF,81,81.0,33.4,4.7,10.6,0.439,1.5,3.9,0.383,3.2,6.7,0.471,0.509,1.5,1.8,0.831,0.6,3.0,3.6,3.9,0.8,0.0,2.0,1.8,12.2,0
2017,NBA,Joe Johnson,johnsjo02,35.0,UTA,SF,78,14.0,23.6,3.5,8.0,0.436,1.4,3.3,0.411,2.1,4.7,0.454,0.521,0.8,1.0,0.818,0.4,2.7,3.1,1.8,0.5,0.2,0.9,1.2,9.2,0
2018,NBA,Joe Johnson,johnsjo02,36.0,2TM,SF,55,4.0,21.9,2.7,6.5,0.406,0.7,2.6,0.276,1.9,3.9,0.493,0.461,0.7,0.8,0.889,0.3,2.9,3.1,1.5,0.3,0.1,0.9,1.2,6.8,0
2022,NBA,Joe Wieskamp,wieskjo01,22.0,SAS,SG,29,0.0,7.1,0.7,1.9,0.357,0.5,1.5,0.326,0.2,0.4,0.462,0.482,0.2,0.4,0.538,0.1,0.3,0.5,0.3,0.1,0.1,0.1,0.5,2.1,0
2016,NBA,Joe Young,youngjo01,23.0,IND,PG,41,0.0,9.4,1.5,4.1,0.367,0.2,1.1,0.217,1.3,3.0,0.423,0.396,0.5,0.6,0.8,0.1,1.1,1.2,1.6,0.4,0.0,0.8,0.7,3.8,0
2017,NBA,Joe Young,youngjo01,24.0,IND,PG,33,0.0,4.1,0.8,2.2,0.361,0.2,0.7,0.217,0.6,1.5,0.429,0.396,0.3,0.5,0.733,0.0,0.5,0.5,0.5,0.1,0.0,0.2,0.2,2.1,0
2018,NBA,Joe Young,youngjo01,25.0,IND,PG,53,1.0,10.5,1.5,3.5,0.43,0.5,1.2,0.379,1.0,2.3,0.458,0.497,0.4,0.5,0.759,0.2,1.0,1.2,0.7,0.3,0.0,0.5,0.7,3.9,0
2015,NBA,Joel Anthony,anthojo01,32.0,DET,C,49,0.0,8.3,0.7,1.3,0.581,0.0,0.0,0.0,0.7,1.3,0.581,0.581,0.3,0.4,0.682,0.7,1.2,1.9,0.1,0.2,1.0,0.2,1.1,1.8,0
2017,NBA,Joel Embiid,embiijo01,22.0,PHI,C,31,31.0,25.4,6.5,13.8,0.466,1.2,3.2,0.367,5.3,10.7,0.495,0.508,6.2,7.9,0.783,2.0,5.9,7.8,2.1,0.9,2.5,3.8,3.6,20.2,0
2018,NBA,Joel Embiid,embiijo01,23.0,PHI,C,63,63.0,30.3,8.1,16.8,0.483,1.0,3.4,0.308,7.0,13.4,0.527,0.514,5.7,7.4,0.769,2.3,8.7,11.0,3.2,0.6,1.8,3.7,3.3,22.9,1
2019,NBA,Joel Embiid,embiijo01,24.0,PHI,C,64,64.0,33.7,9.1,18.7,0.484,1.2,4.1,0.3,7.8,14.6,0.535,0.517,8.2,10.1,0.804,2.5,11.1,13.6,3.7,0.7,1.9,3.5,3.3,27.5,1
2020,NBA,Joel Embiid,embiijo01,25.0,PHI,C,51,51.0,29.5,7.5,15.7,0.477,1.1,3.4,0.331,6.4,12.3,0.517,0.512,6.9,8.5,0.807,2.8,8.9,11.6,3.0,0.9,1.3,3.1,3.4,23.0,1
2021,NBA,Joel Embiid,embiijo01,26.0,PHI,C,51,51.0,31.1,9.0,17.6,0.513,1.1,3.0,0.377,7.9,14.6,0.541,0.545,9.2,10.7,0.859,2.2,8.4,10.6,2.8,1.0,1.4,3.1,2.4,28.5,1
2022,NBA,Joel Embiid,embiijo01,27.0,PHI,C,68,68.0,33.8,9.8,19.6,0.499,1.4,3.7,0.371,8.4,15.9,0.529,0.534,9.6,11.8,0.814,2.1,9.6,11.7,4.2,1.1,1.5,3.1,2.7,30.6,1
2023,NBA,Joel Embiid,embiijo01,28.0,PHI,C,66,66.0,34.6,11.0,20.1,0.548,1.0,3.0,0.33,10.0,17.1,0.587,0.573,10.0,11.7,0.857,1.7,8.4,10.2,4.2,1.0,1.7,3.4,3.1,33.1,1
2024,NBA,Joel Embiid,embiijo01,29.0,PHI,C,39,39.0,33.6,11.5,21.8,0.529,1.4,3.6,0.388,10.2,18.3,0.556,0.561,10.2,11.6,0.883,2.4,8.6,11.0,5.6,1.2,1.7,3.8,2.9,34.7,1
2015,NBA,Joel Freeland,freeljo01,27.0,POR,C,48,8.0,12.9,1.5,3.1,0.49,0.0,0.0,0.0,1.5,3.1,0.49,0.49,0.4,0.5,0.84,1.3,2.7,4.0,0.3,0.2,0.5,0.5,1.9,3.5,0
2015,NBA,Joey Dorsey,dorsejo01,31.0,HOU,PF,69,17.0,12.4,1.2,2.1,0.552,0.0,0.0,0.0,1.2,2.1,0.556,0.552,0.3,1.2,0.289,1.5,2.6,4.0,0.4,0.6,0.4,0.6,2.3,2.7,0
2015,NBA,Joffrey Lauvergne,lauvejo01,23.0,DEN,C,24,1.0,11.2,1.5,3.7,0.404,0.1,0.7,0.188,1.4,3.0,0.452,0.421,0.8,1.2,0.643,1.1,2.1,3.2,0.5,0.3,0.4,0.9,1.8,3.9,0
2016,NBA,Joffrey Lauvergne,lauvejo01,24.0,DEN,C,59,15.0,17.6,3.3,6.4,0.513,0.2,0.9,0.245,3.1,5.5,0.557,0.53,1.1,1.2,0.899,1.3,3.6,4.9,0.9,0.2,0.3,0.9,1.9,7.9,0
2017,NBA,Joffrey Lauvergne,lauvejo01,25.0,2TM,C,70,1.0,14.0,2.1,4.8,0.44,0.5,1.4,0.337,1.6,3.4,0.483,0.49,0.7,1.0,0.63,1.0,2.6,3.6,1.0,0.4,0.1,0.8,1.2,5.4,0
2018,NBA,Joffrey Lauvergne,lauvejo01,26.0,SAS,C,55,1.0,9.7,1.8,3.5,0.516,0.0,0.1,0.0,1.8,3.4,0.53,0.516,0.5,0.9,0.638,1.1,2.0,3.1,0.7,0.2,0.1,0.6,0.8,4.1,0
2018,NBA,John Collins,collijo01,20.0,ATL,PF,74,26.0,24.1,4.2,7.4,0.576,0.2,0.6,0.34,4.0,6.7,0.598,0.591,1.8,2.5,0.715,2.4,4.9,7.3,1.3,0.6,1.1,1.4,2.9,10.5,0
2019,NBA,John Collins,collijo01,21.0,ATL,PF,61,59.0,30.0,7.6,13.6,0.56,0.9,2.6,0.348,6.7,11.0,0.609,0.593,3.3,4.4,0.763,3.6,6.2,9.8,2.0,0.4,0.6,2.0,3.3,19.5,0
2020,NBA,John Collins,collijo01,22.0,ATL,PF,41,41.0,33.2,8.6,14.8,0.583,1.4,3.6,0.401,7.2,11.2,0.642,0.632,2.9,3.7,0.8,2.8,7.3,10.1,1.5,0.8,1.6,1.8,3.4,21.6,0
2021,NBA,John Collins,collijo01,23.0,ATL,PF,63,63.0,29.3,6.8,12.2,0.556,1.3,3.3,0.399,5.5,8.9,0.615,0.61,2.7,3.2,0.833,1.9,5.5,7.4,1.2,0.5,1.0,1.3,3.1,17.6,0
2022,NBA,John Collins,collijo01,24.0,ATL,PF,54,53.0,30.8,6.3,11.9,0.526,1.2,3.3,0.364,5.1,8.7,0.588,0.576,2.5,3.1,0.793,1.7,6.1,7.8,1.8,0.6,1.0,1.1,3.0,16.2,0
2023,NBA,John Collins,collijo01,25.0,ATL,PF,71,71.0,30.0,5.1,10.0,0.508,1.0,3.4,0.292,4.1,6.6,0.619,0.557,2.0,2.5,0.803,1.1,5.4,6.5,1.2,0.6,1.0,1.1,3.1,13.1,0
2024,NBA,John Collins,collijo01,26.0,UTA,PF,68,66.0,28.0,5.8,11.0,0.532,1.3,3.4,0.371,4.6,7.6,0.605,0.59,2.2,2.7,0.795,2.3,6.1,8.5,1.1,0.6,0.9,1.4,2.8,15.1,0
2015,NBA,John Henson,hensojo01,24.0,MIL,C,67,11.0,18.3,2.9,5.2,0.566,0.0,0.0,0.0,2.9,5.2,0.566,0.566,1.2,2.0,0.569,1.9,2.8,4.7,0.9,0.4,2.0,1.3,2.3,7.0,0
2016,NBA,John Henson,hensojo01,25.0,MIL,C,57,1.0,16.8,2.9,5.1,0.564,0.0,0.0,0.0,2.9,5.1,0.566,0.564,1.2,2.1,0.59,1.5,2.4,3.9,0.9,0.3,1.9,1.1,2.3,7.0,0
2017,NBA,John Henson,hensojo01,26.0,MIL,C,58,39.0,19.4,2.7,5.3,0.515,0.0,0.0,0.0,2.7,5.3,0.516,0.515,1.3,1.8,0.692,1.6,3.5,5.1,1.0,0.5,1.3,0.9,2.6,6.8,0
2018,NBA,John Henson,hensojo01,27.0,MIL,C,76,69.0,25.9,3.8,6.6,0.572,0.0,0.1,0.143,3.8,6.5,0.578,0.573,1.2,2.1,0.57,2.0,4.8,6.8,1.5,0.6,1.4,1.1,2.7,8.8,0
2020,NBA,John Henson,hensojo01,29.0,2TM,C,40,8.0,15.0,2.4,4.3,0.556,0.2,0.9,0.222,2.2,3.4,0.644,0.579,0.6,1.2,0.5,1.2,2.9,4.1,1.4,0.6,1.1,0.9,2.0,5.5,0
2018,NBA,John Holland,hollajo02,29.0,CLE,SF,24,0.0,7.3,0.7,2.5,0.288,0.5,1.5,0.306,0.3,1.0,0.261,0.381,0.4,0.5,0.692,0.3,0.8,1.0,0.2,0.3,0.1,0.3,0.4,2.3,0
2015,NBA,John Jenkins,jenkijo01,23.0,ATL,SG,24,3.0,12.4,2.0,4.1,0.495,0.9,2.2,0.404,1.2,2.0,0.596,0.601,0.7,0.8,0.842,0.1,1.5,1.6,0.5,0.4,0.0,0.3,0.6,5.6,0
2016,NBA,John Jenkins,jenkijo01,24.0,2TM,SG,43,3.0,11.2,1.7,3.7,0.444,0.4,1.2,0.314,1.3,2.5,0.505,0.494,0.5,0.6,0.833,0.2,1.1,1.3,0.8,0.2,0.0,0.6,0.5,4.1,0
2019,NBA,John Jenkins,jenkijo01,27.0,2TM,SG,26,0.0,12.8,1.6,4.0,0.4,0.8,2.2,0.379,0.8,1.8,0.426,0.505,0.6,0.7,0.833,0.2,1.2,1.4,0.8,0.0,0.1,0.3,0.4,4.7,0
2021,NBA,John Konchar,konchjo01,24.0,MEM,SG,43,0.0,13.4,1.6,3.2,0.5,0.5,1.3,0.375,1.1,1.9,0.585,0.576,0.6,0.7,0.833,0.8,2.2,3.0,1.1,0.7,0.2,0.4,0.9,4.3,0
2022,NBA,John Konchar,konchjo01,25.0,MEM,SG,72,7.0,17.9,1.9,3.6,0.515,0.7,1.8,0.413,1.2,1.9,0.61,0.615,0.4,0.7,0.551,1.2,3.4,4.6,1.5,0.6,0.3,0.4,1.3,4.8,0
2023,NBA,John Konchar,konchjo01,26.0,MEM,SF,72,23.0,20.8,1.9,4.4,0.431,0.8,2.5,0.339,1.1,2.0,0.545,0.525,0.4,0.5,0.778,0.9,3.4,4.3,1.4,1.1,0.3,0.5,1.6,5.1,0
2024,NBA,John Konchar,konchjo01,27.0,MEM,SF,55,23.0,21.3,1.6,3.8,0.423,0.7,2.2,0.317,0.9,1.6,0.568,0.514,0.4,0.5,0.84,1.3,3.4,4.7,2.0,0.9,0.9,0.8,1.4,4.3,0
2015,NBA,John Lucas III,lucasjo02,32.0,DET,PG,21,0.0,13.0,2.0,5.0,0.404,0.4,1.4,0.31,1.6,3.6,0.44,0.447,0.2,0.2,1.0,0.2,0.6,0.8,2.9,0.4,0.0,0.8,0.9,4.7,0
2015,NBA,John Salmons,salmojo01,35.0,NOP,SF,21,0.0,12.9,0.8,2.3,0.333,0.4,1.2,0.308,0.4,1.0,0.364,0.417,0.1,0.2,0.5,0.2,0.8,1.0,0.6,0.4,0.2,0.2,1.2,2.0,0
2015,NBA,John Wall,walljo01,24.0,WAS,PG,79,79.0,35.9,6.6,14.8,0.445,0.8,2.7,0.3,5.7,12.0,0.478,0.473,3.6,4.6,0.785,0.5,4.2,4.6,10.0,1.7,0.6,3.8,2.3,17.6,1
2016,NBA,John Wall,walljo01,25.0,WAS,PG,77,77.0,36.2,7.4,17.5,0.424,1.5,4.3,0.351,5.9,13.3,0.448,0.467,3.5,4.5,0.791,0.5,4.4,4.9,10.2,1.9,0.8,4.1,2.1,19.9,1
2017,NBA,John Wall,walljo01,26.0,WAS,PG,78,78.0,36.4,8.3,18.4,0.451,1.1,3.5,0.327,7.2,14.9,0.48,0.482,5.4,6.8,0.801,0.8,3.4,4.2,10.7,2.0,0.6,4.1,1.9,23.1,1
2018,NBA,John Wall,walljo01,27.0,WAS,PG,41,41.0,34.4,6.8,16.3,0.42,1.5,4.1,0.371,5.3,12.2,0.436,0.466,4.3,5.9,0.726,0.5,3.1,3.7,9.6,1.4,1.1,3.9,2.0,19.4,1
2019,NBA,John Wall,walljo01,28.0,WAS,PG,32,32.0,34.5,7.7,17.3,0.444,1.6,5.3,0.302,6.1,12.0,0.507,0.49,3.8,5.5,0.697,0.5,3.2,3.6,8.7,1.5,0.9,3.8,2.2,20.7,0
2021,NBA,John Wall,walljo01,30.0,HOU,PG,40,40.0,32.2,7.3,18.2,0.404,2.0,6.2,0.317,5.4,11.9,0.449,0.458,4.0,5.3,0.749,0.4,2.8,3.2,6.9,1.1,0.8,3.5,1.2,20.6,0
2023,NBA,John Wall,walljo01,32.0,LAC,PG,34,3.0,22.2,4.1,9.9,0.408,1.0,3.2,0.303,3.1,6.7,0.459,0.457,2.3,3.3,0.681,0.4,2.3,2.7,5.2,0.8,0.4,2.4,1.7,11.4,0
2019,NBA,Johnathan Motley,motlejo01,23.0,LAC,PF,22,0.0,7.1,1.8,3.3,0.534,0.0,0.1,0.0,1.8,3.2,0.557,0.534,1.1,1.8,0.6,0.8,1.5,2.3,0.5,0.2,0.1,0.7,1.2,4.6,0
2019,NBA,Johnathan Williams,willijo04,23.0,LAL,C,24,0.0,15.5,2.7,4.6,0.591,0.0,0.1,0.0,2.7,4.5,0.602,0.591,1.1,2.0,0.563,2.0,2.1,4.1,0.5,0.3,0.3,0.7,2.6,6.5,0
2023,NBA,Johnny Davis,davisjo06,20.0,WAS,SG,28,5.0,15.1,2.4,6.1,0.386,0.6,2.5,0.243,1.8,3.6,0.485,0.436,0.5,1.0,0.519,0.4,2.0,2.3,1.0,0.4,0.3,0.6,1.7,5.8,0
2024,NBA,Johnny Davis,davisjo06,21.0,WAS,SG,50,6.0,12.3,1.2,3.1,0.403,0.3,0.8,0.35,1.0,2.3,0.421,0.448,0.3,0.5,0.583,0.4,1.1,1.4,0.6,0.4,0.2,0.3,1.1,3.0,0
2024,NBA,Johnny Juzang,juzanjo01,22.0,UTA,SG,20,5.0,18.6,2.6,5.5,0.464,1.6,3.9,0.416,1.0,1.7,0.576,0.609,0.5,0.7,0.714,0.4,1.5,1.8,1.2,0.2,0.1,0.7,1.5,7.2,0
2015,NBA,Johnny O'Bryant,obryajo01,21.0,MIL,PF,34,15.0,10.8,1.3,3.5,0.367,0.0,0.0,0.0,1.3,3.5,0.367,0.367,0.4,0.8,0.444,0.8,1.1,1.9,0.5,0.1,0.1,0.7,1.3,2.9,0
2016,NBA,Johnny O'Bryant,obryajo01,22.0,MIL,PF,66,4.0,13.0,1.3,3.2,0.411,0.0,0.0,1.0,1.3,3.2,0.409,0.414,0.4,0.6,0.675,1.0,1.7,2.7,0.5,0.3,0.1,0.5,1.5,3.0,0
2018,NBA,Johnny O'Bryant,obryajo01,24.0,CHO,PF,36,0.0,10.5,1.9,4.8,0.398,0.4,1.2,0.326,1.5,3.6,0.422,0.439,0.6,0.7,0.84,0.8,1.8,2.6,0.4,0.3,0.2,0.4,1.3,4.8,0
2015,NBA,Jon Leuer,leuerjo01,25.0,MEM,PF,63,6.0,13.1,1.9,4.3,0.443,0.1,0.5,0.241,1.8,3.9,0.467,0.456,0.6,0.9,0.627,0.8,2.5,3.3,0.7,0.3,0.1,0.6,1.4,4.5,0
2016,NBA,Jon Leuer,leuerjo01,26.0,PHO,PF,67,27.0,18.7,3.3,7.0,0.481,0.6,1.6,0.382,2.7,5.3,0.511,0.526,1.1,1.5,0.762,1.1,4.4,5.6,1.1,0.6,0.4,1.1,1.9,8.5,0
2017,NBA,Jon Leuer,leuerjo01,27.0,DET,PF,75,34.0,25.9,4.1,8.6,0.48,0.7,2.2,0.293,3.5,6.4,0.545,0.518,1.3,1.5,0.867,1.4,4.0,5.4,1.5,0.4,0.3,0.9,1.9,10.2,0
2019,NBA,Jon Leuer,leuerjo01,29.0,DET,PF,41,1.0,9.8,1.6,2.8,0.584,0.0,0.3,0.091,1.6,2.5,0.637,0.588,0.6,0.8,0.742,0.7,1.7,2.4,0.3,0.3,0.1,0.6,1.5,3.8,0
2019,NBA,Jonah Bolden,boldejo01,23.0,PHI,PF,44,10.0,14.5,1.8,3.7,0.494,0.8,2.2,0.354,1.0,1.5,0.697,0.599,0.3,0.6,0.481,1.1,2.7,3.8,0.9,0.4,0.9,0.8,2.3,4.7,0
2015,NBA,Jonas Jerebko,jerebjo01,27.0,2TM,PF,75,0.0,16.4,2.3,5.1,0.446,0.7,1.9,0.386,1.5,3.2,0.481,0.517,0.7,0.9,0.848,1.2,2.5,3.8,0.9,0.6,0.2,0.6,1.8,6.0,0
2016,NBA,Jonas Jerebko,jerebjo01,28.0,BOS,PF,78,0.0,15.1,1.5,3.7,0.413,0.6,1.4,0.398,1.0,2.3,0.421,0.488,0.8,1.0,0.782,1.0,2.7,3.7,0.8,0.3,0.3,0.7,1.8,4.4,0
2017,NBA,Jonas Jerebko,jerebjo01,29.0,BOS,PF,78,6.0,15.8,1.5,3.4,0.435,0.6,1.7,0.346,0.9,1.7,0.523,0.521,0.3,0.5,0.703,0.8,2.7,3.5,0.9,0.3,0.2,0.5,1.6,3.8,0
2018,NBA,Jonas Jerebko,jerebjo01,30.0,UTA,PF,74,19.0,15.3,2.1,4.6,0.466,0.9,2.1,0.414,1.3,2.5,0.511,0.562,0.6,0.8,0.807,0.7,2.6,3.3,0.6,0.3,0.2,0.4,1.7,5.8,0
2019,NBA,Jonas Jerebko,jerebjo01,31.0,GSW,PF,73,6.0,16.7,2.2,4.9,0.459,0.9,2.6,0.367,1.3,2.3,0.563,0.556,0.9,1.1,0.8,1.0,3.0,3.9,1.3,0.4,0.2,0.6,1.9,6.3,0
2015,NBA,Jonas Valančiūnas,valanjo01,22.0,TOR,C,80,80.0,26.2,4.7,8.2,0.572,0.0,0.0,0.0,4.7,8.1,0.573,0.572,2.7,3.5,0.786,2.7,6.0,8.7,0.5,0.4,1.2,1.4,2.8,12.0,0
2016,NBA,Jonas Valančiūnas,valanjo01,23.0,TOR,C,60,59.0,26.0,5.1,8.9,0.565,0.0,0.0,0.0,5.1,8.9,0.565,0.565,2.7,3.6,0.761,3.1,6.1,9.1,0.7,0.4,1.3,1.4,2.6,12.8,0
2017,NBA,Jonas Valančiūnas,valanjo01,24.0,TOR,C,80,80.0,25.8,4.9,8.8,0.557,0.0,0.0,0.5,4.9,8.8,0.557,0.558,2.2,2.7,0.811,2.8,6.7,9.5,0.7,0.5,0.8,1.3,2.7,12.0,0
2018,NBA,Jonas Valančiūnas,valanjo01,25.0,TOR,C,77,77.0,22.4,5.1,8.9,0.568,0.4,1.0,0.405,4.7,8.0,0.587,0.59,2.2,2.7,0.806,2.4,6.2,8.6,1.1,0.4,0.9,1.5,2.5,12.7,0
2019,NBA,Jonas Valančiūnas,valanjo01,26.0,2TM,C,49,27.0,22.3,6.1,11.0,0.559,0.3,1.0,0.292,5.9,10.0,0.586,0.572,3.0,3.8,0.795,2.2,6.4,8.6,1.4,0.4,1.1,1.8,3.0,15.6,0
2020,NBA,Jonas Valančiūnas,valanjo01,27.0,MEM,C,70,70.0,26.4,6.2,10.6,0.585,0.5,1.3,0.352,5.7,9.3,0.617,0.606,2.1,2.9,0.74,3.0,8.2,11.3,1.9,0.4,1.1,1.8,2.6,14.9,0
2021,NBA,Jonas Valančiūnas,valanjo01,28.0,MEM,C,62,61.0,28.3,7.1,12.0,0.592,0.3,0.9,0.368,6.8,11.1,0.611,0.606,2.5,3.3,0.773,4.1,8.4,12.5,1.8,0.6,0.9,1.6,2.9,17.1,0
2022,NBA,Jonas Valančiūnas,valanjo01,29.0,NOP,C,74,74.0,30.3,6.9,12.7,0.544,0.8,2.1,0.361,6.1,10.5,0.581,0.574,3.2,3.9,0.82,3.1,8.3,11.4,2.6,0.6,0.8,2.4,3.3,17.8,0
2023,NBA,Jonas Valančiūnas,valanjo01,30.0,NOP,C,79,79.0,24.9,5.6,10.3,0.547,0.5,1.4,0.349,5.2,8.9,0.577,0.57,2.3,2.8,0.826,2.8,7.3,10.2,1.8,0.3,0.7,2.0,3.1,14.1,0
2024,NBA,Jonas Valančiūnas,valanjo01,31.0,NOP,C,82,82.0,23.5,4.9,8.8,0.559,0.5,1.5,0.308,4.5,7.3,0.609,0.585,2.0,2.5,0.785,2.3,6.5,8.8,2.1,0.4,0.8,1.4,2.7,12.2,0
2018,NBA,Jonathan Isaac,isaacjo01,20.0,ORL,PF,27,10.0,19.9,2.0,5.4,0.379,0.6,1.7,0.348,1.4,3.7,0.394,0.434,0.7,0.9,0.76,0.6,3.1,3.7,0.7,1.2,1.1,1.0,1.8,5.4,0
2019,NBA,Jonathan Isaac,isaacjo01,21.0,ORL,PF,75,64.0,26.6,3.5,8.1,0.429,1.1,3.5,0.323,2.3,4.6,0.51,0.499,1.5,1.8,0.815,1.3,4.2,5.5,1.1,0.8,1.3,1.0,1.9,9.6,0
2020,NBA,Jonathan Isaac,isaacjo01,22.0,ORL,PF,34,32.0,28.8,4.6,9.8,0.47,0.9,2.8,0.34,3.6,7.0,0.521,0.518,1.8,2.3,0.779,1.7,5.1,6.8,1.4,1.6,2.3,1.4,2.4,11.9,0
2024,NBA,Jonathan Isaac,isaacjo01,26.0,ORL,PF,58,2.0,15.8,2.5,4.9,0.51,0.7,1.9,0.375,1.8,3.0,0.598,0.584,1.0,1.4,0.72,1.3,3.2,4.5,0.5,0.7,1.2,0.5,1.1,6.8,0
2022,NBA,Jonathan Kuminga,kuminjo01,19.0,GSW,SF,70,12.0,16.9,3.4,6.6,0.513,0.7,2.1,0.336,2.7,4.4,0.598,0.567,1.9,2.7,0.684,0.8,2.6,3.3,0.9,0.4,0.3,1.1,2.1,9.3,0
2023,NBA,Jonathan Kuminga,kuminjo01,20.0,GSW,PF,67,16.0,20.8,3.9,7.4,0.525,0.8,2.2,0.37,3.1,5.2,0.59,0.579,1.3,2.1,0.652,1.0,2.4,3.4,1.9,0.6,0.5,1.4,2.3,9.9,0
2024,NBA,Jonathan Kuminga,kuminjo01,21.0,GSW,PF,74,46.0,26.3,6.2,11.6,0.529,0.7,2.2,0.321,5.4,9.4,0.578,0.56,3.0,4.0,0.746,1.2,3.6,4.8,2.2,0.7,0.5,1.6,2.3,16.1,0
2016,NBA,Jonathon Simmons,simmojo02,26.0,SAS,SG,55,2.0,14.8,2.2,4.4,0.504,0.3,0.9,0.383,1.9,3.5,0.533,0.541,1.3,1.7,0.75,0.3,1.5,1.7,1.1,0.4,0.1,1.0,1.9,6.0,0
2017,NBA,Jonathon Simmons,simmojo02,27.0,SAS,SG,78,8.0,17.8,2.3,5.4,0.42,0.4,1.3,0.294,1.9,4.1,0.461,0.456,1.3,1.7,0.75,0.3,1.8,2.1,1.6,0.6,0.3,1.0,1.9,6.2,0
2018,NBA,Jonathon Simmons,simmojo02,28.0,ORL,SG,69,50.0,29.4,5.1,11.0,0.465,1.0,3.0,0.338,4.1,8.1,0.512,0.511,2.7,3.5,0.768,0.9,2.6,3.5,2.5,0.8,0.2,2.1,2.5,13.9,0
2019,NBA,Jonathon Simmons,simmojo02,29.0,2TM,SG,56,9.0,19.0,2.4,6.3,0.38,0.5,1.9,0.269,1.9,4.4,0.427,0.42,1.3,1.7,0.742,0.5,1.8,2.3,2.3,0.5,0.3,1.2,1.6,6.5,0
2024,NBA,Jontay Porter,portejo01,24.0,TOR,PF,26,5.0,13.8,1.5,4.0,0.385,0.8,2.3,0.333,0.8,1.7,0.455,0.481,0.6,0.7,0.833,1.0,2.2,3.2,2.3,0.8,0.8,0.8,1.3,4.4,0
2015,NBA,Jordan Adams,adamsjo01,20.0,MEM,SG,30,0.0,8.3,1.2,2.9,0.407,0.3,0.8,0.4,0.8,2.0,0.41,0.465,0.5,0.8,0.609,0.3,0.6,0.9,0.5,0.5,0.2,0.5,0.8,3.1,0
2018,NBA,Jordan Bell,belljo01,23.0,GSW,C,57,13.0,14.2,2.0,3.2,0.627,0.0,0.1,0.0,2.0,3.2,0.641,0.627,0.5,0.8,0.682,1.1,2.6,3.6,1.8,0.6,1.0,0.9,1.6,4.6,0
2019,NBA,Jordan Bell,belljo01,24.0,GSW,C,68,3.0,11.6,1.5,2.8,0.516,0.0,0.0,0.0,1.5,2.8,0.521,0.516,0.4,0.6,0.61,0.8,1.9,2.7,1.1,0.3,0.8,0.6,1.2,3.3,0
2020,NBA,Jordan Bell,belljo01,25.0,2TM,C,29,0.0,8.8,1.2,2.3,0.522,0.1,0.4,0.333,1.1,1.9,0.564,0.552,0.7,1.1,0.613,1.0,1.8,2.8,0.6,0.1,0.3,0.7,0.7,3.2,0
2015,NBA,Jordan Clarkson,clarkjo01,22.0,LAL,PG,59,38.0,25.0,4.5,10.1,0.448,0.6,2.1,0.314,3.9,8.1,0.482,0.48,2.2,2.7,0.829,0.9,2.3,3.2,3.5,0.9,0.2,1.6,1.8,11.9,0
2016,NBA,Jordan Clarkson,clarkjo01,23.0,LAL,SG,79,79.0,32.3,6.0,13.9,0.433,1.4,4.1,0.347,4.6,9.8,0.468,0.483,2.1,2.6,0.804,1.2,2.8,4.0,2.4,1.1,0.1,1.7,2.1,15.5,0
2017,NBA,Jordan Clarkson,clarkjo01,24.0,LAL,SG,82,19.0,29.2,5.8,13.1,0.445,1.4,4.3,0.329,4.4,8.7,0.503,0.5,1.6,2.0,0.798,0.6,2.4,3.0,2.6,1.1,0.1,2.0,1.8,14.7,0
2018,NBA,Jordan Clarkson,clarkjo01,25.0,2TM,SG,81,2.0,23.3,5.3,11.8,0.451,1.4,3.9,0.352,3.9,7.9,0.5,0.509,1.9,2.3,0.8,0.7,2.0,2.7,2.7,0.7,0.1,1.6,1.3,13.9,0
2019,NBA,Jordan Clarkson,clarkjo01,26.0,CLE,SG,81,0.0,27.3,6.5,14.6,0.448,1.8,5.5,0.324,4.8,9.1,0.524,0.509,2.0,2.4,0.844,1.0,2.3,3.3,2.4,0.7,0.2,1.7,1.4,16.8,0
2020,NBA,Jordan Clarkson,clarkjo01,27.0,2TM,SG,71,2.0,24.0,5.5,12.2,0.454,2.1,5.8,0.368,3.4,6.4,0.533,0.542,1.9,2.3,0.836,0.7,1.9,2.6,1.9,0.6,0.2,1.4,1.5,15.2,0
2021,NBA,Jordan Clarkson,clarkjo01,28.0,UTA,SG,68,1.0,26.7,6.7,15.8,0.425,3.1,8.8,0.347,3.7,7.0,0.523,0.522,1.9,2.1,0.896,0.7,3.3,4.0,2.5,0.9,0.1,1.7,1.6,18.4,0
2022,NBA,Jordan Clarkson,clarkjo01,29.0,UTA,SG,79,1.0,27.1,5.9,14.1,0.419,2.4,7.6,0.318,3.5,6.5,0.535,0.504,1.8,2.2,0.828,0.8,2.6,3.5,2.5,0.8,0.2,1.6,1.9,16.0,0
2023,NBA,Jordan Clarkson,clarkjo01,30.0,UTA,SG,61,61.0,32.6,7.5,16.9,0.444,2.5,7.5,0.338,5.0,9.4,0.53,0.519,3.3,4.0,0.816,1.2,2.9,4.0,4.4,0.5,0.2,3.0,2.0,20.8,0
2024,NBA,Jordan Clarkson,clarkjo01,31.0,UTA,SG,55,19.0,30.6,6.1,14.8,0.413,1.7,5.6,0.294,4.5,9.2,0.485,0.469,3.2,3.7,0.881,0.9,2.5,3.4,5.0,0.6,0.1,2.7,1.5,17.1,0
2015,NBA,Jordan Farmar,farmajo01,28.0,LAC,PG,36,0.0,14.7,1.7,4.4,0.386,1.0,2.7,0.361,0.7,1.7,0.426,0.497,0.3,0.3,0.909,0.2,0.9,1.2,1.9,0.6,0.1,0.9,1.4,4.6,0
2023,NBA,Jordan Goodwin,goodwjo01,24.0,WAS,PG,62,7.0,17.8,2.5,5.7,0.448,0.6,1.9,0.322,1.9,3.8,0.511,0.501,0.9,1.1,0.768,0.9,2.4,3.3,2.7,0.9,0.4,0.9,1.5,6.6,0
2024,NBA,Jordan Goodwin,goodwjo01,25.0,2TM,PG,57,12.0,18.5,2.5,6.7,0.369,0.7,2.5,0.298,1.7,4.2,0.411,0.424,0.8,1.0,0.746,1.5,2.9,4.4,2.7,0.8,0.3,1.0,1.3,6.5,0
2024,NBA,Jordan Hawkins,hawkijo01,21.0,NOP,SG,67,10.0,17.3,2.6,6.8,0.382,1.6,4.4,0.366,1.0,2.4,0.411,0.501,1.0,1.2,0.838,0.4,1.8,2.2,1.0,0.3,0.1,0.6,1.1,7.8,0
2015,NBA,Jordan Hill,hilljo01,27.0,LAL,C,70,57.0,26.8,5.1,11.1,0.459,0.0,0.2,0.273,5.1,10.9,0.462,0.461,1.8,2.4,0.738,2.5,5.5,7.9,1.5,0.5,0.7,1.5,2.3,12.0,0
2016,NBA,Jordan Hill,hilljo01,28.0,IND,C,73,11.0,20.7,3.8,7.5,0.506,0.0,0.0,0.0,3.8,7.5,0.507,0.506,1.2,1.7,0.712,2.1,4.0,6.2,1.2,0.5,0.5,1.3,2.1,8.8,0
2020,NBA,Jordan McLaughlin,mclaujo01,23.0,MIN,PG,30,2.0,19.7,2.9,5.9,0.489,1.0,2.5,0.382,1.9,3.4,0.569,0.57,0.9,1.3,0.667,0.2,1.4,1.6,4.2,1.1,0.1,1.0,1.0,7.6,0
2021,NBA,Jordan McLaughlin,mclaujo01,24.0,MIN,PG,51,2.0,18.4,2.0,4.7,0.413,0.6,1.8,0.359,1.3,2.9,0.447,0.481,0.5,0.6,0.767,0.4,1.7,2.1,3.8,1.0,0.1,1.0,0.9,5.0,0
2022,NBA,Jordan McLaughlin,mclaujo01,25.0,MIN,PG,62,3.0,14.5,1.4,3.2,0.44,0.4,1.4,0.318,1.0,1.9,0.53,0.508,0.5,0.6,0.75,0.4,1.2,1.5,2.9,0.9,0.2,0.6,0.9,3.8,0
2023,NBA,Jordan McLaughlin,mclaujo01,26.0,MIN,PG,43,0.0,15.8,1.4,3.4,0.421,0.6,1.8,0.308,0.9,1.6,0.552,0.503,0.3,0.4,0.833,0.3,1.1,1.4,3.4,0.7,0.1,0.8,0.7,3.7,0
2024,NBA,Jordan McLaughlin,mclaujo01,27.0,MIN,PG,56,0.0,11.2,1.3,2.6,0.483,0.8,1.6,0.472,0.5,1.0,0.5,0.628,0.2,0.3,0.722,0.3,1.0,1.3,2.0,0.6,0.1,0.3,0.6,3.5,0
2016,NBA,Jordan McRae,mcraejo01,24.0,2TM,PG,22,1.0,8.9,1.5,3.5,0.436,0.5,1.0,0.455,1.1,2.5,0.429,0.5,1.0,1.3,0.75,0.2,0.7,0.9,1.1,0.1,0.0,0.7,0.8,4.5,0
2017,NBA,Jordan McRae,mcraejo01,25.0,CLE,SG,37,4.0,10.4,1.6,4.1,0.387,0.5,1.4,0.353,1.1,2.7,0.404,0.447,0.7,0.9,0.794,0.2,0.9,1.1,0.5,0.2,0.2,0.4,0.8,4.4,0
2019,NBA,Jordan McRae,mcraejo01,27.0,WAS,SG,27,0.0,12.3,2.3,4.8,0.469,0.4,1.3,0.286,1.9,3.5,0.537,0.508,1.0,1.3,0.8,0.2,1.3,1.5,1.1,0.5,0.3,0.6,1.0,5.9,0
2020,NBA,Jordan McRae,mcraejo01,28.0,3TM,SG,37,4.0,21.2,4.0,9.9,0.407,1.2,3.4,0.357,2.8,6.5,0.433,0.469,2.2,2.9,0.761,0.5,2.9,3.4,2.5,0.6,0.4,1.2,2.0,11.5,0
2017,NBA,Jordan Mickey,mickejo01,22.0,BOS,PF,25,1.0,5.6,0.6,1.4,0.441,0.0,0.0,0.0,0.6,1.3,0.455,0.441,0.3,0.6,0.571,0.5,0.8,1.4,0.3,0.1,0.2,0.4,0.5,1.5,0
2018,NBA,Jordan Mickey,mickejo01,23.0,MIA,PF,23,3.0,12.3,1.7,3.6,0.476,0.1,0.7,0.125,1.6,2.9,0.561,0.488,0.6,0.8,0.684,0.8,2.7,3.5,0.4,0.3,0.4,0.8,1.6,4.0,0
2021,NBA,Jordan Nwora,nworajo01,22.0,MIL,SF,30,2.0,9.1,2.1,4.5,0.459,0.9,2.1,0.452,1.1,2.4,0.466,0.563,0.6,0.8,0.76,0.3,1.7,2.0,0.2,0.5,0.2,0.8,0.7,5.7,0
2022,NBA,Jordan Nwora,nworajo01,23.0,MIL,SF,62,13.0,19.1,3.0,7.5,0.403,1.3,3.7,0.348,1.7,3.8,0.455,0.488,0.6,0.7,0.837,0.6,3.0,3.6,1.0,0.4,0.3,0.9,1.3,7.9,0
2023,NBA,Jordan Nwora,nworajo01,24.0,2TM,SF,62,14.0,19.2,3.1,7.2,0.436,1.4,3.4,0.408,1.7,3.8,0.462,0.533,1.1,1.4,0.791,0.8,2.9,3.7,1.4,0.4,0.2,1.1,1.2,8.7,0
2024,NBA,Jordan Nwora,nworajo01,25.0,2TM,SF,52,1.0,13.7,2.7,5.8,0.462,0.8,2.5,0.336,1.8,3.2,0.56,0.535,0.8,1.0,0.83,0.5,2.3,2.9,1.2,0.5,0.3,1.0,0.9,7.0,0
2020,NBA,Jordan Poole,poolejo01,20.0,GSW,SG,57,14.0,22.4,2.9,8.8,0.333,1.3,4.6,0.279,1.6,4.2,0.392,0.406,1.7,2.1,0.798,0.2,1.9,2.1,2.4,0.6,0.2,1.3,1.6,8.8,0
2021,NBA,Jordan Poole,poolejo01,21.0,GSW,SG,51,7.0,19.4,4.0,9.3,0.432,1.9,5.4,0.351,2.1,3.9,0.545,0.535,2.1,2.3,0.882,0.3,1.5,1.8,1.9,0.5,0.2,1.0,1.7,12.0,0
2022,NBA,Jordan Poole,poolejo01,22.0,GSW,SG,76,51.0,30.0,6.2,13.9,0.448,2.8,7.6,0.364,3.5,6.3,0.55,0.548,3.2,3.5,0.925,0.4,3.0,3.4,4.0,0.8,0.3,2.5,2.7,18.5,0
2023,NBA,Jordan Poole,poolejo01,23.0,GSW,PG,82,43.0,30.0,6.7,15.6,0.43,2.6,7.8,0.336,4.1,7.8,0.524,0.514,4.4,5.1,0.87,0.4,2.4,2.7,4.5,0.8,0.3,3.1,2.6,20.4,0
2024,NBA,Jordan Poole,poolejo01,24.0,WAS,SG,78,66.0,30.1,6.3,15.2,0.413,2.4,7.2,0.326,3.9,8.0,0.492,0.491,2.5,2.8,0.877,0.4,2.3,2.7,4.4,1.1,0.3,2.4,3.1,17.4,0
2015,NBA,Jorge Gutiérrez,gutiejo01,26.0,2TM,PG,20,1.0,8.8,1.1,2.1,0.537,0.0,0.2,0.0,1.1,1.9,0.579,0.537,0.5,0.7,0.692,0.3,1.0,1.3,1.1,0.3,0.0,0.6,1.3,2.7,0
2022,NBA,Jose Alvarado,alvarjo01,23.0,NOP,PG,54,1.0,15.4,2.4,5.4,0.446,0.6,2.0,0.291,1.8,3.4,0.538,0.5,0.7,1.0,0.679,0.5,1.4,1.9,2.8,1.3,0.1,0.7,1.4,6.1,0
2023,NBA,Jose Alvarado,alvarjo01,24.0,NOP,PG,61,10.0,21.5,3.3,8.0,0.411,1.4,4.0,0.336,1.9,4.0,0.488,0.496,1.1,1.3,0.813,0.5,1.9,2.3,3.0,1.1,0.2,1.3,2.0,9.0,0
2024,NBA,Jose Alvarado,alvarjo01,25.0,NOP,PG,56,0.0,18.4,2.5,6.2,0.412,1.4,3.7,0.377,1.1,2.5,0.464,0.525,0.6,0.9,0.673,0.4,1.8,2.3,2.1,1.1,0.3,0.7,1.6,7.1,0
2022,NBA,Josh Christopher,chrisjo01,20.0,HOU,SG,74,2.0,18.0,3.0,6.8,0.448,0.8,2.6,0.296,2.3,4.2,0.54,0.504,1.1,1.5,0.735,0.7,1.8,2.5,2.0,0.9,0.2,1.5,1.3,7.9,0
2023,NBA,Josh Christopher,chrisjo01,21.0,HOU,SG,64,2.0,12.3,2.4,5.1,0.465,0.3,1.4,0.236,2.1,3.8,0.55,0.497,0.7,0.9,0.75,0.3,0.8,1.1,1.1,0.5,0.2,0.9,0.9,5.8,0
2022,NBA,Josh Giddey,giddejo01,19.0,OKC,SF,54,54.0,31.5,5.2,12.4,0.419,1.0,3.9,0.263,4.2,8.5,0.492,0.461,1.0,1.5,0.709,1.8,6.0,7.8,6.4,0.9,0.4,3.2,1.6,12.5,0
2023,NBA,Josh Giddey,giddejo01,20.0,OKC,PF,76,76.0,31.1,7.1,14.7,0.482,1.0,3.1,0.325,6.1,11.6,0.524,0.516,1.4,1.9,0.731,1.9,5.9,7.9,6.2,0.8,0.4,2.8,1.9,16.6,0
2024,NBA,Josh Giddey,giddejo01,21.0,OKC,SG,80,80.0,25.1,5.0,10.6,0.475,1.0,3.0,0.337,4.0,7.6,0.53,0.523,1.3,1.6,0.806,1.4,5.0,6.4,4.8,0.6,0.6,2.1,1.4,12.3,0
2021,NBA,Josh Green,greenjo02,20.0,DAL,SG,39,5.0,11.4,1.1,2.4,0.452,0.1,0.6,0.16,1.0,1.7,0.559,0.473,0.3,0.6,0.565,0.7,1.3,2.0,0.7,0.4,0.1,0.4,0.9,2.6,0
2022,NBA,Josh Green,greenjo02,21.0,DAL,SG,67,3.0,15.5,1.9,3.8,0.508,0.4,1.2,0.359,1.5,2.7,0.573,0.563,0.5,0.7,0.689,0.8,1.6,2.4,1.2,0.7,0.2,0.7,1.7,4.8,0
2023,NBA,Josh Green,greenjo02,22.0,DAL,SG,60,21.0,25.7,3.4,6.4,0.537,1.1,2.8,0.402,2.3,3.6,0.643,0.626,1.1,1.6,0.723,0.9,2.1,3.0,1.7,0.7,0.1,1.2,2.6,9.1,0
2024,NBA,Josh Green,greenjo02,23.0,DAL,SG,57,33.0,26.4,3.1,6.6,0.479,1.3,3.3,0.385,1.9,3.3,0.572,0.575,0.7,1.0,0.684,0.7,2.5,3.2,2.3,0.8,0.2,1.1,1.9,8.2,0
2021,NBA,Josh Hall,halljo01,20.0,OKC,SF,21,1.0,16.0,1.4,4.7,0.303,0.2,1.8,0.108,1.2,3.0,0.419,0.323,1.0,2.1,0.5,0.3,2.5,2.8,1.3,0.2,0.0,1.2,1.8,4.1,0
2018,NBA,Josh Hart,hartjo01,22.0,LAL,SG,63,23.0,23.2,2.8,6.0,0.469,1.2,3.1,0.396,1.6,2.8,0.551,0.573,1.0,1.5,0.702,0.7,3.5,4.2,1.3,0.7,0.3,0.7,1.7,7.9,0
2019,NBA,Josh Hart,hartjo01,23.0,LAL,SG,67,22.0,25.6,2.8,6.9,0.407,1.4,4.1,0.336,1.4,2.8,0.511,0.506,0.8,1.2,0.688,0.5,3.2,3.7,1.4,1.0,0.6,0.9,2.2,7.8,0
2020,NBA,Josh Hart,hartjo01,24.0,NOP,SF,65,16.0,27.0,3.5,8.2,0.423,1.9,5.4,0.342,1.6,2.7,0.584,0.537,1.3,1.8,0.739,0.9,5.6,6.5,1.7,1.0,0.4,1.2,2.5,10.1,0
2021,NBA,Josh Hart,hartjo01,25.0,NOP,SF,47,4.0,28.7,3.2,7.3,0.439,1.3,4.1,0.326,1.9,3.2,0.583,0.531,1.5,1.9,0.775,1.1,6.9,8.0,2.3,0.8,0.3,1.0,2.4,9.2,0
2022,NBA,Josh Hart,hartjo01,26.0,2TM,SG,54,53.0,33.2,5.3,10.5,0.504,1.4,3.9,0.343,4.0,6.6,0.601,0.569,3.0,3.9,0.758,1.1,6.0,7.2,4.1,1.1,0.2,2.1,2.8,14.9,0
2023,NBA,Josh Hart,hartjo01,27.0,2TM,SF,76,52.0,32.3,3.6,6.8,0.529,0.8,2.2,0.372,2.8,4.7,0.601,0.588,1.7,2.3,0.75,1.9,5.9,7.8,3.8,1.2,0.3,1.5,2.6,9.8,0
2024,NBA,Josh Hart,hartjo01,28.0,NYK,SF,81,42.0,33.4,3.6,8.4,0.434,1.0,3.2,0.31,2.7,5.2,0.511,0.493,1.1,1.4,0.791,1.6,6.8,8.3,4.1,0.9,0.3,1.5,2.1,9.4,0
2018,NBA,Josh Huestis,huestjo01,26.0,OKC,PF,69,10.0,14.2,0.9,2.6,0.33,0.5,1.7,0.287,0.4,1.0,0.403,0.42,0.1,0.3,0.3,0.6,1.7,2.3,0.3,0.2,0.6,0.4,1.2,2.3,0
2018,NBA,Josh Jackson,jacksjo02,20.0,PHO,SF,77,35.0,25.4,5.1,12.1,0.417,0.7,2.8,0.263,4.3,9.3,0.464,0.448,2.3,3.6,0.634,1.2,3.3,4.6,1.5,1.0,0.5,1.9,2.8,13.1,0
2019,NBA,Josh Jackson,jacksjo02,21.0,PHO,SG,79,29.0,25.2,4.4,10.6,0.413,0.9,2.8,0.324,3.5,7.8,0.445,0.456,1.8,2.7,0.671,0.8,3.6,4.4,2.3,0.9,0.7,2.2,2.6,11.5,0
2020,NBA,Josh Jackson,jacksjo02,22.0,MEM,SF,22,0.0,17.3,3.2,7.2,0.44,1.0,3.3,0.319,2.1,4.0,0.54,0.513,1.6,2.3,0.7,0.5,2.5,3.0,1.6,0.8,0.4,1.3,1.8,9.0,0
2021,NBA,Josh Jackson,jacksjo02,23.0,DET,SG,62,25.0,25.2,4.8,11.4,0.419,1.2,4.1,0.3,3.5,7.3,0.487,0.473,2.6,3.5,0.729,0.9,3.2,4.1,2.3,0.9,0.8,2.3,2.9,13.4,0
2022,NBA,Josh Jackson,jacksjo02,24.0,2TM,SF,51,3.0,16.3,2.4,5.9,0.4,0.6,2.5,0.254,1.7,3.3,0.512,0.455,1.1,1.5,0.714,0.4,2.4,2.8,1.1,0.5,0.4,0.9,1.7,6.4,0
2016,NBA,Josh McRoberts,mcrobjo01,28.0,MIA,PF,42,1.0,14.2,1.3,3.5,0.372,0.3,1.2,0.245,1.0,2.4,0.434,0.412,0.7,1.0,0.7,0.5,2.0,2.5,1.9,0.4,0.2,0.7,1.6,3.6,0
2017,NBA,Josh McRoberts,mcrobjo01,29.0,MIA,PF,22,14.0,17.3,2.0,5.4,0.373,0.6,1.4,0.419,1.4,4.0,0.356,0.428,0.3,0.4,0.667,1.0,2.3,3.4,2.3,0.5,0.2,1.0,1.4,4.9,0
2024,NBA,Josh Minott,minotjo01,21.0,MIN,SF,32,0.0,2.8,0.5,1.1,0.472,0.1,0.3,0.4,0.4,0.8,0.5,0.528,0.4,0.4,0.857,0.1,0.4,0.5,0.3,0.2,0.2,0.1,0.3,1.6,0
2019,NBA,Josh Okogie,okogijo01,20.0,MIN,SG,74,52.0,23.7,2.6,6.9,0.386,0.8,2.9,0.279,1.8,4.0,0.464,0.445,1.6,2.2,0.728,0.6,2.4,2.9,1.2,1.2,0.4,0.9,2.2,7.7,0
2020,NBA,Josh Okogie,okogijo01,21.0,MIN,SG,62,28.0,25.0,2.7,6.4,0.427,0.7,2.5,0.266,2.1,3.9,0.529,0.479,2.5,3.1,0.796,1.4,2.9,4.3,1.6,1.1,0.4,1.4,2.2,8.6,0
2021,NBA,Josh Okogie,okogijo01,22.0,MIN,SG,59,37.0,20.3,1.7,4.3,0.402,0.5,1.8,0.269,1.2,2.5,0.5,0.459,1.4,1.8,0.769,1.1,1.6,2.6,1.1,0.9,0.5,0.7,2.1,5.4,0
2022,NBA,Josh Okogie,okogijo01,23.0,MIN,SG,49,6.0,10.5,0.9,2.1,0.404,0.3,1.0,0.298,0.6,1.2,0.491,0.471,0.7,1.0,0.686,0.6,0.8,1.4,0.5,0.5,0.2,0.5,1.1,2.7,0
2023,NBA,Josh Okogie,okogijo01,24.0,PHO,SG,72,26.0,18.8,2.3,5.8,0.391,0.9,2.7,0.335,1.3,3.0,0.442,0.471,1.9,2.7,0.724,1.5,2.0,3.5,1.5,0.8,0.5,0.9,1.6,7.3,0
2024,NBA,Josh Okogie,okogijo01,25.0,PHO,SG,60,11.0,16.0,1.4,3.4,0.417,0.5,1.6,0.309,1.0,1.9,0.509,0.488,1.3,1.7,0.745,1.2,1.3,2.6,1.1,0.8,0.4,0.6,1.1,4.6,0
2016,NBA,Josh Richardson,richajo01,22.0,MIA,SG,52,2.0,21.3,2.4,5.2,0.452,1.0,2.2,0.461,1.3,3.0,0.446,0.55,0.8,1.2,0.667,0.4,1.7,2.1,1.4,0.7,0.5,0.7,2.1,6.6,0
2017,NBA,Josh Richardson,richajo01,23.0,MIA,SG,53,34.0,30.5,3.8,9.7,0.394,1.4,4.3,0.33,2.4,5.4,0.444,0.467,1.1,1.5,0.779,0.7,2.5,3.2,2.6,1.1,0.7,1.2,2.5,10.2,0
2018,NBA,Josh Richardson,richajo01,24.0,MIA,SF,81,81.0,33.2,4.9,10.9,0.451,1.6,4.1,0.378,3.4,6.8,0.495,0.523,1.5,1.8,0.845,0.9,2.7,3.5,2.9,1.5,0.9,1.7,2.5,12.9,0
2019,NBA,Josh Richardson,richajo01,25.0,MIA,SG,73,73.0,34.8,5.8,14.1,0.412,2.2,6.3,0.357,3.5,7.8,0.458,0.492,2.7,3.2,0.861,0.7,2.9,3.6,4.1,1.1,0.5,1.5,2.7,16.6,0
2020,NBA,Josh Richardson,richajo01,26.0,PHI,SG,55,53.0,30.8,5.1,11.7,0.43,1.5,4.5,0.341,3.5,7.2,0.486,0.496,2.1,2.6,0.809,0.7,2.4,3.2,2.9,0.9,0.7,1.9,2.5,13.7,0
2021,NBA,Josh Richardson,richajo01,27.0,DAL,SG,59,56.0,30.3,4.5,10.5,0.427,1.5,4.5,0.33,3.0,5.9,0.501,0.498,1.7,1.8,0.917,0.9,2.4,3.3,2.6,1.0,0.4,1.3,2.2,12.1,0
2022,NBA,Josh Richardson,richajo01,28.0,2TM,SG,65,7.0,24.6,3.6,8.2,0.438,1.6,3.8,0.415,2.0,4.4,0.458,0.534,1.5,1.7,0.889,0.6,2.2,2.8,1.8,0.9,0.4,1.0,1.8,10.2,0
2023,NBA,Josh Richardson,richajo01,29.0,2TM,SG,65,10.0,23.5,3.7,8.5,0.431,1.6,4.5,0.365,2.0,4.0,0.506,0.528,1.1,1.2,0.852,0.6,2.1,2.7,2.7,1.1,0.3,1.3,1.8,10.1,0
2024,NBA,Josh Richardson,richajo01,30.0,MIA,SG,43,6.0,25.7,3.6,8.1,0.444,1.5,4.4,0.347,2.0,3.7,0.561,0.539,1.2,1.3,0.944,0.4,2.4,2.8,2.4,0.6,0.3,0.8,1.8,9.9,0
2015,NBA,Josh Smith,smithjo03,29.0,2TM,PF,83,35.0,27.7,5.0,11.9,0.419,0.9,2.7,0.316,4.1,9.1,0.451,0.456,1.5,3.1,0.498,1.8,4.6,6.4,3.3,1.0,1.4,2.5,2.7,12.4,0
2016,NBA,Josh Smith,smithjo03,30.0,2TM,PF,55,7.0,16.0,2.3,6.3,0.364,0.7,2.6,0.287,1.6,3.7,0.417,0.423,0.7,1.2,0.552,0.9,2.6,3.5,1.6,0.6,0.9,1.4,2.1,6.0,0
2022,NBA,Joshua Primo,primojo01,19.0,SAS,SF,50,16.0,19.3,2.0,5.4,0.374,0.8,2.7,0.307,1.2,2.7,0.444,0.452,0.9,1.2,0.746,0.6,1.6,2.3,1.6,0.4,0.5,1.1,1.6,5.8,0
2015,NBA,José Calderón,caldejo01,33.0,NYK,PG,42,42.0,30.2,3.5,8.4,0.415,1.4,3.4,0.415,2.1,5.0,0.415,0.499,0.7,0.8,0.906,0.5,2.5,3.0,4.7,0.7,0.0,1.8,1.8,9.1,0
2016,NBA,José Calderón,caldejo01,34.0,NYK,PG,72,72.0,28.1,2.9,6.3,0.459,1.2,2.8,0.414,1.7,3.5,0.496,0.552,0.6,0.7,0.875,0.3,2.9,3.2,4.1,0.9,0.1,1.2,1.9,7.6,0
2017,NBA,José Calderón,caldejo01,35.0,2TM,PG,41,13.0,13.1,1.3,3.3,0.41,0.5,1.6,0.313,0.9,1.7,0.5,0.485,0.3,0.3,0.917,0.4,1.4,1.8,2.1,0.3,0.0,1.0,0.9,3.4,0
2018,NBA,José Calderón,caldejo01,36.0,CLE,PG,57,32.0,16.0,1.6,3.2,0.503,0.8,1.7,0.464,0.8,1.5,0.545,0.624,0.4,0.5,0.8,0.2,1.2,1.5,2.1,0.5,0.0,0.7,1.4,4.5,0
2019,NBA,José Calderón,caldejo01,37.0,DET,PG,49,0.0,12.9,0.9,2.4,0.375,0.3,1.2,0.246,0.6,1.3,0.492,0.433,0.2,0.2,0.818,0.2,1.0,1.2,2.3,0.3,0.1,0.7,1.3,2.3,0
2015,NBA,Jrue Holiday,holidjr01,24.0,NOP,PG,40,37.0,32.6,6.0,13.4,0.446,1.3,3.4,0.378,4.7,10.0,0.469,0.493,1.6,1.9,0.855,0.8,2.6,3.4,6.9,1.6,0.6,2.3,2.8,14.8,0
2016,NBA,Jrue Holiday,holidjr01,25.0,NOP,PG,65,23.0,28.2,6.3,14.4,0.439,1.3,4.0,0.336,5.0,10.4,0.478,0.485,2.8,3.3,0.843,0.4,2.6,3.0,6.0,1.4,0.3,2.6,2.3,16.8,0
2017,NBA,Jrue Holiday,holidjr01,26.0,NOP,PG,67,61.0,32.7,6.0,13.3,0.454,1.5,4.2,0.356,4.6,9.1,0.498,0.51,1.8,2.5,0.708,0.7,3.3,3.9,7.3,1.5,0.7,2.9,2.0,15.4,0
2018,NBA,Jrue Holiday,holidjr01,27.0,NOP,SG,81,81.0,36.1,7.6,15.4,0.494,1.5,4.4,0.337,6.1,11.0,0.557,0.543,2.3,2.9,0.786,0.8,3.7,4.5,6.0,1.5,0.8,2.6,2.5,19.0,0
2019,NBA,Jrue Holiday,holidjr01,28.0,NOP,SG,67,67.0,35.9,8.2,17.3,0.472,1.8,5.4,0.325,6.4,11.9,0.539,0.523,3.1,4.0,0.768,1.1,3.9,5.0,7.7,1.6,0.8,3.1,2.2,21.2,0
2020,NBA,Jrue Holiday,holidjr01,29.0,NOP,SG,61,61.0,34.7,7.5,16.5,0.455,2.0,5.7,0.353,5.5,10.8,0.509,0.516,2.1,3.0,0.709,1.3,3.5,4.8,6.7,1.6,0.8,3.0,2.4,19.1,0
2021,NBA,Jrue Holiday,holidjr01,30.0,MIL,PG,59,56.0,32.3,7.0,13.9,0.503,1.9,4.8,0.392,5.1,9.2,0.561,0.57,1.8,2.3,0.787,1.2,3.3,4.5,6.1,1.6,0.6,2.2,1.7,17.7,0
2022,NBA,Jrue Holiday,holidjr01,31.0,MIL,PG,67,64.0,32.9,7.1,14.2,0.501,2.0,4.8,0.411,5.2,9.4,0.547,0.57,2.0,2.7,0.761,1.0,3.5,4.5,6.8,1.6,0.4,2.7,2.0,18.3,0
2023,NBA,Jrue Holiday,holidjr01,32.0,MIL,PG,67,65.0,32.6,7.3,15.3,0.479,2.4,6.1,0.384,5.0,9.1,0.542,0.556,2.3,2.6,0.859,1.2,3.9,5.1,7.4,1.2,0.4,2.9,1.7,19.3,1
2024,NBA,Jrue Holiday,holidjr01,33.0,BOS,PG,69,69.0,32.8,4.8,10.0,0.48,2.0,4.7,0.429,2.8,5.3,0.526,0.581,0.9,1.0,0.833,1.2,4.2,5.4,4.8,0.9,0.8,1.8,1.6,12.5,0
2021,NBA,Juan Toscano-Anderson,toscaju01,27.0,GSW,SG,53,16.0,20.9,2.3,3.9,0.579,0.7,1.7,0.402,1.6,2.2,0.718,0.667,0.4,0.6,0.71,0.5,3.9,4.4,2.8,0.8,0.5,1.2,2.1,5.7,0
2022,NBA,Juan Toscano-Anderson,toscaju01,28.0,GSW,SF,73,6.0,13.6,1.6,3.2,0.489,0.4,1.2,0.322,1.2,2.0,0.588,0.549,0.5,1.0,0.571,0.4,2.0,2.4,1.7,0.7,0.2,0.9,1.6,4.1,0
2023,NBA,Juan Toscano-Anderson,toscaju01,29.0,2TM,SF,52,9.0,13.5,1.2,2.8,0.448,0.2,0.8,0.186,1.1,1.9,0.56,0.476,0.4,0.5,0.792,0.5,1.8,2.4,1.3,0.3,0.2,0.7,1.5,3.0,0
2017,NBA,Juancho Hernangómez,hernaju01,21.0,DEN,PF,62,9.0,13.6,1.6,3.6,0.451,0.7,1.8,0.407,0.9,1.8,0.495,0.554,0.9,1.2,0.75,0.7,2.3,3.0,0.5,0.5,0.2,0.5,1.0,4.9,0
2018,NBA,Juancho Hernangómez,hernaju01,22.0,DEN,PF,25,3.0,11.1,1.2,3.0,0.387,0.6,2.0,0.28,0.6,1.0,0.6,0.48,0.4,0.5,0.833,0.7,1.4,2.2,0.5,0.2,0.1,0.4,1.0,3.3,0
2019,NBA,Juancho Hernangómez,hernaju01,23.0,DEN,PF,70,25.0,19.4,2.0,4.5,0.439,0.9,2.6,0.365,1.0,1.9,0.541,0.545,0.9,1.2,0.767,0.9,2.9,3.8,0.8,0.4,0.3,0.5,1.3,5.8,0
2020,NBA,Juancho Hernangómez,hernaju01,24.0,2TM,PF,48,14.0,17.4,2.1,5.1,0.405,0.9,2.7,0.341,1.2,2.5,0.475,0.494,0.9,1.5,0.62,0.9,3.2,4.1,0.8,0.4,0.2,0.7,1.3,6.0,0
2021,NBA,Juancho Hernangómez,hernaju01,25.0,MIN,PF,52,6.0,17.3,2.5,5.8,0.435,1.1,3.2,0.327,1.4,2.5,0.573,0.527,1.2,1.9,0.619,0.9,3.1,3.9,0.7,0.4,0.1,0.5,1.0,7.2,0
2022,NBA,Juancho Hernangómez,hernaju01,26.0,3TM,PF,40,9.0,11.1,1.1,2.7,0.415,0.6,1.7,0.348,0.5,0.9,0.541,0.528,0.5,0.9,0.559,0.7,1.8,2.5,0.5,0.4,0.3,0.4,0.6,3.3,0
2023,NBA,Juancho Hernangómez,hernaju01,27.0,TOR,PF,42,10.0,14.6,1.1,2.7,0.421,0.4,1.6,0.254,0.7,1.1,0.66,0.496,0.2,0.4,0.563,0.6,2.3,2.9,0.6,0.4,0.1,0.4,1.0,2.9,0
2024,NBA,Julian Champagnie,champju02,22.0,SAS,SF,74,59.0,19.8,2.2,5.4,0.408,1.4,3.7,0.365,0.9,1.7,0.504,0.534,1.0,1.2,0.815,0.6,2.2,2.8,1.4,0.6,0.6,0.8,1.0,6.8,0
2024,NBA,Julian Phillips,phillju01,20.0,CHI,SF,40,0.0,8.1,0.8,1.9,0.416,0.3,1.0,0.316,0.5,1.0,0.513,0.494,0.3,0.5,0.684,0.3,0.6,0.9,0.3,0.2,0.2,0.3,1.0,2.2,0
2024,NBA,Julian Strawther,strawju01,21.0,DEN,SF,50,0.0,10.9,1.6,4.4,0.369,0.8,2.8,0.297,0.8,1.7,0.488,0.462,0.4,0.6,0.71,0.1,1.1,1.2,0.9,0.3,0.1,0.5,1.1,4.5,0
2016,NBA,Julius Randle,randlju01,21.0,LAL,PF,81,60.0,28.2,4.4,10.3,0.429,0.1,0.4,0.278,4.3,9.9,0.436,0.435,2.4,3.3,0.715,2.1,8.1,10.2,1.8,0.7,0.4,1.8,3.0,11.3,0
2017,NBA,Julius Randle,randlju01,22.0,LAL,PF,74,73.0,28.8,5.1,10.4,0.488,0.2,0.9,0.27,4.9,9.6,0.507,0.499,2.8,3.8,0.723,2.0,6.6,8.6,3.6,0.7,0.5,2.3,3.4,13.2,0
2018,NBA,Julius Randle,randlju01,23.0,LAL,C,82,49.0,26.7,6.1,11.0,0.558,0.1,0.5,0.222,6.0,10.5,0.575,0.563,3.7,5.2,0.718,2.2,5.8,8.0,2.6,0.5,0.5,2.6,3.3,16.1,0
2019,NBA,Julius Randle,randlju01,24.0,NOP,PF,73,49.0,30.6,7.8,14.9,0.524,0.9,2.7,0.344,6.9,12.2,0.564,0.555,4.9,6.7,0.731,2.2,6.5,8.7,3.1,0.7,0.6,2.8,3.4,21.4,0
2020,NBA,Julius Randle,randlju01,25.0,NYK,PF,64,64.0,32.5,7.2,15.7,0.46,1.0,3.6,0.277,6.2,12.1,0.515,0.492,4.0,5.5,0.733,2.4,7.4,9.7,3.1,0.8,0.3,3.0,2.8,19.5,0
2021,NBA,Julius Randle,randlju01,26.0,NYK,PF,71,71.0,37.6,8.5,18.6,0.456,2.3,5.5,0.411,6.2,13.1,0.474,0.516,4.9,6.0,0.811,1.2,9.0,10.2,6.0,0.9,0.3,3.4,3.2,24.1,1
2022,NBA,Julius Randle,randlju01,27.0,NYK,PF,72,72.0,35.3,7.1,17.3,0.411,1.7,5.4,0.308,5.4,11.9,0.458,0.459,4.2,5.6,0.756,1.7,8.2,9.9,5.1,0.7,0.5,3.4,2.8,20.1,0
2023,NBA,Julius Randle,randlju01,28.0,NYK,PF,77,77.0,35.5,8.5,18.6,0.459,2.8,8.3,0.343,5.7,10.3,0.553,0.536,5.2,6.9,0.757,1.8,8.1,10.0,4.1,0.6,0.3,2.8,3.0,25.1,1
2024,NBA,Julius Randle,randlju01,29.0,NYK,PF,46,46.0,35.4,8.6,18.2,0.472,1.7,5.3,0.311,6.9,12.9,0.539,0.518,5.1,6.6,0.781,2.2,7.0,9.2,5.0,0.5,0.3,3.5,2.7,24.0,1
2018,NBA,Julyan Stone,stoneju01,29.0,CHO,SG,23,0.0,7.6,0.3,0.6,0.462,0.3,0.6,0.462,0.0,0.0,0.0,0.692,0.0,0.1,0.5,0.0,1.2,1.3,1.1,0.2,0.1,0.3,0.9,0.8,0
2016,NBA,Justin Anderson,anderju01,22.0,DAL,SF,55,9.0,11.8,1.3,3.2,0.406,0.4,1.5,0.265,0.9,1.7,0.533,0.469,0.8,1.0,0.8,0.3,2.1,2.4,0.5,0.3,0.5,0.4,0.8,3.8,0
2017,NBA,Justin Anderson,anderju01,23.0,2TM,SF,75,10.0,16.4,2.5,5.9,0.424,0.8,2.6,0.299,1.7,3.3,0.522,0.49,1.4,1.7,0.791,0.9,2.3,3.3,0.9,0.5,0.3,0.9,1.5,7.1,0
2018,NBA,Justin Anderson,anderju01,24.0,PHI,SF,38,0.0,13.7,2.3,5.3,0.431,0.9,2.7,0.33,1.4,2.6,0.535,0.515,0.7,1.0,0.737,0.7,1.8,2.4,0.7,0.4,0.2,0.4,1.4,6.2,0
2019,NBA,Justin Anderson,anderju01,25.0,ATL,SF,48,4.0,9.6,1.3,3.3,0.408,0.5,1.6,0.312,0.8,1.7,0.5,0.484,0.5,0.7,0.743,0.5,1.3,1.8,0.5,0.5,0.3,0.5,1.0,3.7,0
2022,NBA,Justin Champagnie,champju01,20.0,TOR,SF,36,0.0,7.8,0.9,1.9,0.463,0.3,0.8,0.357,0.6,1.1,0.538,0.537,0.3,0.3,1.0,1.0,1.0,2.0,0.3,0.2,0.1,0.2,0.9,2.3,0
2015,NBA,Justin Hamilton,hamilju01,24.0,2TM,C,41,14.0,17.4,2.1,4.3,0.478,0.2,0.8,0.323,1.8,3.6,0.51,0.506,1.0,1.1,0.83,1.4,1.9,3.3,0.9,0.7,0.7,0.6,1.7,5.3,0
2017,NBA,Justin Hamilton,hamilju01,26.0,BRK,C,64,7.0,18.4,2.7,5.9,0.459,0.9,2.8,0.306,1.9,3.1,0.598,0.532,0.6,0.8,0.75,1.1,3.0,4.1,0.9,0.5,0.7,0.7,1.4,6.9,0
2015,NBA,Justin Holiday,holidju01,25.0,GSW,SG,59,4.0,11.1,1.5,4.0,0.387,0.6,1.8,0.321,0.9,2.1,0.444,0.462,0.6,0.8,0.822,0.2,1.0,1.2,0.8,0.7,0.2,0.5,0.9,4.3,0
2016,NBA,Justin Holiday,holidju01,26.0,2TM,SG,53,5.0,14.6,1.7,4.3,0.386,0.7,2.0,0.343,1.0,2.3,0.423,0.465,0.5,0.7,0.73,0.2,1.5,1.7,1.1,0.6,0.4,0.7,1.2,4.5,0
2017,NBA,Justin Holiday,holidju01,27.0,NYK,SG,82,4.0,20.0,2.8,6.6,0.433,1.2,3.3,0.355,1.7,3.2,0.513,0.523,0.8,1.0,0.825,0.3,2.4,2.7,1.2,0.8,0.4,0.8,1.3,7.7,0
2018,NBA,Justin Holiday,holidju01,28.0,CHI,SG,72,72.0,31.5,4.0,10.9,0.371,2.2,6.2,0.359,1.8,4.6,0.387,0.474,1.9,2.3,0.823,0.4,3.6,4.0,2.1,1.1,0.4,1.3,1.9,12.2,0
2019,NBA,Justin Holiday,holidju01,29.0,2TM,SG,82,77.0,31.8,3.7,9.5,0.386,2.0,5.7,0.348,1.7,3.8,0.442,0.49,1.2,1.3,0.896,0.6,3.4,3.9,1.8,1.5,0.4,1.3,2.0,10.5,0
2020,NBA,Justin Holiday,holidju01,30.0,IND,SF,73,6.0,25.0,2.8,6.7,0.428,1.8,4.5,0.405,1.0,2.1,0.477,0.566,0.7,0.9,0.791,0.4,2.8,3.3,1.3,1.2,0.6,0.6,1.9,8.3,0
2021,NBA,Justin Holiday,holidju01,31.0,IND,SG,72,52.0,30.3,3.6,8.7,0.413,2.4,6.3,0.382,1.2,2.4,0.494,0.551,0.9,1.2,0.788,0.4,3.1,3.6,1.7,1.0,0.6,0.8,1.9,10.5,0
2022,NBA,Justin Holiday,holidju01,32.0,2TM,SF,74,65.0,27.8,3.5,8.9,0.394,2.4,6.5,0.367,1.1,2.4,0.467,0.528,0.7,0.8,0.806,0.4,2.2,2.6,1.7,0.8,0.4,0.9,2.1,10.1,0
2023,NBA,Justin Holiday,holidju01,33.0,2TM,SF,46,2.0,15.3,1.7,4.4,0.377,1.0,3.1,0.322,0.7,1.3,0.508,0.49,0.1,0.2,0.625,0.1,1.1,1.2,0.9,0.4,0.4,0.5,1.5,4.5,0
2024,NBA,Justin Holiday,holidju01,34.0,DEN,SG,58,9.0,14.9,1.5,3.3,0.454,0.9,2.3,0.404,0.6,1.0,0.569,0.595,0.1,0.1,0.75,0.2,1.1,1.2,1.2,0.6,0.2,0.2,1.2,4.0,0
2018,NBA,Justin Jackson,jacksju01,22.0,SAC,SF,68,41.0,22.1,2.7,6.2,0.442,0.8,2.7,0.308,1.9,3.4,0.547,0.51,0.4,0.5,0.722,0.4,2.4,2.8,1.1,0.4,0.2,0.6,1.2,6.7,0
2019,NBA,Justin Jackson,jacksju01,23.0,2TM,SF,81,14.0,19.9,2.7,6.0,0.447,1.1,3.0,0.355,1.6,3.0,0.542,0.537,0.8,1.0,0.785,0.5,2.1,2.6,1.2,0.4,0.2,0.4,1.2,7.2,0
2020,NBA,Justin Jackson,jacksju01,24.0,DAL,PF,65,3.0,16.1,2.1,5.2,0.396,0.7,2.5,0.294,1.3,2.7,0.489,0.466,0.6,0.8,0.84,0.4,2.0,2.4,0.8,0.2,0.2,0.2,1.1,5.5,0
2021,NBA,Justin Jackson,jacksju01,25.0,2TM,SF,34,3.0,17.0,2.6,6.5,0.403,1.1,3.4,0.308,1.6,3.1,0.51,0.484,0.9,1.1,0.838,0.5,1.8,2.3,1.5,0.4,0.1,0.9,0.9,7.2,0
2023,NBA,Justin Jackson,jacksju01,27.0,BOS,SF,23,0.0,4.7,0.3,1.2,0.259,0.2,0.9,0.25,0.1,0.3,0.286,0.352,0.0,0.1,0.5,0.1,0.7,0.7,0.4,0.2,0.2,0.1,0.3,0.9,0
2020,NBA,Justin James,jamesju01,23.0,SAC,SF,36,0.0,6.4,1.0,2.3,0.417,0.3,0.8,0.31,0.7,1.5,0.473,0.47,0.3,0.6,0.476,0.2,0.7,0.9,0.5,0.2,0.3,0.2,0.5,2.5,0
2021,NBA,Justin James,jamesju01,24.0,SAC,SF,36,0.0,8.6,1.4,3.1,0.468,0.4,1.1,0.368,1.1,2.0,0.521,0.532,0.6,1.0,0.583,0.3,0.6,0.8,0.6,0.2,0.1,0.4,0.6,3.9,0
2024,NBA,Justin Minaya,minayju01,24.0,POR,SF,34,1.0,11.2,0.6,2.2,0.297,0.4,1.4,0.245,0.3,0.7,0.4,0.378,0.1,0.3,0.556,0.9,0.8,1.6,0.6,0.3,0.3,0.3,1.0,1.8,0
2022,NBA,Justin Robinson,robinju01,24.0,3TM,PG,25,0.0,12.2,1.1,3.7,0.301,0.7,2.4,0.295,0.4,1.3,0.313,0.398,0.2,0.3,0.5,0.2,0.7,0.8,1.3,0.4,0.0,0.7,1.1,3.1,0
2016,NBA,Justise Winslow,winslju01,19.0,MIA,SF,78,8.0,28.6,2.5,5.9,0.422,0.4,1.5,0.276,2.1,4.4,0.471,0.457,1.0,1.5,0.684,1.0,4.1,5.2,1.5,0.9,0.3,1.2,2.4,6.4,0
2018,NBA,Justise Winslow,winslju01,21.0,MIA,PF,68,25.0,24.7,3.0,7.2,0.424,0.7,1.9,0.38,2.3,5.3,0.44,0.474,1.0,1.5,0.635,0.9,4.5,5.4,2.2,0.8,0.5,1.1,2.1,7.8,0
2019,NBA,Justise Winslow,winslju01,22.0,MIA,SF,66,52.0,29.7,4.9,11.3,0.433,1.5,3.9,0.375,3.5,7.5,0.462,0.497,1.3,2.1,0.628,1.0,4.4,5.4,4.3,1.1,0.3,2.2,2.7,12.6,0
2021,NBA,Justise Winslow,winslju01,24.0,MEM,SF,26,1.0,19.5,2.8,8.1,0.352,0.4,2.1,0.185,2.5,6.0,0.41,0.376,0.8,1.3,0.571,0.7,3.8,4.5,1.9,0.6,0.5,1.4,1.8,6.8,0
2022,NBA,Justise Winslow,winslju01,25.0,2TM,PF,48,11.0,16.1,2.3,5.4,0.428,0.3,1.4,0.227,2.0,4.0,0.497,0.457,0.8,1.4,0.591,1.0,3.2,4.2,1.8,0.7,0.5,1.0,1.4,5.7,0
2023,NBA,Justise Winslow,winslju01,26.0,POR,PF,29,11.0,26.8,2.8,6.8,0.409,0.5,1.6,0.311,2.3,5.3,0.438,0.444,0.7,1.0,0.714,1.7,3.3,5.0,3.4,1.0,0.4,1.5,3.1,6.8,0
2015,NBA,Jusuf Nurkić,nurkiju01,20.0,DEN,C,62,27.0,17.8,2.8,6.2,0.446,0.0,0.0,0.0,2.8,6.1,0.449,0.446,1.4,2.1,0.636,2.0,4.1,6.2,0.8,0.8,1.1,1.4,3.3,6.9,0
2016,NBA,Jusuf Nurkić,nurkiju01,21.0,DEN,C,32,3.0,17.1,3.2,7.6,0.417,0.0,0.1,0.0,3.2,7.5,0.423,0.417,1.9,3.1,0.616,2.0,3.4,5.5,1.3,0.8,1.4,1.7,2.8,8.2,0
2017,NBA,Jusuf Nurkić,nurkiju01,22.0,2TM,C,65,48.0,21.4,4.2,8.2,0.507,0.0,0.0,0.0,4.2,8.2,0.508,0.507,1.8,3.2,0.571,2.4,4.8,7.2,1.9,0.8,1.1,2.2,2.5,10.2,0
2018,NBA,Jusuf Nurkić,nurkiju01,23.0,POR,C,79,79.0,26.4,6.1,12.0,0.505,0.0,0.1,0.0,6.1,11.9,0.508,0.505,2.2,3.5,0.63,2.4,6.6,9.0,1.8,0.8,1.4,2.3,3.1,14.3,0
2019,NBA,Jusuf Nurkić,nurkiju01,24.0,POR,C,72,72.0,27.4,5.8,11.5,0.508,0.0,0.4,0.103,5.8,11.1,0.523,0.51,3.9,5.1,0.773,3.4,7.0,10.4,3.2,1.0,1.4,2.3,3.5,15.6,0
2021,NBA,Jusuf Nurkić,nurkiju01,26.0,POR,C,37,37.0,23.8,4.6,9.0,0.514,0.3,0.8,0.4,4.3,8.2,0.525,0.532,1.9,3.1,0.619,2.3,6.6,9.0,3.4,1.0,1.1,2.0,2.8,11.5,0
2022,NBA,Jusuf Nurkić,nurkiju01,27.0,POR,C,56,56.0,28.2,5.7,10.7,0.535,0.3,1.0,0.268,5.5,9.7,0.563,0.548,3.3,4.8,0.69,3.0,8.1,11.1,2.8,1.1,0.6,2.6,3.4,15.0,0
2023,NBA,Jusuf Nurkić,nurkiju01,28.0,POR,C,52,52.0,26.8,5.0,9.7,0.519,0.8,2.3,0.361,4.2,7.4,0.567,0.561,2.4,3.7,0.661,2.2,6.9,9.1,2.9,0.8,0.8,2.3,3.6,13.3,0
2024,NBA,Jusuf Nurkić,nurkiju01,29.0,PHO,C,76,76.0,27.3,4.2,8.3,0.51,0.3,1.2,0.244,3.9,7.1,0.555,0.528,2.2,3.4,0.64,2.9,8.1,11.0,4.0,1.1,1.1,2.3,3.3,10.9,0
2020,NBA,Juwan Morgan,morgaju01,22.0,UTA,PF,21,0.0,6.4,0.7,1.2,0.577,0.1,0.4,0.375,0.6,0.9,0.667,0.635,0.1,0.2,0.75,0.5,0.9,1.4,0.3,0.0,0.1,0.3,0.9,1.7,0
2021,NBA,Juwan Morgan,morgaju01,23.0,UTA,PF,29,0.0,5.1,0.5,1.0,0.467,0.1,0.4,0.308,0.3,0.6,0.588,0.533,0.1,0.2,0.429,0.3,0.7,1.0,0.3,0.1,0.0,0.1,0.7,1.2,0
2015,NBA,K.J. McDaniels,mcdankj01,21.0,2TM,SG,62,15.0,21.8,2.8,7.0,0.396,0.7,2.4,0.287,2.1,4.6,0.454,0.446,1.6,2.1,0.752,1.0,2.2,3.2,1.2,0.7,1.1,1.7,2.0,7.9,0
2016,NBA,K.J. McDaniels,mcdankj01,22.0,HOU,SF,37,1.0,6.4,0.8,1.9,0.403,0.2,0.7,0.28,0.6,1.3,0.468,0.451,0.6,0.8,0.8,0.4,0.7,1.1,0.3,0.2,0.2,0.5,0.8,2.4,0
2017,NBA,K.J. McDaniels,mcdankj01,23.0,2TM,SF,49,0.0,10.3,1.6,3.4,0.456,0.4,1.3,0.303,1.2,2.1,0.553,0.515,0.7,0.8,0.842,0.3,1.4,1.7,0.3,0.4,0.4,0.6,1.0,4.2,0
2021,NBA,KJ Martin,martike04,20.0,HOU,SF,45,8.0,23.7,3.6,7.1,0.509,0.8,2.1,0.365,2.8,4.9,0.572,0.564,1.3,1.9,0.714,1.6,3.8,5.4,1.1,0.7,0.9,0.8,2.0,9.3,0
2022,NBA,KJ Martin,martike04,21.0,HOU,SF,79,2.0,21.0,3.5,6.6,0.533,0.8,2.1,0.357,2.8,4.5,0.617,0.591,1.0,1.6,0.634,1.0,2.7,3.8,1.3,0.4,0.5,0.8,1.4,8.8,0
2023,NBA,KJ Martin,martike04,22.0,HOU,SF,82,49.0,28.0,5.0,8.8,0.569,0.8,2.6,0.315,4.2,6.1,0.679,0.617,1.8,2.7,0.68,1.5,4.0,5.5,1.5,0.5,0.4,1.1,1.8,12.7,0
2024,NBA,KJ Martin,martike04,23.0,2TM,SF,60,2.0,12.4,1.6,3.0,0.536,0.1,0.5,0.286,1.5,2.6,0.582,0.558,0.4,0.7,0.537,0.7,1.5,2.2,0.9,0.4,0.2,0.5,1.7,3.7,0
2021,NBA,KZ Okpala,okpalkz01,21.0,MIA,PF,37,9.0,12.1,1.0,2.6,0.375,0.3,1.4,0.24,0.6,1.2,0.522,0.438,0.2,0.4,0.533,0.6,1.3,1.8,0.5,0.3,0.3,0.4,1.6,2.5,0
2022,NBA,KZ Okpala,okpalkz01,22.0,MIA,PF,21,0.0,11.6,1.4,3.3,0.435,0.4,1.2,0.346,1.0,2.0,0.488,0.5,0.4,0.5,0.727,0.5,1.4,2.0,0.7,0.2,0.3,0.2,1.2,3.7,0
2023,NBA,KZ Okpala,okpalkz01,23.0,SAC,PF,35,3.0,7.1,0.5,1.1,0.421,0.2,0.6,0.333,0.3,0.5,0.529,0.513,0.2,0.2,0.875,0.2,0.8,1.0,0.4,0.2,0.2,0.2,1.1,1.3,0
2022,NBA,Kai Jones,joneska01,21.0,CHO,C,21,0.0,3.0,0.4,0.7,0.643,0.0,0.1,0.5,0.4,0.6,0.667,0.679,0.1,0.4,0.375,0.1,0.4,0.5,0.2,0.0,0.1,0.3,0.4,1.0,0
2023,NBA,Kai Jones,joneska01,22.0,CHO,C,46,0.0,12.0,1.5,2.6,0.558,0.1,0.4,0.211,1.4,2.2,0.624,0.575,0.4,0.6,0.731,0.8,1.9,2.7,0.3,0.4,0.7,0.7,1.4,3.4,0
2016,NBA,Karl-Anthony Towns,townska01,20.0,MIN,C,82,82.0,32.0,7.6,14.1,0.542,0.4,1.1,0.341,7.3,13.0,0.559,0.555,2.7,3.4,0.811,2.8,7.7,10.5,2.0,0.7,1.7,2.2,3.0,18.3,0
2017,NBA,Karl-Anthony Towns,townska01,21.0,MIN,C,82,82.0,37.0,9.8,18.0,0.542,1.2,3.4,0.367,8.5,14.7,0.582,0.576,4.3,5.2,0.832,3.6,8.7,12.3,2.7,0.7,1.3,2.6,2.9,25.1,0
2018,NBA,Karl-Anthony Towns,townska01,22.0,MIN,C,82,82.0,35.6,7.8,14.3,0.545,1.5,3.5,0.421,6.3,10.8,0.585,0.596,4.2,4.9,0.858,2.9,9.4,12.3,2.4,0.8,1.4,1.9,3.5,21.3,1
2019,NBA,Karl-Anthony Towns,townska01,23.0,MIN,C,77,77.0,33.1,8.8,17.1,0.518,1.8,4.6,0.4,7.0,12.5,0.562,0.572,4.9,5.8,0.836,3.4,9.0,12.4,3.4,0.9,1.6,3.1,3.8,24.4,1
2020,NBA,Karl-Anthony Towns,townska01,24.0,MIN,C,35,35.0,33.9,9.0,17.8,0.508,3.3,7.9,0.412,5.8,9.9,0.586,0.6,5.1,6.5,0.796,2.7,8.1,10.8,4.4,0.9,1.2,3.1,3.3,26.5,0
2021,NBA,Karl-Anthony Towns,townska01,25.0,MIN,C,50,50.0,33.8,8.5,17.5,0.486,2.4,6.3,0.387,6.1,11.2,0.541,0.555,5.3,6.2,0.859,2.7,7.9,10.6,4.5,0.8,1.1,3.2,3.7,24.8,0
2022,NBA,Karl-Anthony Towns,townska01,26.0,MIN,C,74,74.0,33.5,8.7,16.4,0.529,2.0,4.9,0.41,6.6,11.5,0.58,0.591,5.2,6.3,0.822,2.6,7.2,9.8,3.6,1.0,1.1,3.1,3.6,24.6,1
2023,NBA,Karl-Anthony Towns,townska01,27.0,MIN,PF,29,29.0,33.0,7.3,14.8,0.495,2.1,5.7,0.366,5.2,9.1,0.576,0.565,4.1,4.7,0.874,1.7,6.5,8.1,4.8,0.7,0.6,3.0,3.8,20.8,0
2024,NBA,Karl-Anthony Towns,townska01,28.0,MIN,PF,62,62.0,32.7,7.7,15.3,0.504,2.2,5.3,0.416,5.5,10.1,0.55,0.575,4.1,4.7,0.873,1.5,6.8,8.3,3.0,0.7,0.7,2.9,3.3,21.8,1
2015,NBA,Kawhi Leonard,leonaka01,23.0,SAS,SF,64,64.0,31.8,6.2,12.8,0.479,1.0,3.0,0.349,5.1,9.8,0.519,0.52,3.2,3.9,0.802,1.3,5.9,7.2,2.5,2.3,0.8,1.5,2.0,16.5,0
2016,NBA,Kawhi Leonard,leonaka01,24.0,SAS,SF,72,72.0,33.1,7.7,15.1,0.506,1.8,4.0,0.443,5.9,11.1,0.528,0.565,4.1,4.6,0.874,1.3,5.5,6.8,2.6,1.8,1.0,1.5,1.8,21.2,1
2017,NBA,Kawhi Leonard,leonaka01,25.0,SAS,SF,74,74.0,33.4,8.6,17.7,0.485,2.0,5.2,0.38,6.6,12.5,0.529,0.541,6.3,7.2,0.88,1.1,4.7,5.8,3.5,1.8,0.7,2.1,1.6,25.5,1
2019,NBA,Kawhi Leonard,leonaka01,27.0,TOR,SF,60,60.0,34.0,9.3,18.8,0.496,1.9,5.0,0.371,7.5,13.8,0.542,0.546,6.1,7.1,0.854,1.3,6.0,7.3,3.3,1.8,0.4,2.0,1.5,26.6,1
2020,NBA,Kawhi Leonard,leonaka01,28.0,LAC,SF,57,57.0,32.4,9.3,19.9,0.47,2.2,5.7,0.378,7.2,14.2,0.506,0.524,6.2,7.1,0.886,0.9,6.1,7.1,4.9,1.8,0.6,2.6,2.0,27.1,1
2021,NBA,Kawhi Leonard,leonaka01,29.0,LAC,SF,52,52.0,34.1,8.9,17.5,0.512,1.9,4.9,0.398,7.0,12.6,0.557,0.568,5.0,5.7,0.885,1.1,5.4,6.5,5.2,1.6,0.4,2.0,1.6,24.8,1
2023,NBA,Kawhi Leonard,leonaka01,31.0,LAC,SF,52,50.0,33.6,8.6,16.8,0.512,2.0,4.8,0.416,6.6,11.9,0.551,0.572,4.7,5.4,0.871,1.1,5.4,6.5,3.9,1.4,0.5,1.7,1.6,23.8,0
2024,NBA,Kawhi Leonard,leonaka01,32.0,LAC,SF,68,68.0,34.3,9.0,17.1,0.525,2.1,4.9,0.417,6.9,12.1,0.569,0.585,3.7,4.2,0.885,1.2,4.9,6.1,3.6,1.6,0.9,1.8,1.4,23.7,1
2017,NBA,Kay Felder,feldeka01,21.0,CLE,PG,42,0.0,9.2,1.5,3.8,0.392,0.2,0.5,0.318,1.3,3.2,0.404,0.415,0.8,1.2,0.714,0.1,0.9,1.0,1.4,0.4,0.2,0.7,0.9,4.0,0
2023,NBA,Keegan Murray,murrake02,22.0,SAC,SF,80,78.0,29.8,4.4,9.8,0.453,2.6,6.3,0.411,1.9,3.5,0.527,0.584,0.8,1.0,0.765,1.1,3.5,4.6,1.2,0.8,0.5,0.8,2.0,12.2,0
2024,NBA,Keegan Murray,murrake02,23.0,SAC,SF,77,77.0,33.6,5.8,12.7,0.454,2.4,6.6,0.358,3.4,6.0,0.56,0.548,1.3,1.6,0.831,1.4,4.1,5.5,1.7,1.0,0.8,0.8,2.7,15.2,0
2022,NBA,Keifer Sykes,sykeske01,28.0,IND,PG,32,11.0,17.7,2.2,5.9,0.363,0.8,2.8,0.3,1.3,3.1,0.42,0.434,0.5,0.5,0.882,0.3,1.2,1.4,1.9,0.4,0.1,1.0,1.6,5.6,0
2019,NBA,Keita Bates-Diop,bateske01,23.0,MIN,SF,30,3.0,16.8,2.0,4.7,0.423,0.4,1.7,0.25,1.6,3.0,0.522,0.468,0.6,0.9,0.643,0.5,2.2,2.8,0.6,0.6,0.5,0.5,1.0,5.0,0
2020,NBA,Keita Bates-Diop,bateske01,24.0,2TM,SF,44,0.0,16.9,2.3,5.3,0.427,0.8,2.3,0.33,1.5,3.0,0.504,0.5,1.2,1.7,0.72,0.6,2.3,2.9,0.7,0.4,0.5,0.4,1.0,6.5,0
2021,NBA,Keita Bates-Diop,bateske01,25.0,SAS,SF,30,0.0,8.2,1.0,2.2,0.448,0.2,0.6,0.294,0.8,1.7,0.5,0.485,0.5,0.7,0.667,0.3,1.3,1.6,0.4,0.4,0.2,0.2,0.4,2.6,0
2022,NBA,Keita Bates-Diop,bateske01,26.0,SAS,SF,59,14.0,16.2,2.3,4.5,0.517,0.3,0.9,0.309,2.0,3.5,0.572,0.549,0.8,1.0,0.754,1.1,2.9,3.9,0.7,0.5,0.2,0.8,1.0,5.7,0
2023,NBA,Keita Bates-Diop,bateske01,27.0,SAS,PF,67,42.0,21.7,3.5,6.9,0.508,0.8,2.1,0.394,2.7,4.8,0.557,0.568,1.8,2.2,0.793,1.0,2.7,3.7,1.5,0.7,0.3,0.8,0.9,9.7,0
2024,NBA,Keita Bates-Diop,bateske01,28.0,2TM,SF,53,8.0,12.5,1.4,3.1,0.434,0.4,1.3,0.304,1.0,1.8,0.526,0.497,0.6,0.8,0.762,0.6,1.5,2.1,0.7,0.5,0.4,0.3,0.7,3.7,0
2020,NBA,Kelan Martin,martike03,24.0,MIN,SF,31,4.0,16.0,2.3,5.8,0.392,0.8,3.1,0.26,1.5,2.7,0.541,0.461,1.0,1.0,0.968,0.4,2.7,3.1,0.7,0.2,0.3,0.6,1.6,6.4,0
2021,NBA,Kelan Martin,martike03,25.0,IND,SF,35,0.0,9.2,1.8,3.9,0.449,0.7,1.7,0.4,1.1,2.2,0.487,0.536,0.3,0.3,0.9,0.5,1.7,2.2,0.5,0.3,0.3,0.5,1.0,4.5,0
2022,NBA,Kelan Martin,martike03,26.0,2TM,SF,30,1.0,15.0,2.3,5.7,0.409,0.7,2.5,0.293,1.6,3.2,0.5,0.474,0.3,0.4,0.692,0.6,1.3,1.8,0.7,0.4,0.3,0.5,1.2,5.7,0
2021,NBA,Keldon Johnson,johnske04,21.0,SAS,SF,69,67.0,28.5,4.9,10.2,0.479,0.9,2.6,0.331,4.0,7.6,0.531,0.522,2.1,2.8,0.74,1.3,4.6,6.0,1.8,0.6,0.3,1.1,2.1,12.8,0
2022,NBA,Keldon Johnson,johnske04,22.0,SAS,SF,75,74.0,31.9,6.3,13.5,0.466,2.1,5.3,0.398,4.2,8.2,0.51,0.545,2.4,3.1,0.756,1.1,5.0,6.1,2.1,0.8,0.2,1.2,2.0,17.0,0
2023,NBA,Keldon Johnson,johnske04,23.0,SAS,SF,63,63.0,32.7,8.0,17.7,0.452,2.1,6.5,0.329,5.9,11.2,0.523,0.512,3.9,5.2,0.749,0.9,4.2,5.0,2.9,0.7,0.2,2.1,2.0,22.0,0
2024,NBA,Keldon Johnson,johnske04,24.0,SAS,SF,69,27.0,29.5,5.7,12.5,0.454,1.8,5.3,0.346,3.8,7.2,0.533,0.527,2.5,3.2,0.792,1.4,4.1,5.5,2.8,0.7,0.3,1.4,2.2,15.7,0
2022,NBA,Keljin Blevins,blevike01,26.0,POR,SF,31,1.0,11.3,1.1,3.6,0.306,0.7,2.3,0.292,0.4,1.3,0.333,0.401,0.2,0.4,0.545,0.5,0.9,1.5,0.6,0.4,0.0,0.5,0.9,3.1,0
2015,NBA,Kelly Olynyk,olynyke01,23.0,BOS,C,64,13.0,22.2,3.9,8.3,0.475,1.0,2.7,0.349,3.0,5.5,0.538,0.533,1.5,2.1,0.684,1.4,3.3,4.7,1.7,1.0,0.6,1.5,3.3,10.3,0
2016,NBA,Kelly Olynyk,olynyke01,24.0,BOS,C,69,8.0,20.2,3.7,8.1,0.455,1.2,3.0,0.405,2.4,5.0,0.486,0.531,1.4,1.9,0.75,1.0,3.0,4.1,1.5,0.8,0.5,1.1,2.4,10.0,0
2017,NBA,Kelly Olynyk,olynyke01,25.0,BOS,C,75,6.0,20.5,3.5,6.8,0.512,0.9,2.6,0.354,2.6,4.2,0.608,0.579,1.2,1.6,0.732,1.0,3.8,4.8,2.0,0.6,0.4,1.3,2.8,9.0,0
2018,NBA,Kelly Olynyk,olynyke01,26.0,MIA,PF,76,22.0,23.4,4.2,8.4,0.497,1.4,3.7,0.379,2.8,4.7,0.59,0.58,1.8,2.3,0.77,1.2,4.5,5.7,2.7,0.8,0.5,1.9,2.9,11.5,0
2019,NBA,Kelly Olynyk,olynyke01,27.0,MIA,PF,79,36.0,22.9,3.3,7.1,0.463,1.4,4.0,0.354,1.9,3.1,0.604,0.563,1.9,2.3,0.822,0.9,3.8,4.7,1.8,0.7,0.5,1.4,2.3,10.0,0
2020,NBA,Kelly Olynyk,olynyke01,28.0,MIA,C,67,9.0,19.4,2.7,5.9,0.462,1.4,3.5,0.406,1.3,2.4,0.543,0.582,1.3,1.5,0.86,0.7,3.9,4.6,1.7,0.7,0.3,1.1,2.6,8.2,0
2021,NBA,Kelly Olynyk,olynyke01,29.0,2TM,PF,70,62.0,28.5,4.8,10.0,0.484,1.8,5.3,0.342,3.0,4.7,0.641,0.574,2.1,2.5,0.829,1.2,5.7,7.0,2.9,1.1,0.6,1.8,3.0,13.5,0
2022,NBA,Kelly Olynyk,olynyke01,30.0,DET,C,40,1.0,19.1,3.2,7.2,0.448,1.0,3.0,0.336,2.2,4.2,0.527,0.517,1.7,2.2,0.775,1.4,3.1,4.4,2.8,0.8,0.5,1.5,2.5,9.1,0
2023,NBA,Kelly Olynyk,olynyke01,31.0,UTA,C,68,68.0,28.6,4.1,8.2,0.499,1.4,3.5,0.394,2.7,4.7,0.576,0.583,2.9,3.4,0.853,1.2,5.0,6.2,3.7,0.9,0.5,2.5,3.4,12.5,0
2024,NBA,Kelly Olynyk,olynyke01,32.0,2TM,C,78,27.0,22.6,3.5,6.4,0.555,0.8,2.0,0.387,2.8,4.4,0.632,0.616,1.9,2.3,0.833,1.4,3.9,5.3,4.4,0.9,0.4,1.9,2.9,9.8,0
2016,NBA,Kelly Oubre Jr.,oubreke01,20.0,WAS,SF,63,9.0,10.7,1.4,3.3,0.427,0.4,1.3,0.316,1.0,2.1,0.492,0.486,0.5,0.8,0.633,0.4,1.7,2.1,0.2,0.3,0.1,0.5,1.6,3.7,0
2017,NBA,Kelly Oubre Jr.,oubreke01,21.0,WAS,SF,79,5.0,20.3,2.4,5.6,0.421,0.7,2.4,0.287,1.7,3.2,0.52,0.482,0.9,1.3,0.758,0.8,2.5,3.3,0.6,0.7,0.2,0.6,2.5,6.3,0
2018,NBA,Kelly Oubre Jr.,oubreke01,22.0,WAS,SF,81,11.0,27.5,3.9,9.8,0.403,1.6,4.6,0.341,2.4,5.2,0.456,0.482,2.4,2.9,0.82,0.7,3.8,4.5,1.2,1.0,0.4,1.1,2.9,11.8,0
2019,NBA,Kelly Oubre Jr.,oubreke01,23.0,2TM,SF,69,19.0,28.0,5.4,12.2,0.445,1.6,4.9,0.32,3.9,7.3,0.53,0.51,2.7,3.5,0.775,1.0,3.7,4.7,1.2,1.2,0.9,1.5,2.6,15.2,0
2020,NBA,Kelly Oubre Jr.,oubreke01,24.0,PHO,SF,56,55.0,34.5,6.7,14.8,0.452,1.9,5.5,0.352,4.7,9.3,0.511,0.517,3.4,4.4,0.78,1.2,5.3,6.4,1.5,1.3,0.7,1.5,3.4,18.7,0
2021,NBA,Kelly Oubre Jr.,oubreke01,25.0,GSW,SF,55,50.0,30.7,5.8,13.2,0.439,1.6,5.2,0.316,4.1,8.0,0.519,0.501,2.2,3.2,0.695,1.5,4.5,6.0,1.3,1.0,0.8,1.3,2.2,15.4,0
2022,NBA,Kelly Oubre Jr.,oubreke01,26.0,CHO,SF,76,13.0,26.3,5.4,12.3,0.44,2.5,7.3,0.345,2.9,5.0,0.578,0.542,1.7,2.5,0.667,1.0,2.9,4.0,1.1,1.0,0.4,0.9,2.5,15.0,0
2023,NBA,Kelly Oubre Jr.,oubreke01,27.0,CHO,SF,48,40.0,32.3,7.4,17.1,0.431,2.3,7.1,0.319,5.1,10.0,0.51,0.497,3.3,4.3,0.76,1.4,3.8,5.2,1.1,1.4,0.4,1.3,2.9,20.3,0
2024,NBA,Kelly Oubre Jr.,oubreke01,28.0,PHI,SF,68,52.0,30.2,5.7,12.9,0.441,1.5,4.8,0.311,4.2,8.1,0.517,0.498,2.6,3.4,0.75,1.4,3.6,5.0,1.5,1.1,0.7,1.3,2.9,15.4,0
2015,NBA,Kemba Walker,walkeke02,24.0,CHO,PG,62,58.0,34.2,6.1,15.8,0.385,1.4,4.5,0.304,4.7,11.3,0.418,0.429,3.8,4.6,0.827,0.6,3.0,3.5,5.1,1.4,0.5,1.6,1.5,17.3,0
2016,NBA,Kemba Walker,walkeke02,25.0,CHO,PG,81,81.0,35.6,7.0,16.4,0.427,2.2,6.0,0.371,4.8,10.4,0.459,0.495,4.6,5.4,0.847,0.7,3.7,4.4,5.2,1.6,0.5,2.1,1.4,20.9,0
2017,NBA,Kemba Walker,walkeke02,26.0,CHO,PG,79,79.0,34.7,8.1,18.3,0.444,3.0,7.6,0.399,5.1,10.7,0.476,0.527,3.8,4.5,0.847,0.6,3.3,3.9,5.5,1.1,0.3,2.1,1.5,23.2,1
2018,NBA,Kemba Walker,walkeke02,27.0,CHO,PG,80,80.0,34.2,7.4,17.0,0.431,2.9,7.5,0.384,4.5,9.5,0.469,0.516,4.5,5.3,0.864,0.4,2.7,3.1,5.6,1.1,0.3,2.2,1.2,22.1,1
2019,NBA,Kemba Walker,walkeke02,28.0,CHO,PG,82,82.0,34.9,8.9,20.5,0.434,3.2,8.9,0.356,5.7,11.6,0.494,0.511,4.6,5.5,0.844,0.6,3.8,4.4,5.9,1.2,0.4,2.6,1.6,25.6,1
2020,NBA,Kemba Walker,walkeke02,29.0,BOS,PG,56,56.0,31.1,6.8,15.9,0.425,3.2,8.4,0.381,3.5,7.4,0.476,0.526,3.7,4.3,0.864,0.6,3.2,3.9,4.8,0.9,0.5,2.1,1.6,20.4,1
2021,NBA,Kemba Walker,walkeke02,30.0,BOS,PG,43,43.0,31.8,6.6,15.7,0.42,3.0,8.2,0.36,3.7,7.5,0.486,0.514,3.1,3.5,0.899,0.4,3.6,4.0,4.9,1.1,0.3,2.0,1.4,19.3,0
2022,NBA,Kemba Walker,walkeke02,31.0,NYK,PG,37,37.0,25.6,4.0,10.0,0.403,2.0,5.4,0.367,2.1,4.6,0.444,0.501,1.6,1.9,0.845,0.4,2.6,3.0,3.5,0.7,0.2,1.3,1.0,11.6,0
2015,NBA,Kendall Marshall,marshke01,23.0,MIL,PG,28,3.0,14.9,1.6,3.6,0.455,0.6,1.6,0.391,1.0,2.0,0.509,0.545,0.3,0.3,0.889,0.1,0.9,1.0,3.1,0.8,0.0,1.3,0.9,4.2,0
2016,NBA,Kendall Marshall,marshke01,24.0,PHI,PG,30,6.0,13.3,1.4,3.9,0.364,0.5,1.6,0.327,0.9,2.3,0.391,0.432,0.3,0.4,0.692,0.1,0.9,0.9,2.4,0.5,0.1,1.4,1.0,3.7,0
2020,NBA,Kendrick Nunn,nunnke01,24.0,MIA,PG,67,67.0,29.3,6.0,13.6,0.439,2.0,5.8,0.35,3.9,7.8,0.505,0.514,1.3,1.5,0.85,0.3,2.4,2.7,3.3,0.8,0.2,1.7,2.3,15.3,0
2021,NBA,Kendrick Nunn,nunnke01,25.0,MIA,PG,56,44.0,29.5,5.7,11.8,0.485,2.2,5.7,0.381,3.5,6.0,0.583,0.578,1.0,1.1,0.933,0.4,2.8,3.2,2.6,0.9,0.3,1.4,1.9,14.6,0
2023,NBA,Kendrick Nunn,nunnke01,27.0,2TM,SG,70,2.0,13.8,2.7,6.4,0.424,1.1,3.2,0.354,1.6,3.2,0.493,0.512,0.5,0.6,0.854,0.2,1.3,1.6,1.3,0.4,0.1,0.9,0.9,7.1,0
2015,NBA,Kendrick Perkins,perkike01,30.0,2TM,C,68,3.0,16.9,1.5,3.3,0.449,0.0,0.0,0.0,1.5,3.3,0.451,0.449,0.6,1.2,0.506,1.3,3.4,4.7,0.8,0.2,0.6,1.4,2.4,3.6,0
2016,NBA,Kendrick Perkins,perkike01,31.0,NOP,C,37,5.0,14.6,1.1,2.0,0.533,0.0,0.0,0.0,1.1,2.0,0.533,0.533,0.3,0.7,0.44,0.7,2.8,3.5,0.8,0.3,0.3,1.1,1.7,2.5,0
2023,NBA,Kennedy Chandler,chandke01,20.0,MEM,PG,36,0.0,7.8,1.0,2.3,0.422,0.1,0.4,0.133,0.9,1.9,0.485,0.434,0.2,0.4,0.462,0.3,0.8,1.1,1.6,0.3,0.1,0.5,0.4,2.2,0
2015,NBA,Kenneth Faried,farieke01,25.0,DEN,PF,75,71.0,27.8,5.0,9.8,0.507,0.0,0.1,0.125,5.0,9.7,0.511,0.507,2.7,3.8,0.691,3.2,5.7,8.9,1.2,0.8,0.8,1.6,2.8,12.6,0
2016,NBA,Kenneth Faried,farieke01,26.0,DEN,PF,67,64.0,25.3,5.2,9.3,0.558,0.0,0.0,0.5,5.2,9.3,0.558,0.558,2.0,3.3,0.613,3.5,5.2,8.7,1.2,0.5,0.9,1.4,2.5,12.5,0
2017,NBA,Kenneth Faried,farieke01,27.0,DEN,PF,61,34.0,21.2,3.7,6.8,0.548,0.0,0.1,0.0,3.7,6.7,0.556,0.548,2.1,3.1,0.693,3.0,4.6,7.6,0.9,0.7,0.7,1.0,2.0,9.6,0
2018,NBA,Kenneth Faried,farieke01,28.0,DEN,PF,32,7.0,14.4,2.4,4.6,0.514,0.0,0.0,0.0,2.4,4.6,0.517,0.514,1.1,1.6,0.706,2.1,2.7,4.8,0.6,0.4,0.4,0.7,1.6,5.9,0
2019,NBA,Kenneth Faried,farieke01,29.0,2TM,C,37,13.0,19.7,4.2,7.2,0.589,0.2,0.7,0.32,4.0,6.5,0.617,0.604,1.7,2.7,0.646,2.6,4.1,6.8,0.5,0.5,0.6,0.9,2.2,10.4,0
2023,NBA,Kenneth Lofton Jr.,loftoke01,20.0,MEM,PF,24,1.0,7.3,2.0,3.9,0.527,0.3,0.7,0.353,1.8,3.2,0.566,0.559,0.7,1.1,0.593,0.8,1.3,2.1,0.8,0.2,0.1,0.5,1.2,5.0,0
2024,NBA,Kenneth Lofton Jr.,loftoke01,21.0,3TM,PF,21,0.0,9.5,1.7,3.7,0.462,0.3,1.1,0.292,1.4,2.6,0.537,0.506,0.8,1.2,0.654,0.6,1.2,1.8,1.6,0.3,0.2,0.7,1.1,4.6,0
2019,NBA,Kenrich Williams,willike04,24.0,NOP,SF,46,29.0,23.5,2.3,6.1,0.384,1.1,3.4,0.333,1.2,2.7,0.447,0.477,0.3,0.4,0.684,1.2,3.6,4.8,1.8,1.0,0.4,0.8,2.1,6.1,0
2020,NBA,Kenrich Williams,willike04,25.0,NOP,PF,39,18.0,21.3,1.3,3.8,0.347,0.6,2.5,0.258,0.7,1.3,0.52,0.432,0.2,0.7,0.346,1.3,3.5,4.8,1.5,0.7,0.5,0.6,2.3,3.5,0
2021,NBA,Kenrich Williams,willike04,26.0,OKC,PF,66,13.0,21.6,3.3,6.2,0.533,0.8,1.8,0.444,2.5,4.5,0.568,0.596,0.5,1.0,0.571,1.3,2.9,4.1,2.3,0.8,0.3,1.2,2.2,8.0,0
2022,NBA,Kenrich Williams,willike04,27.0,OKC,SF,49,0.0,21.9,3.0,6.5,0.461,0.8,2.5,0.339,2.1,4.0,0.536,0.525,0.6,1.1,0.545,1.5,3.0,4.5,2.2,0.9,0.2,0.9,1.7,7.4,0
2023,NBA,Kenrich Williams,willike04,28.0,OKC,PF,53,10.0,22.8,3.4,6.5,0.517,0.9,2.5,0.373,2.4,4.0,0.608,0.59,0.3,0.7,0.436,1.8,3.1,4.9,2.0,0.8,0.3,0.6,2.1,8.0,0
2024,NBA,Kenrich Williams,willike04,29.0,OKC,PF,69,1.0,14.9,1.9,4.1,0.468,0.8,2.0,0.397,1.1,2.0,0.54,0.568,0.1,0.2,0.5,0.9,2.1,3.0,1.3,0.6,0.1,0.5,1.5,4.7,0
2015,NBA,Kent Bazemore,bazemke01,25.0,ATL,SG,75,10.0,17.7,1.9,4.4,0.426,0.6,1.8,0.364,1.2,2.7,0.467,0.498,0.8,1.3,0.6,0.3,2.7,3.0,1.0,0.7,0.4,1.0,1.7,5.2,0
2016,NBA,Kent Bazemore,bazemke01,26.0,ATL,SF,75,68.0,27.8,4.3,9.7,0.441,1.5,4.1,0.357,2.8,5.6,0.502,0.517,1.6,2.0,0.815,0.4,4.7,5.1,2.3,1.3,0.5,1.8,2.3,11.6,0
2017,NBA,Kent Bazemore,bazemke01,27.0,ATL,SF,73,64.0,26.9,4.0,9.9,0.409,1.3,3.6,0.346,2.8,6.2,0.446,0.473,1.6,2.3,0.708,0.6,2.5,3.2,2.4,1.2,0.7,1.7,2.3,11.0,0
2018,NBA,Kent Bazemore,bazemke01,28.0,ATL,SG,65,65.0,27.5,4.4,10.4,0.42,1.7,4.2,0.394,2.7,6.2,0.438,0.5,2.5,3.1,0.796,0.4,3.4,3.8,3.5,1.5,0.7,2.4,2.3,12.9,0
2019,NBA,Kent Bazemore,bazemke01,29.0,ATL,SG,67,35.0,24.5,4.1,10.3,0.402,1.4,4.5,0.32,2.7,5.8,0.465,0.472,1.9,2.6,0.726,0.6,3.3,3.9,2.3,1.3,0.6,1.8,2.5,11.6,0
2020,NBA,Kent Bazemore,bazemke01,30.0,2TM,SF,68,21.0,24.8,2.9,7.9,0.375,1.2,3.6,0.344,1.7,4.3,0.4,0.453,1.7,2.2,0.769,0.4,3.9,4.3,1.4,1.1,0.6,1.3,2.9,8.8,0
2021,NBA,Kent Bazemore,bazemke01,31.0,GSW,SF,67,18.0,19.9,2.6,5.9,0.449,1.1,2.7,0.408,1.5,3.1,0.486,0.545,0.8,1.2,0.692,0.4,3.0,3.4,1.6,1.0,0.5,1.2,2.4,7.2,0
2022,NBA,Kent Bazemore,bazemke01,32.0,LAL,SF,39,14.0,14.0,1.2,3.6,0.324,0.7,2.1,0.363,0.4,1.5,0.271,0.428,0.3,0.4,0.765,0.3,1.4,1.8,0.9,0.6,0.2,0.5,1.8,3.4,0
2015,NBA,Kentavious Caldwell-Pope,caldwke01,21.0,DET,SG,82,82.0,31.5,4.8,11.9,0.401,1.9,5.4,0.345,2.9,6.4,0.449,0.48,1.3,1.9,0.696,0.6,2.5,3.1,1.3,1.1,0.2,1.1,2.0,12.7,0
2016,NBA,Kentavious Caldwell-Pope,caldwke01,22.0,DET,SG,76,76.0,36.7,5.3,12.6,0.42,1.5,4.9,0.309,3.8,7.8,0.489,0.479,2.4,3.0,0.811,0.9,2.8,3.7,1.8,1.4,0.2,1.4,2.2,14.5,0
2017,NBA,Kentavious Caldwell-Pope,caldwke01,23.0,DET,SG,76,75.0,33.3,4.9,12.2,0.399,2.0,5.8,0.35,2.9,6.5,0.442,0.481,2.0,2.4,0.832,0.7,2.5,3.3,2.5,1.2,0.2,1.1,1.6,13.8,0
2018,NBA,Kentavious Caldwell-Pope,caldwke01,24.0,LAL,SG,74,74.0,33.2,4.6,10.8,0.426,2.1,5.6,0.383,2.4,5.2,0.473,0.526,2.1,2.6,0.789,0.8,4.4,5.2,2.2,1.4,0.2,1.3,2.0,13.4,0
2019,NBA,Kentavious Caldwell-Pope,caldwke01,25.0,LAL,SG,82,23.0,24.8,4.0,9.2,0.43,1.8,5.3,0.347,2.1,3.9,0.542,0.53,1.7,1.9,0.867,0.6,2.3,2.9,1.3,0.9,0.2,0.8,1.7,11.4,0
2020,NBA,Kentavious Caldwell-Pope,caldwke01,26.0,LAL,SG,69,26.0,25.5,3.4,7.3,0.467,1.3,3.5,0.385,2.1,3.9,0.541,0.558,1.1,1.5,0.775,0.6,1.5,2.1,1.6,0.8,0.2,0.9,1.9,9.3,0
2021,NBA,Kentavious Caldwell-Pope,caldwke01,27.0,LAL,SG,67,67.0,28.4,3.3,7.6,0.431,1.8,4.4,0.41,1.5,3.2,0.46,0.549,1.4,1.7,0.866,0.4,2.3,2.7,1.9,0.9,0.4,1.0,1.7,9.7,0
2022,NBA,Kentavious Caldwell-Pope,caldwke01,28.0,WAS,SG,77,77.0,30.2,4.7,10.8,0.435,2.1,5.3,0.39,2.6,5.5,0.48,0.531,1.8,2.0,0.89,0.5,2.9,3.4,1.9,1.1,0.3,1.3,1.8,13.2,0
2023,NBA,Kentavious Caldwell-Pope,caldwke01,29.0,DEN,SG,76,76.0,31.3,3.8,8.3,0.462,1.8,4.2,0.423,2.1,4.1,0.502,0.569,1.4,1.6,0.824,0.5,2.3,2.7,2.4,1.5,0.5,1.1,1.9,10.8,0
2024,NBA,Kentavious Caldwell-Pope,caldwke01,30.0,DEN,SG,76,76.0,31.6,3.6,7.7,0.46,1.6,4.1,0.406,1.9,3.7,0.52,0.566,1.3,1.5,0.894,0.4,2.0,2.4,2.4,1.3,0.6,1.0,2.0,10.1,0
2024,NBA,Keon Ellis,elliske01,24.0,SAC,SG,57,21.0,17.2,1.9,4.1,0.461,1.2,2.9,0.417,0.6,1.1,0.578,0.612,0.5,0.6,0.743,0.6,1.6,2.2,1.5,0.9,0.5,0.6,2.0,5.4,0
2022,NBA,Keon Johnson,johnske07,19.0,2TM,SG,37,12.0,18.8,2.6,7.4,0.353,0.9,2.7,0.34,1.7,4.6,0.36,0.415,1.1,1.4,0.804,0.6,1.5,2.2,2.1,0.8,0.3,1.2,1.9,7.2,0
2023,NBA,Keon Johnson,johnske07,20.0,POR,SG,40,0.0,10.4,1.7,4.5,0.376,0.7,2.0,0.346,1.0,2.4,0.402,0.455,0.7,1.0,0.659,0.3,0.8,1.1,1.5,0.5,0.2,1.1,1.1,4.7,0
2022,NBA,Kessler Edwards,edwarke02,21.0,BRK,SF,48,23.0,20.6,2.3,5.6,0.412,1.0,2.8,0.353,1.3,2.7,0.473,0.502,0.3,0.4,0.842,0.9,2.7,3.6,0.6,0.6,0.5,0.9,1.8,5.9,0
2023,NBA,Kessler Edwards,edwarke02,22.0,2TM,SF,36,4.0,10.7,1.0,2.6,0.387,0.5,1.5,0.309,0.5,1.1,0.5,0.478,0.3,0.4,0.733,0.6,1.1,1.7,0.6,0.4,0.2,0.4,1.1,2.8,0
2024,NBA,Kessler Edwards,edwarke02,23.0,SAC,SF,54,0.0,5.1,0.6,1.5,0.415,0.4,1.0,0.385,0.3,0.6,0.467,0.537,0.1,0.2,0.556,0.2,0.6,0.8,0.3,0.2,0.1,0.1,0.5,1.7,0
2015,NBA,Kevin Durant,duranke01,26.0,OKC,SF,27,27.0,33.8,8.8,17.3,0.51,2.4,5.9,0.403,6.4,11.4,0.565,0.578,5.4,6.3,0.854,0.6,6.0,6.6,4.1,0.9,0.9,2.7,1.5,25.4,1
2016,NBA,Kevin Durant,duranke01,27.0,OKC,SF,72,72.0,35.8,9.7,19.2,0.505,2.6,6.7,0.387,7.1,12.5,0.569,0.573,6.2,6.9,0.898,0.6,7.6,8.2,5.0,1.0,1.2,3.5,1.9,28.2,1
2017,NBA,Kevin Durant,duranke01,28.0,GSW,PF,62,62.0,33.4,8.9,16.5,0.537,1.9,5.0,0.375,7.0,11.5,0.608,0.594,5.4,6.2,0.875,0.6,7.6,8.3,4.8,1.1,1.6,2.2,1.9,25.1,1
2018,NBA,Kevin Durant,duranke01,29.0,GSW,SF,68,68.0,34.2,9.3,18.0,0.516,2.5,6.1,0.419,6.7,11.9,0.565,0.586,5.3,5.9,0.889,0.5,6.4,6.8,5.4,0.7,1.8,3.0,2.0,26.4,1
2019,NBA,Kevin Durant,duranke01,30.0,GSW,SF,78,78.0,34.6,9.2,17.7,0.521,1.8,5.0,0.353,7.5,12.8,0.587,0.571,5.7,6.5,0.885,0.4,5.9,6.4,5.9,0.7,1.1,2.9,2.0,26.0,1
2021,NBA,Kevin Durant,duranke01,32.0,BRK,PF,35,32.0,33.1,9.3,17.2,0.537,2.4,5.4,0.45,6.8,11.8,0.577,0.608,6.0,6.8,0.882,0.4,6.7,7.1,5.6,0.7,1.3,3.4,2.0,26.9,1
2022,NBA,Kevin Durant,duranke01,33.0,BRK,PF,55,55.0,37.2,10.5,20.3,0.518,2.1,5.5,0.383,8.4,14.8,0.568,0.57,6.8,7.4,0.91,0.5,6.9,7.4,6.4,0.9,0.9,3.5,2.1,29.9,1
2023,NBA,Kevin Durant,duranke01,34.0,2TM,PF,47,47.0,35.6,10.3,18.3,0.56,2.0,4.9,0.404,8.3,13.4,0.617,0.614,6.5,7.1,0.919,0.4,6.3,6.7,5.0,0.7,1.4,3.3,2.1,29.1,1
2024,NBA,Kevin Durant,duranke01,35.0,PHO,PF,75,75.0,37.2,10.0,19.1,0.523,2.2,5.4,0.413,7.8,13.7,0.567,0.581,4.8,5.6,0.856,0.5,6.1,6.6,5.0,0.9,1.2,3.3,1.8,27.1,1
2015,NBA,Kevin Garnett,garneke01,38.0,2TM,PF,47,47.0,20.3,3.0,6.5,0.467,0.0,0.1,0.143,3.0,6.4,0.475,0.469,0.8,1.0,0.8,1.0,5.6,6.6,1.6,1.0,0.4,1.0,2.3,6.9,0
2016,NBA,Kevin Garnett,garneke01,39.0,MIN,PF,38,38.0,14.6,1.4,3.0,0.47,0.0,0.0,0.0,1.4,3.0,0.474,0.47,0.4,0.6,0.667,0.4,3.6,3.9,1.6,0.7,0.3,0.4,1.8,3.2,0
2019,NBA,Kevin Huerter,huertke01,20.0,ATL,SG,75,59.0,27.3,3.7,8.8,0.419,1.8,4.7,0.385,1.9,4.1,0.457,0.522,0.5,0.7,0.732,0.8,2.5,3.3,2.9,0.9,0.3,1.5,2.1,9.7,0
2020,NBA,Kevin Huerter,huertke01,21.0,ATL,SG,56,48.0,31.4,4.5,10.9,0.413,2.3,6.0,0.38,2.2,4.9,0.453,0.517,0.9,1.1,0.828,0.6,3.4,4.1,3.8,0.9,0.5,1.6,2.5,12.2,0
2021,NBA,Kevin Huerter,huertke01,22.0,ATL,SG,69,49.0,30.8,4.6,10.6,0.432,2.0,5.6,0.363,2.6,5.0,0.51,0.528,0.7,0.9,0.781,0.6,2.8,3.3,3.5,1.2,0.3,1.1,2.4,11.9,0
2022,NBA,Kevin Huerter,huertke01,23.0,ATL,SF,74,60.0,29.6,4.7,10.3,0.454,2.2,5.6,0.389,2.5,4.7,0.53,0.559,0.6,0.7,0.808,0.4,3.0,3.4,2.7,0.7,0.4,1.2,2.5,12.1,0
2023,NBA,Kevin Huerter,huertke01,24.0,SAC,SG,75,75.0,29.4,5.6,11.5,0.485,2.7,6.8,0.402,2.9,4.7,0.604,0.603,1.3,1.7,0.725,0.6,2.8,3.3,2.9,1.1,0.3,1.3,2.4,15.2,0
2024,NBA,Kevin Huerter,huertke01,25.0,SAC,SG,64,59.0,24.4,3.9,8.8,0.443,1.9,5.3,0.361,2.0,3.4,0.571,0.553,0.6,0.7,0.766,0.6,2.9,3.5,2.6,0.7,0.4,0.8,2.1,10.2,0
2019,NBA,Kevin Knox,knoxke01,19.0,NYK,PF,75,57.0,28.8,4.5,12.2,0.37,1.7,4.9,0.343,2.8,7.3,0.387,0.438,2.2,3.0,0.717,0.8,3.7,4.5,1.1,0.6,0.3,1.5,2.3,12.8,0
2020,NBA,Kevin Knox,knoxke01,20.0,NYK,SF,65,4.0,17.9,2.2,6.2,0.359,1.0,3.1,0.327,1.2,3.1,0.391,0.44,1.0,1.6,0.653,0.4,2.4,2.8,0.9,0.4,0.4,0.7,1.6,6.4,0
2021,NBA,Kevin Knox,knoxke01,21.0,NYK,SF,42,0.0,11.0,1.3,3.4,0.392,0.8,2.1,0.393,0.5,1.3,0.389,0.514,0.4,0.5,0.8,0.2,1.2,1.5,0.5,0.3,0.1,0.4,0.9,3.9,0
2022,NBA,Kevin Knox,knoxke01,22.0,2TM,SF,30,0.0,7.4,1.0,2.8,0.365,0.5,1.8,0.278,0.5,1.0,0.516,0.453,0.5,0.7,0.727,0.5,1.0,1.5,0.3,0.1,0.1,0.2,0.6,3.1,0
2023,NBA,Kevin Knox,knoxke01,23.0,2TM,SF,63,5.0,15.1,2.4,5.3,0.458,1.0,3.0,0.349,1.4,2.3,0.596,0.556,0.7,1.0,0.767,0.5,2.3,2.8,0.5,0.4,0.2,0.8,1.5,6.6,0
2024,NBA,Kevin Knox,knoxke01,24.0,DET,SF,31,11.0,18.1,2.8,6.0,0.462,1.0,3.0,0.33,1.8,3.0,0.598,0.546,0.6,0.7,0.909,0.6,1.8,2.4,0.7,0.4,0.2,0.7,1.6,7.2,0
2015,NBA,Kevin Love,loveke01,26.0,CLE,PF,75,75.0,33.8,5.5,12.7,0.434,1.9,5.2,0.367,3.6,7.5,0.48,0.509,3.4,4.3,0.804,1.9,7.9,9.7,2.2,0.7,0.5,1.6,1.9,16.4,0
2016,NBA,Kevin Love,loveke01,27.0,CLE,PF,77,77.0,31.5,5.3,12.7,0.419,2.1,5.7,0.36,3.3,7.0,0.467,0.499,3.4,4.1,0.822,1.9,8.0,9.9,2.4,0.8,0.5,1.8,2.1,16.0,0
2017,NBA,Kevin Love,loveke01,28.0,CLE,PF,60,60.0,31.4,6.2,14.5,0.427,2.4,6.5,0.373,3.8,8.0,0.471,0.51,4.3,4.9,0.871,2.5,8.6,11.1,1.9,0.9,0.4,2.0,2.1,19.0,1
2018,NBA,Kevin Love,loveke01,29.0,CLE,C,59,59.0,28.0,5.7,12.4,0.458,2.3,5.6,0.415,3.3,6.8,0.494,0.552,4.0,4.5,0.88,1.7,7.5,9.3,1.7,0.7,0.4,1.5,2.0,17.6,1
2019,NBA,Kevin Love,loveke01,30.0,CLE,PF,22,21.0,27.2,5.0,12.9,0.385,2.4,6.7,0.361,2.5,6.2,0.412,0.479,4.7,5.2,0.904,1.5,9.4,10.9,2.2,0.3,0.2,1.9,2.5,17.0,0
2020,NBA,Kevin Love,loveke01,31.0,CLE,PF,56,56.0,31.8,5.8,13.0,0.45,2.6,7.0,0.374,3.2,6.0,0.537,0.55,3.3,3.9,0.854,1.0,8.8,9.8,3.2,0.6,0.3,2.5,1.6,17.6,0
2021,NBA,Kevin Love,loveke01,32.0,CLE,PF,25,25.0,24.9,4.1,10.1,0.409,2.3,6.2,0.365,1.8,3.8,0.479,0.522,1.7,2.0,0.824,0.7,6.8,7.4,2.5,0.6,0.1,1.5,1.0,12.2,0
2022,NBA,Kevin Love,loveke01,33.0,CLE,C,74,4.0,22.5,4.4,10.3,0.43,2.5,6.4,0.392,1.9,3.8,0.493,0.553,2.2,2.7,0.838,1.2,6.1,7.2,2.2,0.4,0.2,1.3,1.4,13.6,0
2023,NBA,Kevin Love,loveke01,34.0,2TM,PF,62,20.0,20.0,2.7,6.8,0.389,1.6,4.8,0.334,1.1,2.1,0.516,0.506,1.3,1.5,0.879,1.0,5.5,6.4,1.9,0.3,0.2,1.1,1.6,8.2,0
2024,NBA,Kevin Love,loveke01,35.0,MIA,PF,55,5.0,16.8,2.9,6.5,0.44,1.5,4.4,0.344,1.3,2.1,0.643,0.557,1.5,2.0,0.787,1.1,5.1,6.1,2.1,0.3,0.2,0.9,1.8,8.8,0
2015,NBA,Kevin Martin,martike02,31.0,MIN,SG,39,36.0,33.4,6.8,16.0,0.427,1.9,4.9,0.393,4.9,11.1,0.442,0.487,4.4,4.9,0.881,0.5,3.2,3.6,2.3,0.8,0.0,1.9,1.9,20.0,0
2016,NBA,Kevin Martin,martike02,32.0,2TM,SG,55,13.0,19.9,2.8,7.6,0.372,0.9,2.5,0.36,1.9,5.1,0.378,0.431,2.8,3.1,0.89,0.3,1.7,2.0,1.1,0.5,0.1,1.0,1.5,9.3,0
2022,NBA,Kevin Pangos,pangoke01,29.0,CLE,PG,24,3.0,6.9,0.6,1.9,0.326,0.3,1.1,0.231,0.4,0.8,0.45,0.391,0.1,0.2,0.75,0.1,0.4,0.5,1.3,0.1,0.0,0.3,0.5,1.6,0
2020,NBA,Kevin Porter Jr.,porteke02,19.0,CLE,SF,50,3.0,23.2,3.7,8.4,0.442,1.1,3.2,0.335,2.7,5.3,0.506,0.505,1.5,2.0,0.723,0.4,2.8,3.2,2.2,0.9,0.3,1.9,2.7,10.0,0
2021,NBA,Kevin Porter Jr.,porteke02,20.0,HOU,SG,26,23.0,32.1,6.0,14.1,0.425,1.9,6.2,0.311,4.1,7.9,0.515,0.493,2.7,3.6,0.734,0.8,3.0,3.8,6.3,0.7,0.3,3.5,2.3,16.6,0
2022,NBA,Kevin Porter Jr.,porteke02,21.0,HOU,PG,61,61.0,31.3,5.5,13.2,0.415,2.5,6.8,0.375,3.0,6.5,0.456,0.511,2.0,3.2,0.642,0.7,3.7,4.4,6.2,1.1,0.4,3.1,2.6,15.6,0
2023,NBA,Kevin Porter Jr.,porteke02,22.0,HOU,PG,59,59.0,34.3,6.6,15.0,0.442,2.4,6.5,0.366,4.2,8.5,0.501,0.522,3.5,4.5,0.784,1.3,4.0,5.3,5.7,1.4,0.3,3.2,2.6,19.2,0
2015,NBA,Kevin Séraphin,serapke01,25.0,WAS,C,79,0.0,15.6,2.9,5.7,0.513,0.0,0.0,0.0,2.9,5.7,0.516,0.513,0.7,1.0,0.707,1.1,2.5,3.6,0.7,0.1,0.7,1.2,2.5,6.6,0
2016,NBA,Kevin Séraphin,serapke01,26.0,NYK,C,48,0.0,11.0,1.8,4.3,0.41,0.0,0.0,0.0,1.8,4.2,0.414,0.41,0.4,0.5,0.826,0.6,2.0,2.6,1.0,0.2,0.8,0.9,1.4,3.9,0
2017,NBA,Kevin Séraphin,serapke01,27.0,IND,PF,49,3.0,11.4,2.2,4.0,0.551,0.0,0.0,0.0,2.2,4.0,0.556,0.551,0.3,0.4,0.636,0.8,2.1,2.9,0.5,0.1,0.4,0.6,1.3,4.7,0
2023,NBA,Kevon Harris,harrike01,25.0,ORL,SG,34,0.0,13.4,1.4,3.1,0.439,0.5,1.3,0.372,0.9,1.9,0.484,0.514,0.9,1.2,0.756,0.8,1.2,2.1,0.5,0.5,0.1,0.6,1.6,4.1,0
2017,NBA,Kevon Looney,looneke01,20.0,GSW,C,53,4.0,8.4,1.1,2.0,0.523,0.0,0.2,0.222,1.0,1.8,0.551,0.533,0.4,0.6,0.618,0.8,1.5,2.3,0.5,0.3,0.3,0.3,1.2,2.5,0
2018,NBA,Kevon Looney,looneke01,21.0,GSW,C,66,4.0,13.8,1.7,2.9,0.58,0.0,0.1,0.2,1.7,2.8,0.59,0.583,0.6,1.2,0.545,1.3,2.0,3.3,0.6,0.5,0.8,0.5,1.6,4.0,0
2019,NBA,Kevon Looney,looneke01,22.0,GSW,C,80,24.0,18.5,2.7,4.3,0.625,0.0,0.1,0.1,2.7,4.2,0.641,0.627,0.8,1.3,0.619,2.4,2.8,5.2,1.5,0.6,0.7,0.6,2.6,6.3,0
2020,NBA,Kevon Looney,looneke01,23.0,GSW,C,20,4.0,13.1,1.5,4.0,0.367,0.1,0.7,0.071,1.4,3.3,0.431,0.373,0.5,0.6,0.75,1.4,1.9,3.3,1.0,0.6,0.3,0.6,1.7,3.4,0
2021,NBA,Kevon Looney,looneke01,24.0,GSW,C,61,34.0,19.0,1.8,3.2,0.548,0.1,0.3,0.235,1.7,3.0,0.578,0.558,0.5,0.8,0.646,1.9,3.4,5.3,2.0,0.3,0.4,0.6,2.2,4.1,0
2022,NBA,Kevon Looney,looneke01,25.0,GSW,C,82,80.0,21.1,2.5,4.4,0.571,0.0,0.0,0.0,2.5,4.4,0.573,0.571,0.9,1.5,0.6,2.5,4.7,7.3,2.0,0.6,0.6,0.8,2.6,6.0,0
2023,NBA,Kevon Looney,looneke01,26.0,GSW,C,82,70.0,23.9,3.0,4.7,0.63,0.0,0.0,0.0,3.0,4.7,0.632,0.63,1.1,1.9,0.606,3.3,5.9,9.3,2.5,0.6,0.6,0.5,2.7,7.0,0
2024,NBA,Kevon Looney,looneke01,27.0,GSW,C,74,36.0,16.1,1.9,3.1,0.597,0.0,0.0,0.0,1.9,3.1,0.599,0.597,0.8,1.1,0.675,1.9,3.7,5.7,1.8,0.4,0.4,0.7,2.1,4.5,0
2024,NBA,Keyonte George,georgke01,20.0,UTA,PG,75,44.0,27.0,4.3,10.9,0.391,2.0,5.9,0.334,2.3,5.0,0.459,0.482,2.5,3.0,0.848,0.2,2.6,2.8,4.4,0.5,0.1,2.5,1.2,13.0,0
2018,NBA,Khem Birch,birchkh01,25.0,ORL,C,42,0.0,13.8,1.6,3.0,0.54,0.0,0.0,0.0,1.6,3.0,0.54,0.54,1.0,1.5,0.689,1.7,2.6,4.3,0.8,0.4,0.5,0.5,1.3,4.2,0
2019,NBA,Khem Birch,birchkh01,26.0,ORL,C,50,1.0,12.9,1.8,3.0,0.603,0.0,0.0,0.0,1.8,3.0,0.607,0.603,1.2,1.7,0.699,1.6,2.2,3.8,0.8,0.4,0.6,0.4,1.4,4.8,0
2020,NBA,Khem Birch,birchkh01,27.0,ORL,C,48,24.0,19.2,1.5,3.0,0.51,0.0,0.0,0.0,1.5,3.0,0.514,0.51,1.4,2.1,0.653,1.9,2.7,4.6,1.0,0.4,0.5,0.6,1.9,4.4,0
2021,NBA,Khem Birch,birchkh01,28.0,2TM,C,67,22.0,22.8,2.8,5.7,0.497,0.2,0.8,0.25,2.6,4.9,0.537,0.514,1.4,1.9,0.705,2.6,3.2,5.8,1.3,0.7,0.7,0.7,1.7,7.2,0
2022,NBA,Khem Birch,birchkh01,29.0,TOR,C,55,28.0,18.0,1.8,3.6,0.485,0.0,0.3,0.0,1.8,3.4,0.522,0.485,1.0,1.3,0.746,2.2,2.1,4.3,1.0,0.5,0.5,0.5,1.9,4.5,0
2023,NBA,Khem Birch,birchkh01,30.0,TOR,C,20,0.0,8.1,1.0,1.6,0.594,0.1,0.1,0.5,0.9,1.5,0.6,0.609,0.2,0.3,0.8,0.4,0.9,1.3,0.4,0.3,0.3,0.4,1.2,2.2,0
2015,NBA,Khris Middleton,middlkh01,23.0,MIL,SF,79,58.0,30.1,5.1,11.0,0.467,1.4,3.4,0.407,3.8,7.6,0.494,0.53,1.7,2.0,0.859,0.6,3.8,4.4,2.3,1.5,0.1,1.4,2.3,13.4,0
2016,NBA,Khris Middleton,middlkh01,24.0,MIL,SG,79,79.0,36.1,6.4,14.5,0.444,1.8,4.6,0.396,4.6,9.9,0.466,0.507,3.5,3.9,0.888,0.6,3.3,3.8,4.2,1.7,0.2,2.3,2.6,18.2,0
2017,NBA,Khris Middleton,middlkh01,25.0,MIL,SF,29,23.0,30.7,5.2,11.5,0.45,1.6,3.6,0.433,3.6,7.9,0.459,0.518,2.8,3.2,0.88,0.4,3.9,4.2,3.4,1.4,0.2,2.2,2.7,14.7,0
2018,NBA,Khris Middleton,middlkh01,26.0,MIL,SF,82,82.0,36.4,7.2,15.5,0.466,1.8,5.0,0.359,5.5,10.5,0.517,0.524,3.9,4.4,0.884,0.5,4.7,5.2,4.0,1.5,0.3,2.3,3.3,20.1,0
2019,NBA,Khris Middleton,middlkh01,27.0,MIL,SF,77,77.0,31.1,6.6,14.9,0.441,2.3,6.2,0.378,4.2,8.8,0.485,0.519,2.8,3.4,0.837,0.6,5.3,6.0,4.3,1.0,0.1,2.3,2.2,18.3,1
2020,NBA,Khris Middleton,middlkh01,28.0,MIL,SF,62,59.0,29.9,7.6,15.3,0.497,2.4,5.7,0.415,5.2,9.6,0.546,0.575,3.4,3.7,0.916,0.7,5.5,6.2,4.3,0.9,0.1,2.2,2.3,20.9,1
2021,NBA,Khris Middleton,middlkh01,29.0,MIL,SF,68,68.0,33.4,7.5,15.8,0.476,2.2,5.4,0.414,5.3,10.4,0.508,0.546,3.1,3.5,0.898,0.8,5.2,6.0,5.4,1.1,0.1,2.6,2.4,20.4,0
2022,NBA,Khris Middleton,middlkh01,30.0,MIL,SF,66,66.0,32.4,6.8,15.5,0.443,2.5,6.6,0.373,4.4,8.9,0.494,0.522,3.9,4.4,0.89,0.6,4.8,5.4,5.4,1.2,0.3,2.9,2.4,20.1,1
2023,NBA,Khris Middleton,middlkh01,31.0,MIL,SF,33,19.0,24.3,5.4,12.3,0.436,1.5,4.9,0.315,3.8,7.4,0.516,0.499,2.8,3.1,0.902,0.8,3.4,4.2,4.9,0.7,0.2,2.2,2.1,15.1,0
2024,NBA,Khris Middleton,middlkh01,32.0,MIL,SF,55,55.0,27.0,5.8,11.7,0.493,1.7,4.5,0.381,4.1,7.2,0.563,0.566,1.8,2.2,0.833,0.7,3.9,4.7,5.3,0.9,0.3,2.3,2.6,15.1,0
2019,NBA,Khyri Thomas,thomakh01,22.0,DET,SG,26,0.0,7.5,0.8,2.7,0.319,0.4,1.3,0.286,0.5,1.3,0.353,0.391,0.3,0.4,0.636,0.2,0.6,0.8,0.3,0.3,0.2,0.2,0.8,2.3,0
2021,NBA,Killian Hayes,hayeski01,19.0,DET,PG,26,18.0,25.8,2.7,7.7,0.353,0.8,2.8,0.278,2.0,5.0,0.395,0.403,0.5,0.7,0.824,0.2,2.4,2.7,5.3,1.0,0.4,3.2,2.2,6.8,0
2022,NBA,Killian Hayes,hayeski01,20.0,DET,PG,66,40.0,25.0,2.7,7.0,0.383,0.7,2.5,0.263,2.0,4.4,0.452,0.431,0.9,1.1,0.77,0.5,2.6,3.2,4.2,1.2,0.5,1.7,2.8,6.9,0
2023,NBA,Killian Hayes,hayeski01,21.0,DET,PG,76,56.0,28.3,4.0,10.7,0.377,1.1,3.8,0.28,3.0,7.0,0.429,0.426,1.2,1.5,0.821,0.4,2.5,2.9,6.2,1.4,0.4,2.3,2.9,10.3,0
2024,NBA,Killian Hayes,hayeski01,22.0,DET,PG,42,31.0,24.0,2.8,6.7,0.413,0.5,1.8,0.297,2.3,5.0,0.455,0.452,0.8,1.2,0.66,0.3,2.6,2.8,4.9,0.9,0.5,1.2,1.8,6.9,0
2022,NBA,Killian Tillie,tilliki02,23.0,MEM,C,36,3.0,12.8,1.2,3.5,0.339,0.8,2.4,0.314,0.4,1.1,0.39,0.445,0.1,0.2,0.625,0.6,1.1,1.7,0.6,0.6,0.4,0.4,1.6,3.3,0
2021,NBA,Kira Lewis Jr.,lewiski01,19.0,NOP,PG,54,0.0,16.7,2.4,6.2,0.386,0.7,2.2,0.333,1.7,4.0,0.415,0.445,0.8,0.9,0.843,0.2,1.1,1.3,2.3,0.7,0.2,0.6,1.6,6.4,0
2022,NBA,Kira Lewis Jr.,lewiski01,20.0,NOP,PG,24,0.0,14.2,2.5,6.1,0.404,0.5,2.4,0.224,1.9,3.7,0.523,0.449,0.4,0.5,0.833,0.4,1.3,1.6,2.0,0.5,0.0,1.1,0.7,5.9,0
2023,NBA,Kira Lewis Jr.,lewiski01,21.0,NOP,PG,25,0.0,9.4,1.6,3.5,0.455,0.6,1.4,0.441,1.0,2.2,0.463,0.54,0.8,0.9,0.864,0.2,1.1,1.3,0.9,0.4,0.1,0.4,1.0,4.6,0
2024,NBA,Kira Lewis Jr.,lewiski01,22.0,3TM,PG,28,0.0,9.5,1.2,3.3,0.37,0.1,1.2,0.121,1.1,2.1,0.508,0.391,0.6,0.7,0.85,0.3,0.6,0.9,1.3,0.3,0.1,0.5,0.5,3.2,0
2015,NBA,Kirk Hinrich,hinriki01,34.0,CHI,SG,66,22.0,24.4,2.2,5.8,0.373,0.9,2.5,0.345,1.3,3.2,0.394,0.449,0.5,0.8,0.7,0.3,1.5,1.8,2.2,0.7,0.2,1.1,2.2,5.7,0
2016,NBA,Kirk Hinrich,hinriki01,35.0,2TM,PG,46,7.0,13.7,1.1,2.8,0.38,0.5,1.3,0.387,0.5,1.5,0.373,0.473,0.3,0.3,0.938,0.2,1.3,1.5,1.6,0.3,0.0,0.7,1.4,3.0,0
2015,NBA,Klay Thompson,thompkl01,24.0,GSW,SG,77,77.0,31.9,7.8,16.9,0.463,3.1,7.1,0.439,4.7,9.8,0.481,0.555,2.9,3.3,0.879,0.4,2.9,3.2,2.9,1.1,0.8,1.9,1.6,21.7,1
2016,NBA,Klay Thompson,thompkl01,25.0,GSW,SG,80,80.0,33.3,8.1,17.3,0.47,3.5,8.1,0.425,4.7,9.2,0.51,0.569,2.4,2.8,0.873,0.4,3.4,3.8,2.1,0.8,0.6,1.7,1.9,22.1,1
2017,NBA,Klay Thompson,thompkl01,26.0,GSW,SG,78,78.0,34.0,8.3,17.6,0.468,3.4,8.3,0.414,4.8,9.3,0.516,0.565,2.4,2.8,0.853,0.6,3.0,3.7,2.1,0.8,0.5,1.6,1.8,22.3,1
2018,NBA,Klay Thompson,thompkl01,27.0,GSW,SG,73,73.0,34.3,7.9,16.2,0.488,3.1,7.1,0.44,4.7,9.0,0.526,0.585,1.1,1.3,0.837,0.4,3.4,3.8,2.5,0.8,0.5,1.8,1.6,20.0,1
2019,NBA,Klay Thompson,thompkl01,28.0,GSW,SG,78,78.0,34.0,8.4,18.0,0.467,3.1,7.7,0.402,5.3,10.3,0.516,0.553,1.7,2.0,0.816,0.5,3.4,3.8,2.4,1.1,0.6,1.5,2.0,21.5,1
2022,NBA,Klay Thompson,thompkl01,31.0,GSW,SG,32,32.0,29.4,7.7,17.9,0.429,3.6,9.3,0.385,4.1,8.7,0.477,0.529,1.4,1.6,0.902,0.5,3.4,3.9,2.8,0.5,0.5,1.3,1.7,20.4,0
2023,NBA,Klay Thompson,thompkl01,32.0,GSW,SF,69,69.0,33.0,7.9,18.1,0.436,4.4,10.6,0.412,3.6,7.6,0.47,0.556,1.7,1.9,0.879,0.6,3.6,4.1,2.4,0.7,0.4,1.8,1.9,21.9,0
2024,NBA,Klay Thompson,thompkl01,33.0,GSW,SF,77,63.0,29.7,6.4,14.7,0.432,3.5,9.0,0.387,2.9,5.7,0.503,0.551,1.6,1.8,0.927,0.5,2.8,3.3,2.3,0.6,0.5,1.5,1.6,17.9,0
2024,NBA,Kobe Brown,brownko01,24.0,LAC,PF,44,0.0,9.0,0.8,2.0,0.411,0.3,1.1,0.292,0.5,1.0,0.548,0.489,0.0,0.0,0.5,0.5,1.0,1.4,0.6,0.3,0.1,0.2,1.1,2.0,0
2015,NBA,Kobe Bryant,bryanko01,36.0,LAL,SG,35,35.0,34.5,7.6,20.4,0.373,1.5,5.3,0.293,6.1,15.1,0.401,0.411,5.6,6.9,0.813,0.7,4.9,5.7,5.6,1.3,0.2,3.7,1.9,22.3,1
2016,NBA,Kobe Bryant,bryanko01,37.0,LAL,SF,66,66.0,28.2,6.0,16.9,0.358,2.0,7.1,0.285,4.0,9.8,0.41,0.417,3.5,4.3,0.826,0.6,3.1,3.7,2.8,0.9,0.2,2.0,1.7,17.6,1
2018,NBA,Kobi Simmons,simmoko01,20.0,MEM,PG,32,12.0,20.1,2.5,5.9,0.423,0.3,1.2,0.282,2.2,4.7,0.46,0.452,0.8,0.8,1.0,0.4,1.1,1.6,2.1,0.6,0.2,1.4,1.9,6.1,0
2015,NBA,Kosta Koufos,koufoko01,25.0,MEM,C,81,3.0,16.6,2.2,4.4,0.508,0.0,0.0,0.0,2.2,4.4,0.508,0.508,0.7,1.0,0.647,1.5,3.8,5.3,0.5,0.4,0.8,0.9,1.8,5.2,0
2016,NBA,Kosta Koufos,koufoko01,26.0,SAC,C,78,14.0,19.0,3.0,5.7,0.532,0.0,0.0,0.0,3.0,5.7,0.532,0.532,0.7,1.3,0.548,2.2,3.3,5.4,0.4,0.5,0.9,0.6,2.4,6.8,0
2017,NBA,Kosta Koufos,koufoko01,27.0,SAC,C,71,62.0,20.0,3.0,5.5,0.551,0.0,0.0,0.0,3.0,5.5,0.552,0.551,0.5,0.9,0.613,1.7,4.0,5.7,0.7,0.5,0.7,0.9,2.4,6.6,0
2018,NBA,Kosta Koufos,koufoko01,28.0,SAC,C,71,12.0,19.6,3.1,5.5,0.571,0.0,0.0,0.0,3.1,5.5,0.571,0.571,0.5,1.0,0.446,2.1,4.5,6.6,1.2,0.7,0.5,0.7,2.1,6.7,0
2019,NBA,Kosta Koufos,koufoko01,29.0,SAC,C,42,1.0,12.0,1.7,3.6,0.477,0.0,0.0,0.0,1.7,3.6,0.477,0.477,0.2,0.6,0.417,1.2,3.0,4.2,0.9,0.4,0.4,0.6,1.6,3.7,0
2015,NBA,Kostas Papanikolaou,papanko01,24.0,HOU,SF,43,1.0,18.5,1.6,4.6,0.35,0.7,2.5,0.292,0.9,2.1,0.418,0.429,0.3,0.4,0.722,0.9,1.8,2.7,2.0,0.7,0.3,1.3,1.7,4.2,0
2016,NBA,Kostas Papanikolaou,papanko01,25.0,DEN,SF,26,6.0,11.3,0.9,2.5,0.364,0.4,1.2,0.313,0.5,1.3,0.412,0.439,0.3,0.5,0.643,0.3,1.2,1.5,0.6,0.5,0.2,0.8,0.9,2.6,0
2017,NBA,Kris Dunn,dunnkr01,22.0,MIN,PG,78,7.0,17.1,1.5,4.0,0.377,0.3,0.9,0.288,1.2,3.1,0.404,0.411,0.5,0.8,0.61,0.3,1.8,2.1,2.4,1.0,0.5,1.1,2.3,3.8,0
2018,NBA,Kris Dunn,dunnkr01,23.0,CHI,PG,52,43.0,29.3,5.5,12.8,0.429,0.8,2.6,0.321,4.7,10.2,0.457,0.462,1.6,2.2,0.737,0.5,3.8,4.3,6.0,2.0,0.5,2.9,3.3,13.4,0
2019,NBA,Kris Dunn,dunnkr01,24.0,CHI,PG,46,44.0,30.2,4.7,11.0,0.425,0.7,2.1,0.354,3.9,8.9,0.441,0.458,1.2,1.5,0.797,0.4,3.7,4.1,6.0,1.5,0.5,2.3,3.6,11.3,0
2020,NBA,Kris Dunn,dunnkr01,25.0,CHI,PG,51,32.0,24.9,3.0,6.7,0.444,0.6,2.2,0.259,2.4,4.5,0.535,0.487,0.8,1.1,0.741,0.5,3.2,3.6,3.4,2.0,0.3,1.3,3.1,7.3,0
2023,NBA,Kris Dunn,dunnkr01,28.0,UTA,PG,22,3.0,25.8,5.3,9.8,0.537,0.8,1.6,0.472,4.5,8.2,0.55,0.576,1.9,2.4,0.774,0.4,4.1,4.5,5.6,1.1,0.5,1.6,2.6,13.2,0
2024,NBA,Kris Dunn,dunnkr01,29.0,UTA,PG,66,32.0,18.9,2.2,4.7,0.47,0.6,1.7,0.369,1.6,3.1,0.525,0.535,0.3,0.5,0.688,0.8,2.1,2.9,3.8,1.0,0.4,1.2,2.0,5.4,0
2015,NBA,Kris Humphries,humphkr01,29.0,WAS,PF,64,17.0,21.0,3.3,7.0,0.473,0.0,0.1,0.0,3.3,6.9,0.481,0.473,1.4,1.8,0.744,1.8,4.7,6.5,0.9,0.5,0.4,0.7,2.0,8.0,0
2016,NBA,Kris Humphries,humphkr01,30.0,3TM,PF,53,17.0,15.8,2.3,5.6,0.41,0.6,2.0,0.315,1.6,3.5,0.465,0.468,1.3,1.6,0.798,1.1,3.0,4.1,0.7,0.3,0.4,0.7,1.8,6.5,0
2017,NBA,Kris Humphries,humphkr01,31.0,ATL,PF,56,4.0,12.3,1.6,3.8,0.407,0.3,1.0,0.352,1.2,2.9,0.425,0.451,1.1,1.5,0.78,1.1,2.6,3.7,0.5,0.3,0.4,0.5,1.2,4.6,0
2024,NBA,Kris Murray,murrakr01,23.0,POR,SF,62,29.0,21.7,2.3,5.9,0.396,0.8,3.0,0.268,1.5,3.0,0.525,0.463,0.6,0.9,0.661,1.4,2.2,3.6,1.3,0.9,0.3,0.9,1.5,6.1,0
2016,NBA,Kristaps Porziņģis,porzikr01,20.0,NYK,PF,72,72.0,28.4,5.2,12.3,0.421,1.1,3.4,0.333,4.1,8.9,0.454,0.467,2.8,3.3,0.838,1.8,5.5,7.3,1.3,0.7,1.9,1.7,2.8,14.3,0
2017,NBA,Kristaps Porziņģis,porzikr01,21.0,NYK,PF,66,65.0,32.8,6.7,14.9,0.45,1.7,4.8,0.357,5.0,10.2,0.493,0.507,3.0,3.8,0.786,1.7,5.5,7.2,1.5,0.7,2.0,1.8,3.7,18.1,0
2018,NBA,Kristaps Porziņģis,porzikr01,22.0,NYK,PF,48,48.0,32.4,8.1,18.5,0.439,1.9,4.8,0.395,6.3,13.8,0.454,0.489,4.5,5.7,0.793,1.3,5.3,6.6,1.2,0.8,2.4,1.9,2.9,22.7,1
2020,NBA,Kristaps Porziņģis,porzikr01,24.0,DAL,C,57,57.0,31.8,7.0,16.4,0.427,2.5,7.1,0.352,4.5,9.3,0.484,0.503,4.0,5.0,0.799,1.8,7.7,9.5,1.8,0.7,2.0,1.6,3.2,20.4,0
2021,NBA,Kristaps Porziņģis,porzikr01,25.0,DAL,C,43,43.0,30.9,7.6,15.9,0.476,2.3,6.0,0.376,5.3,9.9,0.536,0.547,2.7,3.2,0.855,1.9,7.0,8.9,1.6,0.5,1.3,1.2,2.7,20.1,0
2022,NBA,Kristaps Porziņģis,porzikr01,26.0,2TM,PF,51,51.0,29.0,6.9,15.0,0.459,1.5,4.9,0.31,5.4,10.1,0.532,0.51,4.9,5.6,0.867,2.0,6.1,8.1,2.3,0.7,1.6,1.6,2.7,20.2,0
2023,NBA,Kristaps Porziņģis,porzikr01,27.0,WAS,C,65,65.0,32.6,7.8,15.7,0.498,2.1,5.5,0.385,5.7,10.2,0.559,0.565,5.4,6.4,0.851,1.8,6.6,8.4,2.7,0.9,1.5,2.1,3.0,23.2,0
2024,NBA,Kristaps Porziņģis,porzikr01,28.0,BOS,C,57,57.0,29.6,6.8,13.2,0.516,1.9,5.1,0.375,4.9,8.1,0.606,0.589,4.5,5.3,0.858,1.7,5.5,7.2,2.0,0.7,1.9,1.6,2.7,20.1,0
2020,NBA,Ky Bowman,bowmaky01,22.0,GSW,PG,45,12.0,22.6,3.0,7.1,0.417,0.7,2.4,0.308,2.2,4.8,0.472,0.469,0.8,0.9,0.829,0.5,2.2,2.7,2.9,1.0,0.2,1.6,2.3,7.4,0
2015,NBA,Kyle Anderson,anderky01,21.0,SAS,SF,33,8.0,10.8,0.9,2.7,0.348,0.1,0.3,0.273,0.8,2.4,0.359,0.365,0.3,0.4,0.643,0.2,2.0,2.2,0.8,0.5,0.2,0.3,0.8,2.2,0
2016,NBA,Kyle Anderson,anderky01,22.0,SAS,SF,78,11.0,16.0,1.8,3.8,0.468,0.2,0.5,0.324,1.6,3.3,0.488,0.488,0.8,1.1,0.747,0.3,2.8,3.1,1.6,0.8,0.4,0.8,1.2,4.5,0
2017,NBA,Kyle Anderson,anderky01,23.0,SAS,SF,72,14.0,14.2,1.3,2.9,0.445,0.2,0.6,0.375,1.1,2.3,0.462,0.481,0.6,0.8,0.789,0.5,2.4,2.9,1.3,0.7,0.4,0.5,0.9,3.4,0
2018,NBA,Kyle Anderson,anderky01,24.0,SAS,SF,74,67.0,26.7,3.1,5.9,0.527,0.3,0.8,0.333,2.9,5.1,0.556,0.549,1.4,2.0,0.712,1.1,4.2,5.4,2.7,1.6,0.8,1.3,1.5,7.9,0
2019,NBA,Kyle Anderson,anderky01,25.0,MEM,SF,43,40.0,29.8,3.5,6.4,0.543,0.2,0.8,0.265,3.3,5.6,0.583,0.56,0.9,1.5,0.578,1.1,4.7,5.8,3.0,1.3,0.9,1.3,2.6,8.0,0
2020,NBA,Kyle Anderson,anderky01,26.0,MEM,SF,67,28.0,19.9,2.3,4.9,0.474,0.4,1.3,0.282,2.0,3.7,0.541,0.511,0.8,1.2,0.667,0.9,3.4,4.3,2.4,0.8,0.6,1.0,1.7,5.8,0
2021,NBA,Kyle Anderson,anderky01,27.0,MEM,PF,69,69.0,27.3,4.5,9.5,0.468,1.4,3.8,0.36,3.1,5.8,0.539,0.54,2.1,2.7,0.783,0.8,5.0,5.7,3.6,1.2,0.8,1.2,1.7,12.4,0
2022,NBA,Kyle Anderson,anderky01,28.0,MEM,PF,69,11.0,21.5,3.0,6.8,0.446,0.5,1.6,0.33,2.5,5.2,0.481,0.484,1.0,1.5,0.638,1.0,4.3,5.3,2.7,1.1,0.7,1.0,1.6,7.6,0
2023,NBA,Kyle Anderson,anderky01,29.0,MIN,PF,69,46.0,28.4,3.7,7.2,0.509,0.6,1.5,0.41,3.0,5.7,0.536,0.553,1.4,2.0,0.735,1.0,4.4,5.3,4.9,1.1,0.9,1.5,2.1,9.4,0
2024,NBA,Kyle Anderson,anderky01,30.0,MIN,PF,79,10.0,22.6,2.5,5.5,0.46,0.1,0.6,0.229,2.4,4.9,0.488,0.472,1.2,1.7,0.708,0.8,2.7,3.5,4.2,0.9,0.6,1.2,1.6,6.4,0
2018,NBA,Kyle Collinsworth,colliky01,26.0,DAL,SF,32,2.0,15.0,1.2,3.1,0.384,0.1,0.5,0.235,1.1,2.6,0.415,0.404,0.7,1.3,0.525,1.0,2.3,3.3,1.8,0.5,0.3,0.8,1.4,3.2,0
2021,NBA,Kyle Guy,guyky01,23.0,SAC,PG,31,0.0,7.6,0.9,2.8,0.33,0.4,1.5,0.283,0.5,1.4,0.381,0.403,0.5,0.6,0.8,0.2,1.0,1.1,1.0,0.2,0.0,0.4,0.6,2.8,0
2015,NBA,Kyle Korver,korveky01,33.0,ATL,SG,75,75.0,32.2,3.9,8.0,0.487,2.9,6.0,0.492,0.9,2.0,0.47,0.671,1.4,1.6,0.898,0.2,3.9,4.1,2.6,0.7,0.6,1.4,1.9,12.1,1
2016,NBA,Kyle Korver,korveky01,34.0,ATL,SG,80,80.0,30.0,3.4,7.7,0.435,2.0,5.0,0.398,1.4,2.7,0.502,0.563,0.6,0.7,0.833,0.2,3.1,3.3,2.1,0.8,0.4,1.2,2.0,9.2,0
2017,NBA,Kyle Korver,korveky01,35.0,2TM,SG,67,22.0,26.2,3.6,7.7,0.464,2.4,5.4,0.451,1.1,2.3,0.494,0.621,0.6,0.6,0.905,0.1,2.7,2.8,1.6,0.5,0.3,1.0,1.6,10.1,0
2018,NBA,Kyle Korver,korveky01,36.0,CLE,SG,73,4.0,21.6,3.0,6.6,0.459,2.2,5.2,0.436,0.8,1.5,0.537,0.628,0.9,1.0,0.889,0.1,2.1,2.3,1.2,0.4,0.4,0.8,1.8,9.2,0
2019,NBA,Kyle Korver,korveky01,37.0,2TM,PF,70,0.0,19.1,2.9,6.9,0.416,2.0,5.0,0.397,0.9,1.9,0.467,0.559,0.9,1.0,0.822,0.1,2.2,2.3,1.2,0.4,0.2,0.8,1.5,8.6,0
2020,NBA,Kyle Korver,korveky01,38.0,MIL,SF,58,1.0,16.6,2.2,5.1,0.43,1.7,4.1,0.418,0.5,1.0,0.482,0.599,0.6,0.7,0.854,0.3,1.8,2.1,1.2,0.4,0.2,0.8,1.3,6.7,0
2018,NBA,Kyle Kuzma,kuzmaky01,22.0,LAL,PF,77,37.0,31.2,6.1,13.5,0.45,2.1,5.6,0.366,4.0,7.9,0.511,0.527,1.9,2.7,0.707,1.1,5.1,6.3,1.8,0.6,0.4,1.8,2.1,16.1,0
2019,NBA,Kyle Kuzma,kuzmaky01,23.0,LAL,PF,70,68.0,33.1,7.1,15.5,0.456,1.8,6.0,0.303,5.3,9.5,0.553,0.515,2.7,3.6,0.752,0.9,4.6,5.5,2.5,0.6,0.4,1.9,2.4,18.7,0
2020,NBA,Kyle Kuzma,kuzmaky01,24.0,LAL,PF,61,9.0,25.0,4.8,11.0,0.436,1.4,4.5,0.316,3.4,6.5,0.518,0.5,1.9,2.5,0.735,0.9,3.6,4.5,1.3,0.5,0.4,1.5,2.1,12.8,0
2021,NBA,Kyle Kuzma,kuzmaky01,25.0,LAL,SF,68,32.0,28.7,4.9,11.1,0.443,2.0,5.6,0.361,2.9,5.5,0.525,0.533,1.0,1.4,0.691,1.6,4.5,6.1,1.9,0.5,0.6,1.7,1.8,12.9,0
2022,NBA,Kyle Kuzma,kuzmaky01,26.0,WAS,PF,66,66.0,33.4,6.4,14.2,0.452,1.9,5.7,0.341,4.5,8.5,0.526,0.52,2.4,3.3,0.712,1.1,7.4,8.5,3.5,0.6,0.9,2.6,1.9,17.1,0
2023,NBA,Kyle Kuzma,kuzmaky01,27.0,WAS,PF,64,64.0,35.0,8.0,17.8,0.448,2.5,7.5,0.333,5.5,10.3,0.533,0.518,2.7,3.7,0.73,0.9,6.4,7.2,3.7,0.6,0.5,3.0,2.3,21.2,0
2024,NBA,Kyle Kuzma,kuzmaky01,28.0,WAS,PF,70,70.0,32.6,8.7,18.8,0.463,2.2,6.4,0.336,6.5,12.3,0.53,0.521,2.7,3.4,0.775,0.9,5.7,6.6,4.2,0.5,0.7,2.7,2.2,22.2,0
2015,NBA,Kyle Lowry,lowryky01,28.0,TOR,PG,70,70.0,34.5,6.1,14.9,0.412,1.9,5.6,0.338,4.3,9.3,0.457,0.476,3.6,4.5,0.808,0.8,3.9,4.7,6.8,1.6,0.2,2.5,3.0,17.8,1
2016,NBA,Kyle Lowry,lowryky01,29.0,TOR,PG,77,77.0,37.0,6.6,15.6,0.427,2.8,7.1,0.388,3.9,8.5,0.461,0.516,5.2,6.4,0.811,0.7,4.0,4.7,6.4,2.1,0.4,2.9,2.7,21.2,1
2017,NBA,Kyle Lowry,lowryky01,30.0,TOR,PG,60,60.0,37.4,7.1,15.3,0.464,3.2,7.8,0.412,3.9,7.5,0.518,0.569,5.0,6.1,0.819,0.8,4.0,4.8,7.0,1.5,0.3,2.9,2.8,22.4,1
2018,NBA,Kyle Lowry,lowryky01,31.0,TOR,PG,78,78.0,32.2,5.2,12.1,0.427,3.1,7.6,0.399,2.1,4.5,0.474,0.553,2.9,3.3,0.854,0.8,4.7,5.6,6.9,1.1,0.2,2.3,2.5,16.2,1
2019,NBA,Kyle Lowry,lowryky01,32.0,TOR,PG,65,65.0,34.0,4.7,11.4,0.411,2.4,7.0,0.347,2.3,4.4,0.514,0.518,2.5,3.0,0.83,0.6,4.2,4.8,8.7,1.4,0.5,2.8,2.6,14.2,1
2020,NBA,Kyle Lowry,lowryky01,33.0,TOR,PG,58,58.0,36.2,5.8,13.8,0.416,2.8,8.0,0.352,2.9,5.8,0.504,0.518,5.1,5.9,0.857,0.6,4.5,5.0,7.5,1.4,0.4,3.1,3.3,19.4,1
2021,NBA,Kyle Lowry,lowryky01,34.0,TOR,PG,46,46.0,34.8,5.7,13.0,0.436,2.8,7.2,0.396,2.8,5.8,0.487,0.546,3.0,3.5,0.875,0.8,4.6,5.4,7.3,1.0,0.3,2.7,3.1,17.2,0
2022,NBA,Kyle Lowry,lowryky01,35.0,MIA,PG,63,63.0,33.9,4.4,10.0,0.44,2.3,6.1,0.377,2.1,3.9,0.539,0.555,2.3,2.8,0.851,0.5,4.0,4.5,7.5,1.1,0.3,2.7,2.8,13.4,0
2023,NBA,Kyle Lowry,lowryky01,36.0,MIA,PG,55,44.0,31.2,3.6,8.8,0.404,1.9,5.6,0.345,1.6,3.2,0.509,0.514,2.1,2.5,0.859,0.8,3.3,4.1,5.1,1.0,0.4,1.9,2.6,11.2,0
2024,NBA,Kyle Lowry,lowryky01,37.0,2TM,PG,60,55.0,28.2,2.7,6.3,0.432,1.6,4.2,0.392,1.1,2.1,0.512,0.562,1.1,1.3,0.84,0.6,2.7,3.2,4.2,1.0,0.4,1.4,2.4,8.1,0
2015,NBA,Kyle O'Quinn,oquinky01,24.0,ORL,PF,51,17.0,16.2,2.3,4.7,0.492,0.2,0.8,0.279,2.1,3.9,0.538,0.517,0.9,1.1,0.772,0.9,3.0,3.9,1.2,0.6,0.8,1.1,2.2,5.8,0
2016,NBA,Kyle O'Quinn,oquinky01,25.0,NYK,PF,65,1.0,11.8,2.0,4.2,0.476,0.1,0.3,0.227,1.9,3.8,0.498,0.485,0.7,0.9,0.767,1.2,2.7,3.8,1.1,0.3,0.8,0.9,1.6,4.8,0
2017,NBA,Kyle O'Quinn,oquinky01,26.0,NYK,C,79,8.0,15.6,2.7,5.2,0.521,0.0,0.2,0.118,2.7,5.0,0.538,0.523,0.8,1.1,0.771,2.0,3.6,5.6,1.5,0.5,1.3,1.0,2.2,6.3,0
2018,NBA,Kyle O'Quinn,oquinky01,27.0,NYK,C,77,10.0,18.0,2.9,5.0,0.583,0.1,0.2,0.235,2.9,4.8,0.599,0.589,1.3,1.6,0.772,1.6,4.5,6.1,2.1,0.5,1.3,1.3,2.5,7.1,0
2019,NBA,Kyle O'Quinn,oquinky01,28.0,IND,C,45,3.0,8.2,1.5,3.0,0.507,0.0,0.3,0.083,1.5,2.8,0.548,0.511,0.4,0.5,0.81,0.6,2.0,2.6,1.2,0.2,0.6,0.7,1.5,3.5,0
2020,NBA,Kyle O'Quinn,oquinky01,29.0,PHI,C,29,2.0,10.8,1.4,2.9,0.494,0.2,0.9,0.259,1.2,2.0,0.603,0.535,0.4,0.7,0.55,1.2,2.8,4.0,1.8,0.2,0.8,0.7,1.3,3.5,0
2015,NBA,Kyle Singler,singlky01,26.0,2TM,SF,80,58.0,21.8,2.2,5.6,0.386,1.2,3.0,0.398,1.0,2.6,0.371,0.493,0.5,0.7,0.769,0.4,2.0,2.4,1.1,0.6,0.3,0.7,1.9,6.0,0
2016,NBA,Kyle Singler,singlky01,27.0,OKC,SF,68,2.0,14.4,1.3,3.3,0.389,0.4,1.4,0.309,0.8,1.8,0.452,0.457,0.4,0.6,0.659,0.7,1.3,2.1,0.4,0.4,0.1,0.5,1.8,3.4,0
2017,NBA,Kyle Singler,singlky01,28.0,OKC,SF,32,2.0,12.0,1.1,2.6,0.41,0.2,1.2,0.189,0.8,1.4,0.587,0.452,0.4,0.5,0.765,0.3,1.3,1.5,0.3,0.2,0.2,0.3,0.9,2.8,0
2015,NBA,Kyrie Irving,irvinky01,22.0,CLE,PG,75,75.0,36.4,7.7,16.5,0.468,2.1,5.0,0.415,5.6,11.4,0.491,0.532,4.2,4.9,0.863,0.7,2.4,3.2,5.2,1.5,0.3,2.5,1.9,21.7,1
2016,NBA,Kyrie Irving,irvinky01,23.0,CLE,PG,53,53.0,31.5,7.4,16.6,0.448,1.6,4.9,0.321,5.8,11.6,0.502,0.496,3.2,3.6,0.885,0.8,2.1,3.0,4.7,1.1,0.3,2.3,2.0,19.6,0
2017,NBA,Kyrie Irving,irvinky01,24.0,CLE,PG,72,72.0,35.1,9.3,19.7,0.473,2.5,6.1,0.401,6.9,13.6,0.505,0.535,4.1,4.6,0.905,0.7,2.5,3.2,5.8,1.2,0.3,2.5,2.2,25.2,1
2018,NBA,Kyrie Irving,irvinky01,25.0,BOS,PG,60,60.0,32.2,8.9,18.1,0.491,2.8,6.8,0.408,6.1,11.3,0.541,0.568,3.9,4.4,0.889,0.6,3.2,3.8,5.1,1.1,0.3,2.3,2.0,24.4,1
2019,NBA,Kyrie Irving,irvinky01,26.0,BOS,PG,67,67.0,33.0,9.0,18.5,0.487,2.6,6.5,0.401,6.4,12.0,0.533,0.557,3.2,3.7,0.873,1.1,3.9,5.0,6.9,1.5,0.5,2.6,2.5,23.8,1
2020,NBA,Kyrie Irving,irvinky01,27.0,BRK,PG,20,20.0,32.9,10.0,20.8,0.478,2.8,7.1,0.394,7.2,13.7,0.522,0.546,4.7,5.1,0.922,1.1,4.1,5.2,6.4,1.4,0.5,2.6,2.7,27.4,0
2021,NBA,Kyrie Irving,irvinky01,28.0,BRK,PG,54,54.0,34.9,10.2,20.1,0.506,2.8,7.0,0.402,7.4,13.1,0.561,0.576,3.7,4.0,0.922,1.0,3.8,4.8,6.0,1.4,0.7,2.4,2.6,26.9,1
2022,NBA,Kyrie Irving,irvinky01,29.0,BRK,PG,29,29.0,37.6,10.0,21.2,0.469,3.4,8.2,0.418,6.5,13.0,0.501,0.55,4.1,4.4,0.915,0.6,3.8,4.4,5.8,1.4,0.6,2.5,2.8,27.4,0
2023,NBA,Kyrie Irving,irvinky01,30.0,2TM,SG,60,60.0,37.4,9.9,20.1,0.494,3.1,8.3,0.379,6.8,11.8,0.574,0.572,4.1,4.6,0.905,1.0,4.1,5.1,5.5,1.1,0.8,2.1,2.8,27.1,1
2024,NBA,Kyrie Irving,irvinky01,31.0,DAL,SG,58,58.0,35.0,9.7,19.5,0.497,3.0,7.3,0.411,6.7,12.2,0.548,0.573,3.3,3.6,0.905,0.8,4.2,5.0,5.2,1.3,0.5,1.8,1.9,25.6,0
2015,NBA,LaMarcus Aldridge,aldrila01,29.0,POR,PF,71,71.0,35.4,9.3,19.9,0.466,0.5,1.5,0.352,8.8,18.5,0.475,0.479,4.3,5.1,0.845,2.5,7.7,10.2,1.7,0.7,1.0,1.7,1.8,23.4,1
2016,NBA,LaMarcus Aldridge,aldrila01,30.0,SAS,PF,74,74.0,30.6,7.2,14.1,0.513,0.0,0.2,0.0,7.2,13.9,0.521,0.513,3.5,4.1,0.858,2.4,6.2,8.5,1.5,0.5,1.1,1.3,2.0,18.0,1
2017,NBA,LaMarcus Aldridge,aldrila01,31.0,SAS,PF,72,72.0,32.4,6.9,14.6,0.477,0.3,0.8,0.411,6.6,13.8,0.48,0.488,3.1,3.8,0.812,2.4,4.9,7.3,1.9,0.6,1.2,1.4,2.2,17.3,0
2018,NBA,LaMarcus Aldridge,aldrila01,32.0,SAS,C,75,75.0,33.5,9.2,18.0,0.51,0.4,1.2,0.293,8.8,16.7,0.526,0.52,4.5,5.3,0.837,3.3,5.2,8.5,2.0,0.6,1.2,1.5,2.1,23.1,1
2019,NBA,LaMarcus Aldridge,aldrila01,33.0,SAS,C,81,81.0,33.2,8.4,16.3,0.519,0.1,0.5,0.238,8.3,15.8,0.528,0.522,4.3,5.1,0.847,3.1,6.1,9.2,2.4,0.5,1.3,1.8,2.2,21.3,1
2020,NBA,LaMarcus Aldridge,aldrila01,34.0,SAS,C,53,53.0,33.1,7.4,15.0,0.493,1.2,3.0,0.389,6.2,12.0,0.519,0.532,3.0,3.6,0.827,1.9,5.5,7.4,2.4,0.7,1.6,1.4,2.4,18.9,0
2021,NBA,LaMarcus Aldridge,aldrila01,35.0,2TM,C,26,23.0,25.9,5.4,11.4,0.473,1.2,3.1,0.388,4.2,8.3,0.505,0.525,1.6,1.8,0.872,0.7,3.8,4.5,1.9,0.4,1.1,1.0,1.8,13.5,0
2022,NBA,LaMarcus Aldridge,aldrila01,36.0,BRK,C,47,12.0,22.3,5.4,9.7,0.55,0.3,1.0,0.304,5.1,8.8,0.578,0.566,1.9,2.2,0.873,1.6,3.9,5.5,0.9,0.3,1.0,0.9,1.7,12.9,0
2021,NBA,LaMelo Ball,ballla01,19.0,CHO,PG,51,31.0,28.8,5.7,13.2,0.436,1.8,5.1,0.352,3.9,8.1,0.489,0.504,2.5,3.2,0.758,1.2,4.7,5.9,6.1,1.6,0.4,2.8,2.7,15.7,0
2022,NBA,LaMelo Ball,ballla01,20.0,CHO,PG,75,75.0,32.3,7.2,16.7,0.429,2.9,7.5,0.389,4.2,9.2,0.462,0.517,2.8,3.2,0.872,1.4,5.2,6.7,7.6,1.6,0.4,3.3,3.2,20.1,1
2023,NBA,LaMelo Ball,ballla01,21.0,CHO,PG,36,36.0,35.2,8.2,20.0,0.411,4.0,10.6,0.376,4.2,9.4,0.45,0.51,2.8,3.4,0.836,1.2,5.3,6.4,8.4,1.3,0.3,3.6,3.3,23.3,0
2024,NBA,LaMelo Ball,ballla01,22.0,CHO,PG,22,22.0,32.3,8.3,19.2,0.433,3.2,9.0,0.355,5.1,10.3,0.5,0.515,4.1,4.7,0.865,1.3,3.8,5.1,8.0,1.8,0.2,3.8,3.6,23.9,0
2016,NBA,Lamar Patterson,pattela01,24.0,ATL,SG,35,0.0,11.3,0.8,2.3,0.35,0.3,1.4,0.245,0.5,0.9,0.516,0.425,0.5,0.6,0.727,0.1,1.3,1.4,1.1,0.3,0.1,0.7,1.3,2.4,0
2021,NBA,Lamar Stevens,stevela01,23.0,CLE,PF,40,0.0,12.5,1.6,3.4,0.456,0.1,0.6,0.16,1.5,2.8,0.523,0.471,0.9,1.3,0.725,0.6,1.8,2.4,0.6,0.4,0.3,0.6,1.3,4.1,0
2022,NBA,Lamar Stevens,stevela01,24.0,CLE,PF,63,13.0,16.1,2.5,5.1,0.489,0.3,1.0,0.277,2.2,4.0,0.543,0.517,0.8,1.2,0.707,0.7,1.9,2.6,0.7,0.5,0.3,0.7,1.7,6.1,0
2023,NBA,Lamar Stevens,stevela01,25.0,CLE,SF,62,25.0,18.1,2.1,4.6,0.448,0.5,1.5,0.316,1.6,3.1,0.513,0.5,0.6,0.9,0.702,0.8,2.6,3.3,0.5,0.4,0.3,0.4,1.3,5.3,0
2024,NBA,Lamar Stevens,stevela01,26.0,2TM,PF,38,3.0,14.7,2.8,6.3,0.45,0.4,1.2,0.304,2.5,5.1,0.485,0.479,1.1,1.4,0.778,0.9,2.4,3.3,0.7,0.6,0.6,0.6,1.2,7.2,0
2015,NBA,Lance Stephenson,stephla01,24.0,CHO,SG,61,25.0,25.8,3.4,9.0,0.376,0.3,1.7,0.171,3.1,7.3,0.425,0.393,1.1,1.8,0.627,0.6,3.9,4.5,3.9,0.6,0.1,2.1,2.2,8.2,0
2016,NBA,Lance Stephenson,stephla01,25.0,2TM,SF,69,13.0,19.9,3.3,6.9,0.481,0.4,1.1,0.385,2.9,5.7,0.5,0.513,1.3,1.6,0.784,0.6,2.7,3.2,1.9,0.6,0.1,1.4,2.0,8.3,0
2018,NBA,Lance Stephenson,stephla01,27.0,IND,SG,82,7.0,22.6,3.7,8.6,0.427,0.8,2.8,0.289,2.9,5.8,0.495,0.475,1.0,1.5,0.661,0.8,4.4,5.2,2.9,0.6,0.2,1.6,2.2,9.2,0
2019,NBA,Lance Stephenson,stephla01,28.0,LAL,SG,68,3.0,16.5,2.7,6.4,0.426,1.1,2.9,0.371,1.6,3.5,0.472,0.51,0.7,1.1,0.685,0.5,2.7,3.2,2.1,0.6,0.1,1.3,1.6,7.2,0
2022,NBA,Lance Stephenson,stephla01,31.0,2TM,SG,46,1.0,17.7,3.2,7.0,0.455,0.6,2.0,0.3,2.6,5.1,0.515,0.497,1.4,1.7,0.788,0.3,2.5,2.8,3.6,0.5,0.1,1.6,2.1,8.3,0
2015,NBA,Lance Thomas,thomala01,26.0,2TM,PF,62,37.0,24.0,2.9,7.1,0.412,0.1,0.4,0.318,2.8,6.8,0.417,0.42,1.2,1.6,0.727,1.0,2.1,3.1,1.1,0.6,0.1,1.2,1.6,7.1,0
2016,NBA,Lance Thomas,thomala01,27.0,NYK,PF,59,5.0,22.3,2.9,6.5,0.442,0.7,1.8,0.404,2.1,4.6,0.458,0.5,1.7,2.0,0.857,0.6,1.6,2.2,0.9,0.4,0.1,1.0,1.8,8.2,0
2017,NBA,Lance Thomas,thomala01,28.0,NYK,PF,46,15.0,21.0,2.1,5.3,0.398,0.8,1.8,0.447,1.3,3.5,0.371,0.475,0.9,1.1,0.843,0.7,2.4,3.1,0.8,0.5,0.1,0.5,1.8,6.0,0
2018,NBA,Lance Thomas,thomala01,29.0,NYK,PF,73,31.0,18.5,1.4,3.7,0.382,0.7,1.7,0.403,0.7,2.0,0.364,0.476,0.6,0.7,0.83,0.6,1.8,2.4,0.6,0.4,0.2,0.5,1.8,4.1,0
2019,NBA,Lance Thomas,thomala01,30.0,NYK,PF,46,17.0,17.0,1.7,4.3,0.396,0.5,1.7,0.278,1.2,2.6,0.475,0.452,0.6,0.8,0.75,0.5,2.1,2.5,0.6,0.4,0.2,0.5,1.8,4.5,0
2015,NBA,Landry Fields,fieldla01,26.0,TOR,SF,26,9.0,8.3,0.8,1.6,0.488,0.0,0.1,0.5,0.7,1.5,0.487,0.5,0.2,0.2,0.833,0.4,0.6,1.0,0.6,0.4,0.0,0.3,0.3,1.8,0
2019,NBA,Landry Shamet,shamela01,21.0,2TM,SG,79,27.0,22.8,3.0,7.1,0.431,2.1,5.0,0.422,0.9,2.0,0.453,0.581,0.9,1.2,0.806,0.3,1.4,1.7,1.5,0.5,0.1,0.6,2.0,9.1,0
2020,NBA,Landry Shamet,shamela01,22.0,LAC,SG,53,30.0,27.4,3.0,7.4,0.404,2.1,5.6,0.375,0.9,1.8,0.495,0.546,1.2,1.4,0.855,0.1,1.8,1.9,1.9,0.4,0.2,0.8,2.7,9.3,0
2021,NBA,Landry Shamet,shamela01,23.0,BRK,SG,61,12.0,23.0,3.0,7.5,0.408,2.1,5.5,0.387,0.9,2.0,0.463,0.549,1.1,1.3,0.846,0.2,1.7,1.8,1.6,0.5,0.2,0.8,1.5,9.3,0
2022,NBA,Landry Shamet,shamela01,24.0,PHO,SG,69,14.0,20.8,2.8,7.0,0.394,1.8,4.8,0.368,1.0,2.2,0.45,0.521,1.0,1.2,0.84,0.2,1.6,1.8,1.6,0.4,0.1,0.6,1.3,8.3,0
2023,NBA,Landry Shamet,shamela01,25.0,PHO,SG,40,9.0,20.2,2.8,7.5,0.377,1.9,5.0,0.377,1.0,2.5,0.376,0.502,1.1,1.3,0.882,0.3,1.4,1.7,2.3,0.7,0.1,0.9,1.5,8.7,0
2024,NBA,Landry Shamet,shamela01,26.0,WAS,SG,46,5.0,15.8,2.6,6.0,0.431,1.2,3.4,0.338,1.4,2.5,0.556,0.527,0.8,1.0,0.826,0.3,1.0,1.3,1.2,0.5,0.2,0.7,1.7,7.1,0
2015,NBA,Langston Galloway,gallola01,23.0,NYK,PG,45,41.0,32.4,4.5,11.4,0.399,1.4,3.9,0.352,3.2,7.4,0.424,0.46,1.4,1.7,0.808,0.8,3.4,4.2,3.3,1.2,0.3,1.4,2.9,11.8,0
2016,NBA,Langston Galloway,gallola01,24.0,NYK,PG,82,7.0,24.8,2.8,7.2,0.393,0.9,2.7,0.344,1.9,4.4,0.423,0.458,1.0,1.4,0.754,0.5,3.0,3.5,2.5,0.9,0.3,0.7,2.2,7.6,0
2017,NBA,Langston Galloway,gallola01,25.0,2TM,PG,74,2.0,20.2,2.8,7.4,0.38,1.6,4.2,0.39,1.2,3.2,0.367,0.49,0.7,0.9,0.797,0.4,1.7,2.1,1.3,0.6,0.1,0.6,1.3,7.9,0
2018,NBA,Langston Galloway,gallola01,26.0,DET,SG,58,2.0,14.9,2.2,5.9,0.371,1.3,3.8,0.344,0.9,2.1,0.418,0.481,0.6,0.7,0.805,0.2,1.4,1.6,1.0,0.6,0.1,0.3,0.7,6.2,0
2019,NBA,Langston Galloway,gallola01,27.0,DET,SG,80,4.0,21.8,2.9,7.3,0.388,1.7,4.8,0.355,1.2,2.6,0.449,0.503,1.0,1.2,0.844,0.6,1.5,2.1,1.1,0.5,0.1,0.3,1.7,8.4,0
2020,NBA,Langston Galloway,gallola01,28.0,DET,SG,66,6.0,25.8,3.6,8.2,0.435,2.0,5.0,0.399,1.6,3.2,0.493,0.557,1.1,1.3,0.859,0.5,1.8,2.3,1.5,0.7,0.2,0.6,1.5,10.3,0
2021,NBA,Langston Galloway,gallola01,29.0,PHO,SG,40,0.0,11.0,1.7,3.7,0.449,0.9,2.1,0.424,0.8,1.6,0.484,0.571,0.6,0.6,0.957,0.2,0.9,1.1,0.7,0.2,0.0,0.3,0.6,4.8,0
2016,NBA,Larry Nance Jr.,nancela02,23.0,LAL,PF,63,22.0,20.1,2.5,4.8,0.527,0.0,0.2,0.1,2.5,4.6,0.541,0.528,0.5,0.7,0.681,1.6,3.3,5.0,0.7,0.9,0.4,0.7,2.0,5.5,0
2017,NBA,Larry Nance Jr.,nancela02,24.0,LAL,PF,63,7.0,22.9,3.0,5.7,0.526,0.2,0.6,0.278,2.9,5.2,0.554,0.54,0.9,1.3,0.738,1.9,4.0,5.9,1.5,1.3,0.6,0.9,2.4,7.1,0
2018,NBA,Larry Nance Jr.,nancela02,25.0,2TM,C,66,26.0,21.5,3.6,6.3,0.581,0.0,0.2,0.167,3.6,6.1,0.594,0.584,1.4,2.1,0.664,2.4,4.4,6.8,1.2,1.3,0.6,0.8,2.6,8.7,0
2019,NBA,Larry Nance Jr.,nancela02,26.0,CLE,C,67,30.0,26.8,3.7,7.1,0.52,0.5,1.5,0.337,3.2,5.7,0.567,0.554,1.4,2.0,0.716,2.5,5.7,8.2,3.2,1.5,0.6,1.4,2.9,9.4,0
2020,NBA,Larry Nance Jr.,nancela02,27.0,CLE,PF,56,10.0,26.3,4.1,7.7,0.531,1.0,2.8,0.352,3.1,4.9,0.636,0.596,0.9,1.3,0.676,1.9,5.4,7.3,2.2,1.0,0.4,1.1,1.6,10.1,0
2021,NBA,Larry Nance Jr.,nancela02,28.0,CLE,PF,35,27.0,31.2,3.7,7.8,0.471,1.2,3.3,0.36,2.5,4.5,0.551,0.546,0.9,1.4,0.612,1.5,5.2,6.7,3.1,1.7,0.5,1.6,2.1,9.3,0
2022,NBA,Larry Nance Jr.,nancela02,29.0,2TM,PF,46,11.0,22.6,2.8,5.4,0.522,0.5,1.5,0.329,2.3,3.8,0.599,0.569,0.9,1.2,0.702,1.6,3.8,5.4,1.8,0.9,0.4,0.8,1.8,7.0,0
2023,NBA,Larry Nance Jr.,nancela02,30.0,NOP,C,65,1.0,21.2,2.9,4.7,0.61,0.2,0.6,0.333,2.6,4.0,0.654,0.633,0.8,1.2,0.696,1.6,3.8,5.4,1.8,0.9,0.6,0.6,2.0,6.8,0
2024,NBA,Larry Nance Jr.,nancela02,31.0,NOP,C,61,0.0,19.9,2.3,4.0,0.573,0.4,1.1,0.415,1.8,2.9,0.631,0.629,0.8,1.0,0.77,1.5,3.5,5.0,1.9,1.0,0.3,0.8,1.6,5.7,0
2015,NBA,Larry Sanders,sandela01,26.0,MIL,C,27,26.0,21.7,3.2,6.4,0.5,0.0,0.0,0.0,3.2,6.4,0.5,0.5,0.9,1.8,0.5,2.5,3.7,6.1,0.9,1.0,1.4,1.0,3.9,7.3,0
2018,NBA,Lauri Markkanen,markkla01,20.0,CHI,PF,68,68.0,29.7,5.5,12.7,0.434,2.1,5.9,0.362,3.4,6.8,0.497,0.518,2.1,2.4,0.843,1.2,6.3,7.5,1.2,0.6,0.6,1.2,1.5,15.2,0
2019,NBA,Lauri Markkanen,markkla01,21.0,CHI,PF,52,51.0,32.3,6.6,15.3,0.43,2.3,6.4,0.361,4.3,8.9,0.479,0.506,3.3,3.8,0.872,1.4,7.6,9.0,1.4,0.7,0.6,1.6,2.3,18.7,0
2020,NBA,Lauri Markkanen,markkla01,22.0,CHI,PF,50,50.0,29.8,5.0,11.8,0.425,2.2,6.3,0.344,2.8,5.5,0.518,0.517,2.5,3.1,0.824,1.2,5.1,6.3,1.5,0.8,0.5,1.6,1.9,14.7,0
2021,NBA,Lauri Markkanen,markkla01,23.0,CHI,PF,51,26.0,25.8,4.9,10.2,0.48,2.3,5.8,0.402,2.6,4.4,0.582,0.594,1.5,1.8,0.826,0.7,4.6,5.3,0.9,0.5,0.3,1.0,1.5,13.6,0
2022,NBA,Lauri Markkanen,markkla01,24.0,CLE,SF,61,61.0,30.8,5.1,11.5,0.445,2.2,6.2,0.358,2.9,5.3,0.548,0.542,2.3,2.6,0.868,1.0,4.7,5.7,1.3,0.7,0.5,0.9,2.1,14.8,0
2023,NBA,Lauri Markkanen,markkla01,25.0,UTA,PF,66,66.0,34.4,8.7,17.3,0.499,3.0,7.7,0.391,5.6,9.6,0.585,0.586,5.3,6.0,0.875,2.0,6.7,8.6,1.9,0.6,0.6,1.9,2.1,25.6,1
2024,NBA,Lauri Markkanen,markkla01,26.0,UTA,PF,55,55.0,33.1,7.8,16.2,0.48,3.2,8.0,0.399,4.6,8.2,0.559,0.578,4.5,5.0,0.899,2.2,5.9,8.2,2.0,0.9,0.5,1.4,1.8,23.2,0
2015,NBA,Lavoy Allen,allenla01,25.0,IND,C,63,0.0,17.0,2.2,4.7,0.472,0.0,0.0,0.0,2.2,4.7,0.472,0.472,0.5,0.7,0.702,2.0,3.2,5.1,1.2,0.2,0.7,0.6,1.6,5.0,0
2016,NBA,Lavoy Allen,allenla01,26.0,IND,PF,79,28.0,20.2,2.4,4.7,0.516,0.0,0.0,0.0,2.4,4.7,0.516,0.516,0.6,0.9,0.63,2.1,3.3,5.4,1.0,0.3,0.5,0.9,1.9,5.4,0
2017,NBA,Lavoy Allen,allenla01,27.0,IND,PF,61,5.0,14.3,1.3,2.8,0.458,0.0,0.0,0.0,1.3,2.7,0.461,0.458,0.4,0.5,0.697,1.7,1.9,3.6,0.9,0.3,0.4,0.5,1.3,2.9,0
2015,NBA,LeBron James,jamesle01,30.0,CLE,SF,69,69.0,36.1,9.0,18.5,0.488,1.7,4.9,0.354,7.3,13.6,0.536,0.535,5.4,7.7,0.71,0.7,5.3,6.0,7.4,1.6,0.7,3.9,2.0,25.3,1
2016,NBA,LeBron James,jamesle01,31.0,CLE,SF,76,76.0,35.6,9.7,18.6,0.52,1.1,3.7,0.309,8.6,14.9,0.573,0.551,4.7,6.5,0.731,1.5,6.0,7.4,6.8,1.4,0.6,3.3,1.9,25.3,1
2017,NBA,LeBron James,jamesle01,32.0,CLE,SF,74,74.0,37.8,9.9,18.2,0.548,1.7,4.6,0.363,8.3,13.5,0.611,0.594,4.8,7.2,0.674,1.3,7.3,8.6,8.7,1.2,0.6,4.1,1.8,26.4,1
2018,NBA,LeBron James,jamesle01,33.0,CLE,PF,82,82.0,36.9,10.5,19.3,0.542,1.8,5.0,0.367,8.6,14.3,0.603,0.59,4.7,6.5,0.731,1.2,7.5,8.6,9.1,1.4,0.9,4.2,1.7,27.5,1
2019,NBA,LeBron James,jamesle01,34.0,LAL,SF,55,55.0,35.2,10.1,19.9,0.51,2.0,5.9,0.339,8.1,14.0,0.582,0.56,5.1,7.6,0.665,1.0,7.4,8.5,8.3,1.3,0.6,3.6,1.7,27.4,1
2020,NBA,LeBron James,jamesle01,35.0,LAL,PG,67,67.0,34.6,9.6,19.4,0.493,2.2,6.3,0.348,7.4,13.1,0.564,0.55,3.9,5.7,0.693,1.0,6.9,7.8,10.2,1.2,0.5,3.9,1.8,25.3,1
2021,NBA,LeBron James,jamesle01,36.0,LAL,PG,45,45.0,33.4,9.4,18.3,0.513,2.3,6.3,0.365,7.1,12.0,0.591,0.576,4.0,5.7,0.698,0.6,7.0,7.7,7.8,1.1,0.6,3.7,1.6,25.0,1
2022,NBA,LeBron James,jamesle01,37.0,LAL,C,56,56.0,37.2,11.4,21.8,0.524,2.9,8.0,0.359,8.6,13.8,0.62,0.59,4.5,6.0,0.756,1.1,7.1,8.2,6.2,1.3,1.1,3.5,2.2,30.3,1
2023,NBA,LeBron James,jamesle01,38.0,LAL,PF,55,54.0,35.5,11.1,22.2,0.5,2.2,6.9,0.321,8.9,15.3,0.58,0.549,4.6,5.9,0.768,1.2,7.1,8.3,6.8,0.9,0.6,3.2,1.6,28.9,1
2024,NBA,LeBron James,jamesle01,39.0,LAL,PF,71,71.0,35.3,9.6,17.9,0.54,2.1,5.1,0.41,7.5,12.8,0.592,0.599,4.3,5.7,0.75,0.9,6.4,7.3,8.3,1.3,0.5,3.5,1.1,25.7,1
2024,NBA,Leaky Black,blackle01,24.0,CHO,SF,26,3.0,10.9,1.0,2.0,0.481,0.3,0.8,0.45,0.6,1.2,0.5,0.567,0.4,0.6,0.667,0.3,1.5,1.8,0.9,0.3,0.4,0.2,0.7,2.7,0
2015,NBA,Leandro Barbosa,barbole01,32.0,GSW,SG,66,1.0,14.9,2.8,5.8,0.474,0.7,1.7,0.384,2.1,4.2,0.511,0.53,0.9,1.1,0.784,0.3,1.0,1.4,1.5,0.6,0.1,0.7,1.3,7.1,0
2016,NBA,Leandro Barbosa,barbole01,33.0,GSW,SG,68,0.0,15.9,2.5,5.4,0.462,0.6,1.6,0.355,1.9,3.8,0.508,0.515,0.8,0.9,0.839,0.4,1.3,1.7,1.2,0.6,0.1,0.8,1.6,6.4,0
2017,NBA,Leandro Barbosa,barbole01,34.0,PHO,SG,67,0.0,14.4,2.6,5.9,0.439,0.5,1.5,0.357,2.0,4.4,0.466,0.483,0.6,0.7,0.889,0.2,1.3,1.6,1.2,0.5,0.1,0.7,1.2,6.3,0
2022,NBA,Leandro Bolmaro,bolmale01,21.0,MIN,SF,35,2.0,6.9,0.5,1.5,0.315,0.1,0.5,0.278,0.3,1.0,0.333,0.361,0.3,0.4,0.846,0.5,0.8,1.2,0.6,0.2,0.0,0.4,0.7,1.4,0
2024,NBA,Lester Quiñones,quinole01,23.0,GSW,SG,37,0.0,10.6,1.5,3.8,0.397,0.9,2.4,0.364,0.6,1.4,0.453,0.511,0.5,0.8,0.69,0.6,1.4,1.9,1.0,0.2,0.1,0.5,1.2,4.4,0
2022,NBA,Lindy Waters III,waterli01,24.0,OKC,SG,25,1.0,18.6,2.8,7.0,0.406,2.1,5.8,0.363,0.7,1.2,0.621,0.557,0.2,0.2,0.8,0.2,2.7,2.9,1.0,0.8,0.3,0.4,1.2,8.0,0
2023,NBA,Lindy Waters III,waterli01,25.0,OKC,SG,41,0.0,13.0,1.7,4.3,0.393,1.4,4.0,0.358,0.3,0.4,0.75,0.556,0.4,0.5,0.8,0.4,1.4,1.8,0.7,0.3,0.3,0.2,1.0,5.2,0
2024,NBA,Lindy Waters III,waterli01,26.0,OKC,SG,38,0.0,7.4,1.3,2.7,0.471,1.0,2.2,0.435,0.3,0.5,0.632,0.649,0.1,0.1,1.0,0.2,0.9,1.1,0.6,0.1,0.2,0.2,0.6,3.6,0
2020,NBA,Lonnie Walker IV,walkelo01,21.0,SAS,SG,61,12.0,16.2,2.5,5.9,0.426,0.7,1.7,0.406,1.8,4.2,0.434,0.483,0.7,1.0,0.721,0.4,1.9,2.3,1.1,0.5,0.2,0.7,1.3,6.4,0
2021,NBA,Lonnie Walker IV,walkelo01,22.0,SAS,SG,60,38.0,25.4,4.3,10.2,0.42,1.7,4.7,0.355,2.6,5.5,0.477,0.502,1.0,1.2,0.814,0.2,2.4,2.6,1.7,0.5,0.3,1.1,1.7,11.2,0
2022,NBA,Lonnie Walker IV,walkelo01,23.0,SAS,SG,70,6.0,23.0,4.4,10.9,0.407,1.6,5.0,0.314,2.9,5.9,0.487,0.48,1.7,2.1,0.784,0.3,2.3,2.6,2.2,0.6,0.3,1.0,1.4,12.1,0
2023,NBA,Lonnie Walker IV,walkelo01,24.0,LAL,SG,56,32.0,23.2,4.2,9.4,0.448,1.6,4.4,0.365,2.6,5.0,0.522,0.534,1.6,1.9,0.858,0.3,1.7,1.9,1.1,0.5,0.3,0.8,1.3,11.7,0
2024,NBA,Lonnie Walker IV,walkelo01,25.0,BRK,SG,58,0.0,17.4,3.6,8.5,0.423,1.8,4.7,0.384,1.8,3.8,0.471,0.528,0.8,1.0,0.763,0.2,2.0,2.2,1.3,0.6,0.3,0.9,1.2,9.7,0
2018,NBA,Lonzo Ball,balllo01,20.0,LAL,PG,52,50.0,34.2,3.9,10.8,0.36,1.7,5.7,0.305,2.2,5.2,0.42,0.44,0.6,1.4,0.451,1.3,5.6,6.9,7.2,1.7,0.8,2.6,2.3,10.2,0
2019,NBA,Lonzo Ball,balllo01,21.0,LAL,PG,47,45.0,30.3,3.9,9.7,0.406,1.6,4.9,0.329,2.3,4.9,0.482,0.488,0.4,1.0,0.417,1.1,4.2,5.3,5.4,1.5,0.4,2.2,2.4,9.9,0
2020,NBA,Lonzo Ball,balllo01,22.0,NOP,PG,63,54.0,32.1,4.4,10.9,0.403,2.3,6.3,0.375,2.0,4.6,0.442,0.511,0.7,1.2,0.566,1.1,5.0,6.1,7.0,1.4,0.6,3.1,2.0,11.8,0
2021,NBA,Lonzo Ball,balllo01,23.0,NOP,PG,55,55.0,31.8,5.3,12.7,0.414,3.1,8.3,0.378,2.1,4.5,0.482,0.537,0.9,1.2,0.781,0.6,4.2,4.8,5.7,1.5,0.6,2.2,1.9,14.6,0
2022,NBA,Lonzo Ball,balllo01,24.0,CHI,PG,35,35.0,34.6,4.6,10.9,0.423,3.1,7.4,0.423,1.5,3.5,0.423,0.567,0.6,0.8,0.75,1.0,4.4,5.4,5.1,1.8,0.9,2.3,2.4,13.0,0
2015,NBA,Lorenzo Brown,brownlo01,24.0,MIN,PG,29,7.0,18.9,1.8,4.2,0.426,0.2,1.0,0.214,1.6,3.2,0.489,0.451,0.4,0.7,0.632,0.5,1.9,2.4,3.1,1.0,0.2,1.0,1.7,4.2,0
2019,NBA,Lorenzo Brown,brownlo01,28.0,TOR,PG,26,0.0,8.2,0.9,2.7,0.324,0.2,1.1,0.214,0.7,1.7,0.395,0.366,0.1,0.1,1.0,0.2,1.0,1.2,1.1,0.5,0.2,0.6,0.8,2.1,0
2015,NBA,Lou Amundson,amundlo01,32.0,2TM,PF,53,35.0,17.7,2.1,4.8,0.427,0.0,0.0,0.0,2.1,4.8,0.429,0.427,0.8,1.6,0.471,1.8,3.3,5.1,1.3,0.4,1.0,1.2,2.4,4.9,0
2016,NBA,Lou Amundson,amundlo01,33.0,NYK,PF,29,0.0,7.0,0.7,1.8,0.358,0.0,0.0,0.0,0.7,1.8,0.358,0.358,0.5,0.9,0.519,0.8,0.9,1.7,0.4,0.2,0.2,0.5,1.5,1.8,0
2015,NBA,Lou Williams,willilo02,28.0,TOR,SG,80,0.0,25.2,4.7,11.6,0.404,1.9,5.6,0.34,2.8,6.0,0.464,0.486,4.3,4.9,0.861,0.3,1.6,1.9,2.1,1.1,0.1,1.3,1.3,15.5,0
2016,NBA,Lou Williams,willilo02,29.0,LAL,SG,67,35.0,28.5,4.2,10.3,0.408,1.6,4.8,0.344,2.6,5.6,0.464,0.488,5.3,6.3,0.83,0.5,2.1,2.5,2.5,0.9,0.3,1.6,1.6,15.3,0
2017,NBA,Lou Williams,willilo02,30.0,2TM,SG,81,1.0,24.6,5.3,12.3,0.429,2.0,5.5,0.365,3.3,6.8,0.48,0.511,5.0,5.6,0.88,0.3,2.2,2.5,3.0,1.0,0.2,2.0,1.1,17.5,0
2018,NBA,Lou Williams,willilo02,31.0,LAC,SG,79,19.0,32.8,7.4,16.9,0.435,2.4,6.6,0.359,5.0,10.4,0.484,0.505,5.5,6.2,0.88,0.5,2.0,2.5,5.3,1.1,0.2,3.0,1.3,22.6,0
2019,NBA,Lou Williams,willilo02,32.0,LAC,SG,75,1.0,26.6,6.5,15.2,0.425,1.4,3.9,0.361,5.1,11.3,0.447,0.471,5.7,6.5,0.876,0.5,2.4,3.0,5.4,0.8,0.1,2.4,1.1,20.0,0
2020,NBA,Lou Williams,willilo02,33.0,LAC,PG,65,8.0,28.7,6.0,14.4,0.418,1.7,4.8,0.352,4.3,9.6,0.451,0.477,4.5,5.2,0.861,0.5,2.6,3.1,5.6,0.7,0.2,2.8,1.2,18.2,0
2021,NBA,Lou Williams,willilo02,34.0,2TM,PG,66,4.0,21.6,4.0,9.8,0.41,1.0,2.6,0.399,3.0,7.2,0.414,0.464,2.3,2.6,0.867,0.3,1.8,2.1,3.4,0.7,0.1,1.6,0.9,11.3,0
2022,NBA,Lou Williams,willilo02,35.0,ATL,PG,56,0.0,14.3,2.2,5.7,0.391,0.7,1.8,0.363,1.6,3.9,0.404,0.448,1.2,1.4,0.859,0.3,1.3,1.6,1.9,0.5,0.1,0.8,0.9,6.3,0
2015,NBA,Luc Mbah a Moute,mbahalu01,28.0,PHI,PF,67,61.0,28.6,3.7,9.5,0.395,0.9,3.0,0.307,2.8,6.5,0.435,0.443,1.4,2.4,0.589,1.2,3.7,4.9,1.6,1.2,0.3,1.5,1.6,9.9,0
2016,NBA,Luc Mbah a Moute,mbahalu01,29.0,LAC,PF,75,61.0,17.0,1.3,2.8,0.454,0.2,0.5,0.325,1.1,2.2,0.485,0.486,0.4,0.8,0.526,0.8,1.5,2.3,0.4,0.6,0.3,0.5,1.3,3.1,0
2017,NBA,Luc Mbah a Moute,mbahalu01,30.0,LAC,SF,80,76.0,22.3,2.4,4.7,0.505,0.5,1.4,0.391,1.9,3.4,0.552,0.562,0.7,1.1,0.678,0.6,1.6,2.1,0.5,1.0,0.4,0.6,1.5,6.1,0
2018,NBA,Luc Mbah a Moute,mbahalu01,31.0,HOU,PF,61,15.0,25.6,2.7,5.7,0.481,1.0,2.8,0.364,1.7,2.8,0.599,0.572,1.1,1.6,0.684,0.4,2.7,3.0,0.9,1.2,0.4,1.1,1.6,7.5,0
2016,NBA,Lucas Nogueira,noguelu01,23.0,TOR,C,29,1.0,7.8,1.0,1.5,0.636,0.0,0.1,0.333,0.9,1.4,0.659,0.648,0.3,0.5,0.533,0.6,1.0,1.6,0.2,0.4,0.4,0.4,1.0,2.2,0
2017,NBA,Lucas Nogueira,noguelu01,24.0,TOR,C,57,6.0,19.1,1.8,2.7,0.66,0.1,0.2,0.25,1.8,2.5,0.694,0.67,0.8,1.2,0.657,1.4,2.8,4.3,0.7,0.9,1.6,0.8,2.4,4.4,0
2018,NBA,Lucas Nogueira,noguelu01,25.0,TOR,C,49,3.0,8.5,1.0,1.6,0.613,0.1,0.4,0.263,0.9,1.2,0.721,0.644,0.4,0.6,0.679,0.4,1.4,1.8,0.4,0.5,0.9,0.3,1.0,2.5,0
2020,NBA,Luguentz Dort,dortlu01,20.0,OKC,SF,36,28.0,22.8,2.4,6.1,0.394,0.8,2.8,0.297,1.6,3.3,0.479,0.463,1.2,1.5,0.792,0.7,1.6,2.3,0.8,0.9,0.1,0.6,2.7,6.8,0
2021,NBA,Luguentz Dort,dortlu01,21.0,OKC,SG,52,52.0,29.7,4.8,12.3,0.387,2.2,6.3,0.343,2.6,6.0,0.432,0.475,2.3,3.2,0.744,0.7,2.9,3.6,1.7,0.9,0.4,1.5,2.6,14.0,0
2022,NBA,Luguentz Dort,dortlu01,22.0,OKC,SG,51,51.0,32.6,5.7,14.2,0.404,2.5,7.7,0.332,3.2,6.6,0.487,0.493,3.2,3.7,0.843,0.7,3.4,4.2,1.7,0.9,0.4,1.7,2.9,17.2,0
2023,NBA,Luguentz Dort,dortlu01,23.0,OKC,SF,74,73.0,30.7,4.6,11.8,0.388,1.8,5.5,0.33,2.8,6.3,0.44,0.466,2.7,3.5,0.772,1.7,2.9,4.6,2.1,1.0,0.3,1.2,3.3,13.7,0
2024,NBA,Luguentz Dort,dortlu01,24.0,OKC,SF,79,79.0,28.4,3.6,8.3,0.438,2.0,5.0,0.394,1.7,3.3,0.506,0.557,1.6,2.0,0.826,0.9,2.7,3.6,1.4,0.9,0.6,0.9,2.9,10.9,0
2015,NBA,Luis Scola,scolalu01,34.0,IND,PF,81,16.0,20.5,3.7,7.9,0.467,0.1,0.2,0.25,3.6,7.7,0.474,0.471,2.0,2.8,0.699,1.7,4.8,6.5,1.3,0.6,0.2,1.2,2.4,9.4,0
2016,NBA,Luis Scola,scolalu01,35.0,TOR,PF,76,76.0,21.5,3.5,7.9,0.45,0.9,2.1,0.404,2.7,5.8,0.467,0.504,0.8,1.1,0.726,1.1,3.6,4.7,0.9,0.6,0.4,0.9,2.3,8.7,0
2017,NBA,Luis Scola,scolalu01,36.0,BRK,PF,36,1.0,12.8,2.0,4.2,0.47,0.5,1.4,0.34,1.5,2.8,0.535,0.526,0.7,1.0,0.676,1.4,2.4,3.9,1.0,0.4,0.1,0.9,1.8,5.1,0
2019,NBA,Luka Dončić,doncilu01,19.0,DAL,SG,72,72.0,32.2,7.0,16.5,0.427,2.3,7.1,0.327,4.7,9.3,0.503,0.497,4.8,6.7,0.713,1.2,6.6,7.8,6.0,1.1,0.3,3.4,1.9,21.2,0
2020,NBA,Luka Dončić,doncilu01,20.0,DAL,PG,61,61.0,33.6,9.5,20.6,0.463,2.8,8.9,0.316,6.7,11.7,0.574,0.531,7.0,9.2,0.758,1.3,8.1,9.4,8.8,1.0,0.2,4.3,2.5,28.8,1
2021,NBA,Luka Dončić,doncilu01,21.0,DAL,PG,66,66.0,34.3,9.8,20.5,0.479,2.9,8.3,0.35,6.9,12.2,0.567,0.55,5.2,7.1,0.73,0.8,7.2,8.0,8.6,1.0,0.5,4.3,2.3,27.7,1
2022,NBA,Luka Dončić,doncilu01,22.0,DAL,PG,65,65.0,35.4,9.9,21.6,0.457,3.1,8.8,0.353,6.8,12.8,0.528,0.529,5.6,7.5,0.744,0.9,8.3,9.1,8.7,1.2,0.6,4.5,2.2,28.4,1
2023,NBA,Luka Dončić,doncilu01,23.0,DAL,PG,66,66.0,36.2,10.9,22.0,0.496,2.8,8.2,0.342,8.1,13.8,0.588,0.56,7.8,10.5,0.742,0.8,7.8,8.6,8.0,1.4,0.5,3.6,2.5,32.4,1
2024,NBA,Luka Dončić,doncilu01,24.0,DAL,PG,70,70.0,37.5,11.5,23.6,0.487,4.1,10.6,0.382,7.4,13.0,0.573,0.573,6.8,8.7,0.786,0.8,8.4,9.2,9.8,1.4,0.5,4.0,2.1,33.9,1
2022,NBA,Luka Garza,garzalu01,23.0,DET,C,32,5.0,12.2,2.1,4.6,0.449,0.5,1.5,0.327,1.6,3.1,0.51,0.503,1.2,1.9,0.623,1.8,1.3,3.1,0.6,0.3,0.2,0.6,1.7,5.8,0
2023,NBA,Luka Garza,garzalu01,24.0,MIN,C,28,0.0,8.7,2.3,4.1,0.543,0.5,1.4,0.359,1.8,2.8,0.636,0.603,1.5,1.9,0.788,1.2,1.1,2.3,0.6,0.1,0.1,0.5,1.5,6.5,0
2024,NBA,Luka Garza,garzalu01,25.0,MIN,C,25,0.0,4.9,1.4,3.0,0.48,0.4,1.3,0.281,1.1,1.7,0.628,0.54,0.7,1.0,0.72,0.8,0.5,1.2,0.2,0.2,0.0,0.2,1.0,4.0,0
2021,NBA,Luka Šamanić,samanlu01,21.0,SAS,PF,33,4.0,9.3,1.4,3.2,0.448,0.4,1.3,0.279,1.1,1.9,0.565,0.505,0.5,0.9,0.552,0.5,1.6,2.1,0.5,0.2,0.2,0.6,1.3,3.7,0
2024,NBA,Luka Šamanić,samanlu01,24.0,UTA,PF,43,7.0,9.4,1.4,3.7,0.38,0.3,1.5,0.203,1.1,2.2,0.5,0.421,1.0,1.3,0.786,0.5,1.9,2.4,0.4,0.1,0.2,0.7,0.7,4.1,0
2015,NBA,Luke Babbitt,babbilu01,25.0,NOP,SF,63,19.0,13.2,1.5,3.0,0.479,0.9,1.8,0.513,0.5,1.2,0.429,0.633,0.2,0.3,0.684,0.2,1.6,1.8,0.4,0.3,0.2,0.4,1.0,4.1,0
2016,NBA,Luke Babbitt,babbilu01,26.0,NOP,SF,47,13.0,18.0,2.6,6.1,0.422,0.9,2.3,0.404,1.7,3.8,0.433,0.498,0.8,1.1,0.78,0.5,2.6,3.1,1.1,0.2,0.1,0.5,1.9,7.0,0
2017,NBA,Luke Babbitt,babbilu01,27.0,MIA,SF,68,55.0,15.7,1.7,4.1,0.402,1.3,3.1,0.414,0.4,1.0,0.366,0.557,0.2,0.2,0.733,0.2,1.9,2.1,0.5,0.3,0.2,0.4,1.7,4.8,0
2018,NBA,Luke Babbitt,babbilu01,28.0,2TM,SF,50,14.0,14.3,1.8,4.3,0.423,1.2,3.1,0.385,0.6,1.2,0.525,0.563,0.3,0.4,0.773,0.1,1.8,1.9,0.6,0.2,0.1,0.4,1.1,5.2,0
2018,NBA,Luke Kennard,kennalu01,21.0,DET,SG,73,9.0,20.0,2.8,6.4,0.443,1.1,2.7,0.415,1.7,3.7,0.463,0.53,0.9,1.0,0.855,0.3,2.1,2.4,1.7,0.6,0.2,0.9,1.2,7.6,0
2019,NBA,Luke Kennard,kennalu01,22.0,DET,SG,63,10.0,22.8,3.6,8.3,0.438,1.7,4.3,0.394,1.9,4.0,0.486,0.54,0.8,1.0,0.836,0.2,2.7,2.9,1.8,0.4,0.2,0.9,1.5,9.7,0
2020,NBA,Luke Kennard,kennalu01,23.0,DET,SG,28,25.0,32.9,5.4,12.2,0.442,2.6,6.5,0.399,2.8,5.7,0.491,0.548,2.4,2.7,0.893,0.3,3.2,3.5,4.1,0.4,0.2,1.5,2.3,15.8,0
2021,NBA,Luke Kennard,kennalu01,24.0,LAC,SG,63,17.0,19.6,3.1,6.6,0.476,1.6,3.6,0.446,1.5,3.0,0.511,0.597,0.4,0.5,0.839,0.2,2.3,2.6,1.7,0.4,0.1,0.8,1.4,8.3,0
2022,NBA,Luke Kennard,kennalu01,25.0,LAC,SG,70,13.0,27.4,4.1,9.1,0.449,2.7,6.0,0.449,1.4,3.1,0.449,0.598,1.0,1.1,0.896,0.3,3.0,3.3,2.1,0.6,0.1,0.9,1.4,11.9,0
2023,NBA,Luke Kennard,kennalu01,26.0,2TM,SG,59,14.0,22.3,3.2,6.5,0.492,2.3,4.6,0.494,0.9,1.9,0.487,0.666,0.6,0.7,0.949,0.3,2.4,2.7,1.5,0.5,0.1,0.8,1.4,9.3,0
2024,NBA,Luke Kennard,kennalu01,27.0,MEM,SG,39,22.0,25.6,3.6,8.1,0.448,2.7,6.1,0.45,0.9,2.0,0.442,0.617,1.0,1.2,0.889,0.3,2.6,2.9,3.5,0.5,0.1,1.4,1.0,11.0,0
2018,NBA,Luke Kornet,kornelu01,22.0,NYK,C,20,1.0,16.3,2.5,6.3,0.392,1.4,4.0,0.354,1.1,2.3,0.457,0.504,0.4,0.6,0.727,0.6,2.7,3.2,1.3,0.3,0.8,0.6,1.4,6.7,0
2019,NBA,Luke Kornet,kornelu01,23.0,NYK,C,46,18.0,17.0,2.3,6.2,0.378,1.5,4.2,0.363,0.8,2.0,0.411,0.502,0.8,1.0,0.826,0.6,2.3,2.9,1.2,0.6,0.9,0.5,0.9,7.0,0
2020,NBA,Luke Kornet,kornelu01,24.0,CHI,C,36,14.0,15.5,2.3,5.2,0.439,0.9,3.0,0.287,1.4,2.2,0.646,0.521,0.6,0.8,0.714,0.6,1.7,2.3,0.9,0.3,0.7,0.4,1.5,6.0,0
2021,NBA,Luke Kornet,kornelu01,25.0,2TM,C,31,2.0,11.2,1.4,3.3,0.436,0.5,1.9,0.254,0.9,1.4,0.69,0.51,0.1,0.2,0.5,0.5,1.7,2.2,0.8,0.1,1.0,0.2,0.6,3.4,0
2023,NBA,Luke Kornet,kornelu01,27.0,BOS,C,69,0.0,11.7,1.6,2.5,0.665,0.0,0.2,0.231,1.6,2.3,0.701,0.674,0.5,0.6,0.821,1.2,1.6,2.9,0.8,0.2,0.7,0.4,1.2,3.8,0
2024,NBA,Luke Kornet,kornelu01,28.0,BOS,C,63,7.0,15.6,2.3,3.2,0.7,0.0,0.0,1.0,2.2,3.2,0.698,0.702,0.8,0.9,0.907,1.9,2.3,4.1,1.1,0.4,1.0,0.3,1.2,5.3,0
2015,NBA,Luke Ridnour,ridnolu01,33.0,ORL,PG,47,0.0,14.5,1.6,3.7,0.426,0.4,1.3,0.317,1.2,2.4,0.487,0.483,0.4,0.4,0.857,0.2,1.3,1.4,2.0,0.4,0.1,0.8,1.4,4.0,0
2015,NBA,Luol Deng,denglu01,29.0,MIA,SF,72,72.0,33.6,5.1,10.9,0.469,1.1,3.1,0.355,4.0,7.9,0.513,0.518,2.7,3.5,0.761,1.4,3.8,5.2,1.9,0.9,0.3,1.5,1.5,14.0,0
2016,NBA,Luol Deng,denglu01,30.0,MIA,PF,74,73.0,32.4,4.6,10.1,0.455,1.2,3.5,0.344,3.4,6.6,0.513,0.514,2.0,2.6,0.755,1.5,4.5,6.0,1.9,1.0,0.4,1.1,1.6,12.3,0
2017,NBA,Luol Deng,denglu01,31.0,LAL,SF,56,49.0,26.5,2.9,7.6,0.387,0.9,2.9,0.309,2.0,4.6,0.436,0.447,0.8,1.1,0.73,1.1,4.1,5.3,1.3,0.9,0.4,0.8,1.1,7.6,0
2019,NBA,Luol Deng,denglu01,33.0,MIN,SF,22,2.0,17.8,2.7,5.4,0.5,0.6,2.0,0.318,2.0,3.4,0.608,0.559,1.1,1.6,0.714,0.9,2.4,3.3,0.8,0.7,0.4,0.6,1.1,7.1,0
2021,NBA,Malachi Flynn,flynnma01,22.0,TOR,PG,47,14.0,19.7,2.7,7.2,0.374,1.1,3.6,0.321,1.6,3.7,0.424,0.453,1.0,1.2,0.804,0.2,2.3,2.5,2.9,0.8,0.1,0.9,1.4,7.5,0
2022,NBA,Malachi Flynn,flynnma01,23.0,TOR,PG,44,5.0,12.2,1.6,4.2,0.393,0.7,2.0,0.333,1.0,2.1,0.452,0.475,0.3,0.5,0.625,0.2,1.2,1.4,1.6,0.5,0.1,0.3,1.0,4.3,0
2023,NBA,Malachi Flynn,flynnma01,24.0,TOR,PG,53,2.0,13.0,1.6,4.6,0.36,0.9,2.5,0.353,0.8,2.1,0.367,0.457,0.5,0.6,0.758,0.3,1.2,1.4,1.3,0.4,0.1,0.5,1.2,4.6,0
2024,NBA,Malachi Flynn,flynnma01,25.0,3TM,PG,69,0.0,12.7,2.0,4.7,0.418,0.8,2.4,0.331,1.2,2.3,0.513,0.505,0.8,1.0,0.732,0.3,1.3,1.7,1.9,0.6,0.1,0.9,1.0,5.5,0
2017,NBA,Malachi Richardson,richama01,21.0,SAC,SG,22,0.0,9.0,1.3,3.1,0.412,0.4,1.3,0.286,0.9,1.8,0.5,0.471,0.7,0.9,0.789,0.1,0.9,1.0,0.5,0.2,0.0,0.4,1.0,3.6,0
2018,NBA,Malachi Richardson,richama01,22.0,2TM,SG,26,4.0,12.5,1.2,3.5,0.333,0.5,1.5,0.3,0.7,1.9,0.36,0.4,0.7,0.8,0.773,0.2,1.1,1.3,0.5,0.4,0.0,0.4,1.0,3.4,0
2019,NBA,Malachi Richardson,richama01,23.0,TOR,SG,22,0.0,4.7,0.4,1.3,0.31,0.4,1.1,0.32,0.0,0.2,0.25,0.448,0.2,0.2,0.8,0.1,0.5,0.6,0.0,0.0,0.0,0.4,0.6,1.4,0
2023,NBA,Malaki Branham,branhma01,19.0,SAS,SG,66,32.0,23.5,4.1,9.3,0.44,1.2,3.9,0.302,2.9,5.4,0.539,0.503,0.9,1.1,0.829,0.4,2.3,2.7,1.9,0.5,0.1,1.2,1.7,10.2,0
2024,NBA,Malaki Branham,branhma01,20.0,SAS,PG,75,29.0,21.3,3.6,8.4,0.432,1.2,3.6,0.347,2.4,4.8,0.494,0.506,0.7,0.8,0.873,0.4,1.6,2.0,2.1,0.4,0.1,1.2,1.3,9.2,0
2017,NBA,Malcolm Brogdon,brogdma01,24.0,MIL,SG,75,28.0,26.4,3.9,8.5,0.457,1.0,2.6,0.404,2.8,5.9,0.48,0.518,1.5,1.7,0.865,0.6,2.2,2.8,4.2,1.1,0.2,1.5,1.9,10.2,0
2018,NBA,Malcolm Brogdon,brogdma01,25.0,MIL,PG,48,20.0,29.9,5.1,10.5,0.485,1.3,3.4,0.385,3.8,7.1,0.532,0.547,1.6,1.8,0.882,0.5,2.8,3.3,3.2,0.9,0.3,1.4,2.7,13.0,0
2019,NBA,Malcolm Brogdon,brogdma01,26.0,MIL,SG,64,64.0,28.6,5.9,11.7,0.505,1.6,3.8,0.426,4.3,7.9,0.544,0.575,2.2,2.4,0.928,1.0,3.5,4.5,3.2,0.7,0.2,1.4,1.6,15.6,0
2020,NBA,Malcolm Brogdon,brogdma01,27.0,IND,PG,54,54.0,30.9,6.0,13.8,0.438,1.4,4.3,0.326,4.6,9.5,0.488,0.489,3.1,3.4,0.892,0.9,4.0,4.9,7.1,0.6,0.2,2.4,1.8,16.5,0
2021,NBA,Malcolm Brogdon,brogdma01,28.0,IND,PG,56,56.0,34.5,7.9,17.5,0.453,2.6,6.7,0.388,5.3,10.8,0.493,0.527,2.7,3.2,0.864,1.0,4.2,5.3,5.9,0.9,0.3,2.1,2.0,21.2,0
2022,NBA,Malcolm Brogdon,brogdma01,29.0,IND,PG,36,36.0,33.5,6.8,15.1,0.448,1.6,5.2,0.312,5.1,9.9,0.518,0.501,4.0,4.6,0.856,0.9,4.2,5.1,5.9,0.8,0.4,2.1,2.0,19.1,0
2023,NBA,Malcolm Brogdon,brogdma01,30.0,BOS,PG,67,0.0,26.0,5.3,10.9,0.484,2.0,4.4,0.444,3.3,6.5,0.51,0.574,2.4,2.7,0.87,0.6,3.6,4.2,3.7,0.7,0.3,1.5,1.6,14.9,0
2024,NBA,Malcolm Brogdon,brogdma01,31.0,POR,PG,39,25.0,28.7,5.6,12.7,0.44,2.1,5.1,0.412,3.5,7.6,0.458,0.522,2.4,3.0,0.819,0.7,3.1,3.8,5.5,0.7,0.2,1.5,1.5,15.7,0
2017,NBA,Malcolm Delaney,delanma01,27.0,ATL,PG,73,2.0,17.1,2.0,5.3,0.374,0.4,1.5,0.236,1.6,3.8,0.428,0.407,1.0,1.3,0.806,0.1,1.5,1.7,2.6,0.5,0.0,1.3,1.5,5.4,0
2018,NBA,Malcolm Delaney,delanma01,28.0,ATL,PG,54,3.0,18.8,2.0,5.3,0.382,0.9,2.3,0.371,1.2,3.0,0.391,0.463,1.4,1.7,0.804,0.2,1.7,1.9,3.0,0.6,0.1,1.2,1.5,6.3,0
2020,NBA,Malcolm Miller,millema01,26.0,TOR,SF,28,1.0,5.8,0.4,1.0,0.414,0.3,0.8,0.364,0.1,0.3,0.571,0.552,0.1,0.3,0.375,0.1,0.5,0.6,0.4,0.2,0.1,0.1,0.6,1.3,0
2017,NBA,Malik Beasley,beaslma01,20.0,DEN,SG,22,1.0,7.5,1.5,3.3,0.452,0.4,1.3,0.321,1.1,2.0,0.533,0.514,0.4,0.5,0.8,0.2,0.5,0.8,0.5,0.3,0.0,0.4,0.5,3.8,0
2018,NBA,Malik Beasley,beaslma01,21.0,DEN,SG,62,0.0,9.4,1.2,2.9,0.41,0.5,1.3,0.341,0.7,1.5,0.469,0.489,0.4,0.5,0.667,0.2,0.9,1.1,0.5,0.2,0.1,0.4,0.6,3.2,0
2019,NBA,Malik Beasley,beaslma01,22.0,DEN,SG,81,18.0,23.2,4.3,9.1,0.474,2.0,5.0,0.402,2.3,4.1,0.56,0.584,0.7,0.8,0.848,0.4,2.0,2.5,1.2,0.7,0.1,0.7,1.4,11.3,0
2020,NBA,Malik Beasley,beaslma01,23.0,2TM,SG,55,14.0,22.0,4.1,9.7,0.425,1.9,5.0,0.388,2.2,4.7,0.465,0.525,1.0,1.2,0.818,0.3,2.4,2.7,1.4,0.7,0.1,1.0,1.4,11.2,0
2021,NBA,Malik Beasley,beaslma01,24.0,MIN,SG,37,36.0,32.8,7.1,16.2,0.44,3.5,8.7,0.399,3.7,7.5,0.487,0.547,1.8,2.2,0.85,0.8,3.6,4.4,2.4,0.8,0.2,1.6,1.7,19.6,0
2022,NBA,Malik Beasley,beaslma01,25.0,MIN,SG,79,18.0,25.0,4.2,10.8,0.391,3.0,8.1,0.377,1.2,2.7,0.432,0.532,0.6,0.8,0.817,0.3,2.5,2.9,1.5,0.5,0.2,0.5,1.1,12.1,0
2023,NBA,Malik Beasley,beaslma01,26.0,2TM,SG,81,27.0,25.8,4.6,11.6,0.395,2.9,8.1,0.357,1.7,3.4,0.484,0.52,0.6,0.8,0.769,0.4,3.1,3.5,1.5,0.8,0.1,1.1,1.3,12.7,0
2024,NBA,Malik Beasley,beaslma01,27.0,MIL,SG,79,77.0,29.6,4.1,9.1,0.443,2.8,6.9,0.413,1.2,2.3,0.533,0.598,0.3,0.4,0.714,0.5,3.2,3.7,1.4,0.7,0.1,0.7,2.0,11.3,0
2018,NBA,Malik Monk,monkma01,19.0,CHO,SG,63,0.0,13.6,2.4,6.7,0.36,1.3,3.9,0.342,1.1,2.9,0.385,0.458,0.5,0.6,0.842,0.1,0.9,1.0,1.4,0.3,0.1,0.8,1.0,6.7,0
2019,NBA,Malik Monk,monkma01,20.0,CHO,SG,73,0.0,17.2,3.1,8.0,0.387,1.5,4.5,0.33,1.6,3.5,0.461,0.48,1.2,1.4,0.882,0.2,1.7,1.9,1.6,0.5,0.3,1.2,1.5,8.9,0
2020,NBA,Malik Monk,monkma01,21.0,CHO,SG,55,1.0,21.3,3.9,8.9,0.434,1.1,3.7,0.284,2.8,5.2,0.542,0.494,1.5,1.8,0.82,0.5,2.4,2.9,2.1,0.5,0.3,1.4,1.3,10.3,0
2021,NBA,Malik Monk,monkma01,22.0,CHO,SG,42,0.0,20.9,4.1,9.5,0.434,2.0,5.0,0.401,2.1,4.5,0.471,0.54,1.4,1.7,0.819,0.3,2.1,2.4,2.1,0.5,0.1,1.3,1.1,11.7,0
2022,NBA,Malik Monk,monkma01,23.0,LAL,SG,76,37.0,28.1,5.1,10.9,0.473,2.3,5.8,0.391,2.9,5.1,0.568,0.578,1.2,1.5,0.795,0.5,2.9,3.4,2.9,0.8,0.4,1.6,1.8,13.8,0
2023,NBA,Malik Monk,monkma01,24.0,SAC,SG,77,0.0,22.3,4.6,10.3,0.448,1.9,5.2,0.359,2.8,5.2,0.538,0.538,2.4,2.7,0.889,0.4,2.2,2.6,3.9,0.6,0.3,1.9,1.6,13.5,0
2024,NBA,Malik Monk,monkma01,25.0,SAC,SG,72,0.0,26.0,5.5,12.4,0.443,2.1,5.9,0.35,3.4,6.5,0.528,0.526,2.4,2.8,0.829,0.4,2.6,2.9,5.1,0.6,0.5,2.1,2.2,15.4,0
2023,NBA,Mamadi Diakite,diakima01,26.0,CLE,C,22,2.0,8.0,1.1,2.3,0.48,0.3,1.0,0.333,0.8,1.3,0.586,0.55,0.1,0.1,1.0,0.4,1.0,1.4,0.4,0.2,0.4,0.5,1.2,2.6,0
2015,NBA,Manu Ginóbili,ginobma01,37.0,SAS,SG,70,0.0,22.7,3.6,8.4,0.426,1.3,3.7,0.345,2.3,4.7,0.489,0.502,2.1,2.9,0.721,0.4,2.6,3.0,4.2,1.0,0.3,2.2,2.0,10.5,0
2016,NBA,Manu Ginóbili,ginobma01,38.0,SAS,SG,58,0.0,19.6,3.4,7.5,0.453,1.2,3.1,0.391,2.2,4.4,0.496,0.533,1.6,1.9,0.813,0.4,2.1,2.5,3.1,1.1,0.2,1.7,1.7,9.6,0
2017,NBA,Manu Ginóbili,ginobma01,39.0,SAS,SG,69,0.0,18.7,2.5,6.4,0.39,1.3,3.3,0.392,1.2,3.1,0.387,0.491,1.2,1.6,0.804,0.4,1.9,2.3,2.7,1.2,0.2,1.4,1.7,7.5,0
2018,NBA,Manu Ginóbili,ginobma01,40.0,SAS,SG,65,0.0,20.0,3.1,7.1,0.434,1.0,3.0,0.333,2.1,4.2,0.506,0.503,1.7,2.0,0.84,0.3,1.9,2.2,2.5,0.7,0.2,1.6,1.9,8.9,0
2023,NBA,MarJon Beauchamp,beaucma01,22.0,MIL,SF,52,11.0,13.5,1.8,4.7,0.395,0.9,2.7,0.331,0.9,1.9,0.485,0.492,0.5,0.7,0.73,0.7,1.5,2.2,0.7,0.4,0.1,0.9,1.4,5.1,0
2024,NBA,MarJon Beauchamp,beaucma01,23.0,MIL,SF,48,1.0,12.7,1.7,3.5,0.488,0.6,1.6,0.4,1.1,1.9,0.56,0.578,0.4,0.6,0.679,0.5,1.6,2.1,0.6,0.3,0.1,0.6,1.1,4.4,0
2019,NBA,MarShon Brooks,brookma01,30.0,MEM,SG,29,0.0,13.3,2.6,5.8,0.45,0.5,1.9,0.278,2.1,4.0,0.53,0.494,0.8,1.1,0.697,0.4,1.1,1.6,0.9,0.3,0.1,0.7,1.1,6.6,0
2015,NBA,Marc Gasol,gasolma01,30.0,MEM,C,81,81.0,33.2,6.5,13.2,0.494,0.0,0.2,0.176,6.5,13.0,0.5,0.496,4.3,5.4,0.795,1.4,6.4,7.8,3.8,0.9,1.6,2.2,2.6,17.4,1
2016,NBA,Marc Gasol,gasolma01,31.0,MEM,C,52,52.0,34.4,6.3,13.6,0.464,0.0,0.1,0.667,6.3,13.5,0.463,0.465,3.9,4.7,0.829,1.1,5.8,7.0,3.8,1.0,1.3,2.3,2.7,16.6,0
2017,NBA,Marc Gasol,gasolma01,32.0,MEM,C,74,74.0,34.2,7.2,15.7,0.459,1.4,3.6,0.388,5.8,12.1,0.48,0.503,3.8,4.5,0.837,0.8,5.5,6.3,4.6,0.9,1.3,2.2,2.3,19.5,1
2018,NBA,Marc Gasol,gasolma01,33.0,MEM,C,73,73.0,33.0,5.9,14.2,0.42,1.5,4.4,0.341,4.5,9.8,0.456,0.473,3.8,4.6,0.834,1.1,7.0,8.1,4.2,0.7,1.4,2.7,2.5,17.2,0
2019,NBA,Marc Gasol,gasolma01,34.0,2TM,C,79,72.0,30.8,4.9,11.0,0.448,1.3,3.5,0.363,3.7,7.6,0.487,0.505,2.4,3.2,0.759,1.0,6.9,7.9,4.4,1.1,1.1,2.0,2.7,13.6,0
2020,NBA,Marc Gasol,gasolma01,35.0,TOR,C,44,43.0,26.4,2.7,6.3,0.427,1.3,3.4,0.385,1.4,3.0,0.473,0.529,0.8,1.1,0.735,0.7,5.5,6.3,3.3,0.8,0.9,1.3,2.8,7.5,0
2021,NBA,Marc Gasol,gasolma01,36.0,LAL,C,52,42.0,19.1,1.7,3.7,0.454,1.0,2.3,0.41,0.7,1.4,0.528,0.582,0.7,1.0,0.72,0.7,3.4,4.1,2.1,0.5,1.1,1.0,2.2,5.0,0
2016,NBA,Marcelo Huertas,huertma01,32.0,LAL,PG,53,0.0,16.4,1.8,4.3,0.422,0.3,1.2,0.262,1.5,3.2,0.479,0.457,0.5,0.5,0.931,0.3,1.4,1.7,3.4,0.5,0.1,1.5,1.4,4.5,0
2017,NBA,Marcelo Huertas,huertma01,33.0,LAL,PG,23,1.0,10.3,1.1,3.0,0.368,0.2,0.8,0.211,0.9,2.1,0.429,0.397,0.4,0.7,0.529,0.1,1.0,1.0,2.3,0.4,0.1,0.8,0.7,2.7,0
2015,NBA,Marcin Gortat,gortama01,30.0,WAS,C,82,82.0,29.9,5.4,9.5,0.566,0.0,0.0,0.0,5.4,9.4,0.569,0.566,1.5,2.1,0.703,2.2,6.5,8.7,1.2,0.6,1.3,1.2,2.3,12.2,0
2016,NBA,Marcin Gortat,gortama01,31.0,WAS,C,75,74.0,30.1,5.8,10.2,0.567,0.0,0.0,0.0,5.8,10.2,0.567,0.567,1.9,2.8,0.705,3.0,6.9,9.9,1.4,0.6,1.3,1.6,2.6,13.5,0
2017,NBA,Marcin Gortat,gortama01,32.0,WAS,C,82,82.0,31.2,4.8,8.2,0.579,0.0,0.0,0.0,4.8,8.2,0.58,0.579,1.3,1.9,0.648,2.9,7.5,10.4,1.5,0.5,0.7,1.5,2.6,10.8,0
2018,NBA,Marcin Gortat,gortama01,33.0,WAS,C,82,82.0,25.3,3.5,6.8,0.518,0.0,0.0,0.0,3.5,6.8,0.518,0.518,1.3,2.0,0.675,2.2,5.4,7.6,1.8,0.5,0.7,1.2,2.1,8.4,0
2019,NBA,Marcin Gortat,gortama01,34.0,LAC,C,47,43.0,16.0,2.1,4.0,0.532,0.0,0.0,0.0,2.1,4.0,0.532,0.532,0.7,1.0,0.729,1.4,4.1,5.6,1.4,0.1,0.5,1.1,2.0,5.0,0
2015,NBA,Marco Belinelli,belinma01,28.0,SAS,SG,62,9.0,22.4,3.2,7.6,0.423,1.4,3.7,0.374,1.8,3.9,0.471,0.515,1.4,1.6,0.848,0.4,2.1,2.5,1.5,0.5,0.0,1.0,1.4,9.2,0
2016,NBA,Marco Belinelli,belinma01,29.0,SAC,SG,68,7.0,24.6,3.6,9.3,0.386,1.3,4.4,0.306,2.3,5.0,0.456,0.457,1.7,2.0,0.833,0.1,1.6,1.7,1.9,0.5,0.0,1.2,1.3,10.2,0
2017,NBA,Marco Belinelli,belinma01,30.0,CHO,SG,74,0.0,24.0,3.6,8.3,0.429,1.4,3.8,0.36,2.2,4.5,0.488,0.512,2.0,2.3,0.893,0.2,2.2,2.4,2.0,0.6,0.1,0.9,1.2,10.5,0
2018,NBA,Marco Belinelli,belinma01,31.0,2TM,SG,80,2.0,24.3,4.2,9.6,0.441,1.9,4.9,0.377,2.4,4.6,0.509,0.539,1.9,2.0,0.908,0.3,1.6,1.9,1.9,0.8,0.2,1.2,1.1,12.1,0
2019,NBA,Marco Belinelli,belinma01,32.0,SAS,SG,79,1.0,23.0,3.6,8.7,0.413,1.9,5.0,0.372,1.7,3.7,0.468,0.52,1.4,1.6,0.903,0.2,2.3,2.5,1.7,0.4,0.1,0.9,1.5,10.5,0
2020,NBA,Marco Belinelli,belinma01,33.0,SAS,SG,57,0.0,15.5,2.2,5.5,0.392,1.2,3.1,0.376,1.0,2.4,0.412,0.498,0.8,1.0,0.828,0.1,1.6,1.7,1.2,0.2,0.0,0.3,0.8,6.3,0
2018,NBA,Marcus Georges-Hunt,georgma01,23.0,MIN,SG,42,0.0,5.3,0.5,1.1,0.438,0.1,0.4,0.267,0.4,0.8,0.515,0.479,0.3,0.5,0.619,0.2,0.2,0.4,0.2,0.1,0.0,0.1,0.8,1.4,0
2015,NBA,Marcus Morris,morrima03,25.0,PHO,PF,81,35.0,25.2,4.1,9.4,0.434,1.4,3.9,0.358,2.7,5.6,0.487,0.507,0.9,1.4,0.628,0.9,3.9,4.8,1.6,0.8,0.2,0.9,2.3,10.4,0
2016,NBA,Marcus Morris,morrima03,26.0,DET,SF,80,80.0,35.7,5.1,11.8,0.434,1.4,3.7,0.362,3.8,8.1,0.467,0.491,2.5,3.4,0.749,1.1,3.9,5.1,2.5,0.8,0.3,1.8,2.1,14.1,0
2017,NBA,Marcus Morris,morrima03,27.0,DET,SF,79,79.0,32.5,5.3,12.7,0.418,1.5,4.5,0.331,3.8,8.2,0.466,0.477,1.8,2.3,0.784,1.0,3.7,4.6,2.0,0.7,0.3,1.1,2.1,14.0,0
2018,NBA,Marcus Morris,morrima03,28.0,BOS,PF,54,21.0,26.7,4.9,11.3,0.429,1.6,4.3,0.368,3.3,7.0,0.467,0.499,2.3,2.9,0.805,0.8,4.6,5.4,1.3,0.6,0.2,1.2,1.9,13.6,0
2019,NBA,Marcus Morris,morrima03,29.0,BOS,PF,75,53.0,27.9,5.0,11.3,0.447,1.9,5.2,0.375,3.1,6.1,0.508,0.533,1.9,2.3,0.844,1.0,5.1,6.1,1.5,0.6,0.3,1.2,2.4,13.9,0
2020,NBA,Marcus Morris,morrima03,30.0,2TM,PF,62,62.0,31.2,5.7,13.1,0.438,2.3,5.6,0.408,3.4,7.5,0.461,0.526,2.9,3.5,0.823,1.0,4.1,5.0,1.4,0.8,0.5,1.6,2.9,16.7,0
2021,NBA,Marcus Morris,morrima03,31.0,LAC,PF,57,29.0,26.4,4.8,10.2,0.473,2.5,5.2,0.473,2.4,5.1,0.472,0.592,1.3,1.6,0.82,0.6,3.5,4.1,1.0,0.6,0.3,1.0,2.1,13.4,0
2022,NBA,Marcus Morris,morrima03,32.0,LAC,PF,54,54.0,29.0,5.6,12.8,0.434,1.9,5.1,0.367,3.7,7.7,0.478,0.507,2.4,2.7,0.872,0.5,3.9,4.4,2.1,0.5,0.3,1.3,2.1,15.4,0
2023,NBA,Marcus Morris,morrima03,33.0,LAC,PF,65,65.0,28.1,4.2,9.9,0.426,1.7,4.7,0.364,2.5,5.2,0.484,0.513,1.0,1.3,0.782,0.4,3.5,4.0,1.8,0.6,0.3,0.9,2.1,11.2,0
2024,NBA,Marcus Morris,morrima03,34.0,2TM,PF,49,7.0,16.7,2.4,5.4,0.439,1.0,2.4,0.403,1.4,3.0,0.469,0.53,0.7,0.9,0.818,0.5,2.3,2.7,0.7,0.3,0.3,0.6,1.5,6.4,0
2024,NBA,Marcus Sasser,sassema01,23.0,DET,PG,71,11.0,19.0,3.1,7.2,0.428,1.3,3.4,0.375,1.8,3.8,0.474,0.516,0.8,0.9,0.879,0.2,1.6,1.8,3.3,0.6,0.2,1.3,1.5,8.3,0
2015,NBA,Marcus Smart,smartma01,20.0,BOS,PG,67,38.0,27.0,2.6,7.1,0.367,1.4,4.1,0.335,1.3,3.1,0.41,0.462,1.2,1.9,0.646,0.9,2.4,3.3,3.1,1.5,0.3,1.3,2.6,7.8,0
2016,NBA,Marcus Smart,smartma01,21.0,BOS,PG,61,10.0,27.3,3.0,8.7,0.348,1.0,4.0,0.253,2.0,4.7,0.427,0.405,2.1,2.7,0.777,1.2,2.9,4.2,3.0,1.5,0.3,1.3,3.0,9.1,0
2017,NBA,Marcus Smart,smartma01,22.0,BOS,SG,79,24.0,30.4,3.4,9.5,0.359,1.2,4.2,0.283,2.2,5.3,0.42,0.422,2.6,3.2,0.812,1.0,2.9,3.9,4.6,1.6,0.4,2.0,2.4,10.6,0
2018,NBA,Marcus Smart,smartma01,23.0,BOS,SG,54,11.0,29.9,3.5,9.5,0.367,1.4,4.6,0.301,2.1,4.9,0.429,0.44,1.8,2.5,0.729,0.8,2.7,3.5,4.8,1.3,0.4,2.4,2.5,10.2,0
2019,NBA,Marcus Smart,smartma01,24.0,BOS,SG,80,60.0,27.5,3.0,7.1,0.422,1.6,4.3,0.364,1.4,2.8,0.511,0.533,1.3,1.6,0.806,0.7,2.2,2.9,4.0,1.8,0.4,1.5,2.5,8.9,0
2020,NBA,Marcus Smart,smartma01,25.0,BOS,SG,60,40.0,32.0,4.3,11.4,0.375,2.3,6.6,0.347,2.0,4.8,0.415,0.476,2.1,2.5,0.836,0.7,3.1,3.8,4.9,1.7,0.5,1.7,2.7,12.9,0
2021,NBA,Marcus Smart,smartma01,26.0,BOS,PG,48,45.0,32.9,4.2,10.6,0.398,1.9,5.9,0.33,2.3,4.8,0.482,0.489,2.7,3.4,0.79,0.8,2.7,3.5,5.7,1.5,0.5,2.0,2.6,13.1,0
2022,NBA,Marcus Smart,smartma01,27.0,BOS,PG,71,71.0,32.3,4.2,10.1,0.418,1.7,5.1,0.331,2.5,5.0,0.506,0.501,2.0,2.5,0.793,0.6,3.2,3.8,5.9,1.7,0.3,2.2,2.3,12.1,0
2023,NBA,Marcus Smart,smartma01,28.0,BOS,PG,61,61.0,32.1,4.1,9.9,0.415,1.9,5.6,0.336,2.2,4.3,0.519,0.511,1.4,1.9,0.746,0.8,2.4,3.1,6.3,1.5,0.4,2.3,2.8,11.5,0
2024,NBA,Marcus Smart,smartma01,29.0,MEM,PG,20,20.0,30.3,5.1,11.9,0.43,2.1,6.7,0.313,3.0,5.2,0.583,0.519,2.2,2.8,0.768,0.3,2.4,2.7,4.3,2.1,0.3,3.1,2.7,14.5,0
2015,NBA,Marcus Thornton,thornma01,27.0,2TM,SG,48,0.0,15.0,2.9,7.2,0.406,1.1,3.0,0.378,1.8,4.2,0.426,0.484,1.0,1.2,0.821,0.5,1.3,1.8,0.8,0.6,0.1,0.6,0.8,7.9,0
2016,NBA,Marcus Thornton,thornma01,28.0,2TM,SG,61,8.0,18.2,3.5,8.9,0.399,1.5,4.4,0.337,2.0,4.5,0.46,0.482,1.1,1.3,0.848,0.6,1.8,2.5,1.4,0.8,0.1,0.8,1.5,9.7,0
2017,NBA,Marcus Thornton,thornma01,29.0,WAS,SG,33,1.0,17.4,2.5,6.4,0.4,0.8,2.4,0.35,1.7,3.9,0.431,0.467,0.7,0.8,0.852,0.7,1.6,2.3,1.2,0.6,0.1,0.8,1.5,6.6,0
2015,NBA,Mario Chalmers,chalmma01,28.0,MIA,PG,80,37.0,29.6,3.3,8.3,0.403,0.9,3.1,0.294,2.4,5.2,0.467,0.458,2.6,3.3,0.774,0.3,2.3,2.6,3.8,1.5,0.1,2.2,3.1,10.2,0
2016,NBA,Mario Chalmers,chalmma01,29.0,2TM,PG,61,7.0,22.5,3.0,7.3,0.41,0.8,2.4,0.309,2.2,4.8,0.461,0.462,3.6,4.3,0.832,0.4,2.2,2.6,3.8,1.4,0.2,1.8,3.0,10.3,0
2018,NBA,Mario Chalmers,chalmma01,31.0,MEM,PG,66,10.0,21.5,2.5,6.7,0.379,0.8,2.9,0.277,1.7,3.8,0.456,0.439,1.8,2.1,0.855,0.2,2.2,2.4,3.0,1.2,0.2,1.8,2.7,7.7,0
2016,NBA,Mario Hezonja,hezonma01,20.0,ORL,SF,79,9.0,17.9,2.3,5.3,0.433,0.8,2.4,0.349,1.4,2.9,0.504,0.513,0.6,0.7,0.907,0.4,1.9,2.2,1.4,0.5,0.2,1.2,1.6,6.1,0
2017,NBA,Mario Hezonja,hezonma01,21.0,ORL,SF,65,2.0,14.8,1.8,5.1,0.355,0.7,2.2,0.299,1.1,2.9,0.398,0.42,0.6,0.8,0.8,0.3,1.9,2.2,1.0,0.5,0.2,0.9,1.1,4.9,0
2018,NBA,Mario Hezonja,hezonma01,22.0,ORL,SF,75,30.0,22.1,3.6,8.2,0.442,1.2,3.6,0.337,2.4,4.7,0.523,0.515,1.1,1.4,0.819,0.5,3.2,3.7,1.4,1.1,0.4,1.1,1.8,9.6,0
2019,NBA,Mario Hezonja,hezonma01,23.0,NYK,SF,58,24.0,20.8,3.3,8.0,0.412,0.7,2.6,0.276,2.6,5.4,0.478,0.457,1.5,2.0,0.763,0.5,3.6,4.1,1.5,1.0,0.1,1.5,1.9,8.8,0
2020,NBA,Mario Hezonja,hezonma01,24.0,POR,PF,53,4.0,16.4,1.7,4.1,0.422,0.5,1.5,0.308,1.3,2.6,0.486,0.477,0.9,1.1,0.814,0.6,2.9,3.5,0.9,0.7,0.2,0.8,2.0,4.8,0
2023,NBA,Mark Williams,willima07,21.0,CHO,C,43,17.0,19.3,3.7,5.8,0.637,0.0,0.0,0.0,3.7,5.8,0.637,0.637,1.6,2.3,0.691,2.2,4.9,7.1,0.4,0.7,1.0,0.9,2.2,9.0,0
2015,NBA,Markel Brown,brownma02,23.0,BRK,SG,47,29.0,16.6,1.6,4.5,0.362,0.4,1.4,0.266,1.3,3.1,0.404,0.402,1.0,1.2,0.825,0.3,1.9,2.3,0.8,0.7,0.3,0.6,1.2,4.6,0
2016,NBA,Markel Brown,brownma02,24.0,BRK,SG,62,6.0,15.8,2.0,5.2,0.394,0.6,2.0,0.314,1.4,3.2,0.443,0.453,1.1,1.5,0.755,0.4,1.6,2.0,1.5,0.6,0.2,0.9,1.5,5.9,0
2020,NBA,Markelle Fultz,fultzma01,21.0,ORL,PG,72,60.0,27.7,5.0,10.7,0.465,0.5,1.9,0.267,4.5,8.8,0.507,0.488,1.6,2.2,0.73,0.6,2.7,3.3,5.1,1.3,0.2,2.0,2.0,12.1,0
2023,NBA,Markelle Fultz,fultzma01,24.0,ORL,PG,60,60.0,29.6,5.8,11.3,0.514,0.5,1.5,0.31,5.4,9.9,0.544,0.534,1.9,2.4,0.783,1.2,2.8,3.9,5.7,1.5,0.4,2.3,2.2,14.0,0
2024,NBA,Markelle Fultz,fultzma01,25.0,ORL,PG,43,18.0,21.2,3.6,7.6,0.472,0.1,0.4,0.222,3.5,7.2,0.487,0.479,0.5,0.8,0.697,1.3,1.9,3.2,2.8,1.0,0.3,1.2,1.5,7.8,0
2015,NBA,Markieff Morris,morrima02,25.0,PHO,PF,82,82.0,31.5,6.2,13.4,0.465,0.7,2.2,0.318,5.5,11.2,0.494,0.491,2.2,2.8,0.763,1.3,4.8,6.2,2.3,1.2,0.5,2.1,3.0,15.3,0
2016,NBA,Markieff Morris,morrima02,26.0,2TM,PF,64,45.0,25.5,4.8,11.2,0.425,0.7,2.4,0.303,4.0,8.8,0.458,0.458,1.7,2.3,0.735,1.1,4.4,5.5,1.9,0.9,0.5,2.1,2.9,12.0,0
2017,NBA,Markieff Morris,morrima02,27.0,WAS,PF,76,76.0,31.2,5.3,11.7,0.457,0.9,2.6,0.362,4.4,9.1,0.483,0.497,2.4,2.8,0.837,1.4,5.1,6.5,1.7,1.1,0.6,1.7,3.3,14.0,0
2018,NBA,Markieff Morris,morrima02,28.0,WAS,PF,73,73.0,27.0,4.5,9.4,0.48,1.0,2.8,0.367,3.5,6.6,0.529,0.536,1.4,1.8,0.82,1.0,4.6,5.6,1.9,0.8,0.5,1.7,3.0,11.5,0
2019,NBA,Markieff Morris,morrima02,29.0,2TM,PF,58,16.0,21.9,3.5,8.3,0.421,1.2,3.5,0.335,2.3,4.8,0.484,0.492,1.2,1.6,0.772,1.1,3.5,4.6,1.4,0.6,0.4,0.9,3.0,9.4,0
2020,NBA,Markieff Morris,morrima02,30.0,2TM,PF,58,17.0,20.5,3.5,7.9,0.443,1.5,3.9,0.386,2.0,4.0,0.5,0.539,1.1,1.5,0.776,0.7,3.1,3.8,1.3,0.5,0.3,1.3,2.3,9.7,0
2021,NBA,Markieff Morris,morrima02,31.0,LAL,PF,61,27.0,19.7,2.5,6.2,0.405,1.1,3.4,0.311,1.4,2.8,0.521,0.491,0.6,0.8,0.72,0.8,3.6,4.4,1.2,0.4,0.3,0.9,1.7,6.7,0
2023,NBA,Markieff Morris,morrima02,33.0,2TM,PF,35,2.0,10.1,1.3,3.3,0.409,0.8,2.0,0.394,0.5,1.3,0.432,0.53,0.3,0.3,1.0,0.4,1.7,2.0,0.9,0.3,0.1,0.5,1.4,3.8,0
2024,NBA,Markieff Morris,morrima02,34.0,DAL,PF,26,1.0,8.3,0.9,2.6,0.338,0.6,1.6,0.357,0.3,1.0,0.308,0.449,0.2,0.2,0.833,0.2,1.3,1.5,0.6,0.2,0.1,0.5,0.5,2.5,0
2020,NBA,Marko Gudurić,gudurma01,24.0,MEM,SG,44,0.0,11.0,1.4,3.6,0.395,0.6,1.9,0.301,0.8,1.7,0.5,0.475,0.5,0.6,0.923,0.3,1.3,1.7,1.0,0.3,0.2,0.8,0.8,3.9,0
2021,NBA,Markus Howard,howarma02,21.0,DEN,SG,37,1.0,5.5,1.1,2.9,0.377,0.5,1.8,0.277,0.6,1.1,0.537,0.462,0.2,0.2,0.778,0.0,0.5,0.6,0.5,0.1,0.0,0.5,0.6,2.8,0
2022,NBA,Markus Howard,howarma02,22.0,DEN,SG,31,0.0,5.7,1.3,3.3,0.386,0.9,2.3,0.4,0.4,1.0,0.355,0.525,0.6,0.7,0.87,0.1,0.3,0.4,0.2,0.3,0.0,0.2,0.5,4.1,0
2017,NBA,Marquese Chriss,chrisma01,19.0,PHO,PF,82,75.0,21.3,3.5,7.7,0.449,0.9,2.7,0.321,2.6,5.0,0.52,0.506,1.4,2.2,0.624,1.2,3.1,4.2,0.7,0.8,0.9,1.3,3.2,9.2,0
2018,NBA,Marquese Chriss,chrisma01,20.0,PHO,PF,72,49.0,21.2,2.8,6.6,0.423,0.8,2.6,0.295,2.0,4.0,0.509,0.482,1.3,2.2,0.608,1.1,4.4,5.5,1.2,0.7,1.0,1.5,2.8,7.7,0
2019,NBA,Marquese Chriss,chrisma01,21.0,2TM,PF,43,2.0,11.6,1.6,4.2,0.372,0.4,1.7,0.222,1.2,2.5,0.472,0.417,0.7,1.0,0.711,0.9,2.4,3.3,0.5,0.4,0.3,0.8,1.9,4.2,0
2020,NBA,Marquese Chriss,chrisma01,22.0,GSW,PF,59,21.0,20.3,3.6,6.5,0.545,0.1,0.7,0.205,3.4,5.9,0.584,0.556,2.0,2.6,0.769,1.9,4.3,6.2,1.9,0.7,1.1,1.3,2.1,9.3,0
2022,NBA,Marquese Chriss,chrisma01,24.0,DAL,PF,34,0.0,10.2,1.8,3.9,0.463,0.2,0.7,0.32,1.6,3.2,0.495,0.493,0.6,1.0,0.667,1.0,2.1,3.0,0.5,0.4,0.4,0.5,1.9,4.5,0
2015,NBA,Marreese Speights,speigma01,27.0,GSW,C,76,9.0,15.9,4.2,8.5,0.492,0.1,0.2,0.278,4.1,8.3,0.498,0.496,2.0,2.3,0.843,1.4,2.8,4.3,0.9,0.3,0.4,1.1,2.5,10.4,0
2016,NBA,Marreese Speights,speigma01,28.0,GSW,C,72,0.0,11.6,2.7,6.3,0.432,0.3,0.9,0.387,2.4,5.5,0.439,0.458,1.3,1.6,0.825,1.1,2.3,3.3,0.8,0.3,0.5,0.9,1.6,7.1,0
2017,NBA,Marreese Speights,speigma01,29.0,LAC,C,82,2.0,15.7,3.0,6.7,0.445,1.3,3.4,0.372,1.7,3.3,0.52,0.539,1.5,1.7,0.876,1.1,3.5,4.5,0.8,0.3,0.5,0.8,2.8,8.7,0
2018,NBA,Marreese Speights,speigma01,30.0,ORL,C,52,3.0,13.0,2.7,6.7,0.395,1.7,4.5,0.369,1.0,2.2,0.448,0.519,0.8,1.1,0.727,0.4,2.2,2.6,0.8,0.2,0.4,0.8,2.0,7.7,0
2017,NBA,Marshall Plumlee,plumlma02,24.0,NYK,C,21,1.0,8.1,0.8,1.4,0.533,0.0,0.0,0.0,0.8,1.4,0.533,0.533,0.4,0.9,0.421,1.1,1.3,2.4,0.5,0.2,0.2,0.6,1.1,1.9,0
2015,NBA,Martell Webster,webstma02,28.0,WAS,SF,32,0.0,11.0,0.8,2.8,0.264,0.3,1.3,0.233,0.4,1.5,0.292,0.319,1.5,2.0,0.75,0.3,1.1,1.4,0.5,0.2,0.0,0.7,0.8,3.3,0
2019,NBA,Marvin Bagley III,baglema01,19.0,SAC,PF,62,4.0,25.3,5.7,11.4,0.504,0.5,1.5,0.313,5.3,9.8,0.534,0.525,2.9,4.2,0.691,2.6,5.0,7.6,1.0,0.5,1.0,1.6,1.9,14.9,0
2021,NBA,Marvin Bagley III,baglema01,21.0,SAC,PF,43,42.0,25.9,5.7,11.4,0.504,0.9,2.5,0.343,4.9,8.9,0.55,0.542,1.8,3.1,0.575,2.5,4.9,7.4,1.0,0.5,0.5,1.4,2.3,14.1,0
2022,NBA,Marvin Bagley III,baglema01,22.0,2TM,PF,48,25.0,23.9,4.7,9.3,0.504,0.5,2.0,0.237,4.2,7.3,0.579,0.53,1.4,2.1,0.663,2.2,4.9,7.0,0.8,0.5,0.4,0.8,1.9,11.3,0
2023,NBA,Marvin Bagley III,baglema01,23.0,DET,C,42,25.0,23.6,4.8,9.1,0.529,0.5,1.6,0.288,4.4,7.5,0.579,0.554,1.9,2.6,0.75,2.2,4.2,6.4,0.9,0.5,0.7,1.1,1.9,12.0,0
2024,NBA,Marvin Bagley III,baglema01,24.0,2TM,C,50,25.0,21.1,4.8,8.2,0.586,0.2,0.5,0.391,4.6,7.7,0.597,0.597,1.9,2.5,0.762,2.6,3.6,6.2,1.1,0.4,0.7,1.2,1.6,11.7,0
2015,NBA,Marvin Williams,willima02,28.0,CHO,PF,78,37.0,26.1,2.7,6.3,0.424,1.2,3.4,0.358,1.5,2.9,0.5,0.52,0.8,1.1,0.713,0.7,4.2,4.9,1.3,0.9,0.5,0.8,1.9,7.4,0
2016,NBA,Marvin Williams,willima02,29.0,CHO,PF,81,81.0,28.9,4.2,9.2,0.452,1.9,4.7,0.402,2.3,4.6,0.504,0.554,1.5,1.8,0.833,1.6,4.9,6.4,1.4,0.7,1.0,0.8,1.6,11.7,0
2017,NBA,Marvin Williams,willima02,30.0,CHO,PF,76,76.0,30.2,3.9,9.3,0.422,1.6,4.7,0.35,2.3,4.6,0.494,0.51,1.7,2.0,0.873,1.2,5.4,6.6,1.4,0.8,0.7,0.8,1.8,11.2,0
2018,NBA,Marvin Williams,willima02,31.0,CHO,PF,78,78.0,25.7,3.3,7.2,0.458,1.6,3.9,0.413,1.7,3.3,0.512,0.57,1.3,1.6,0.829,0.9,3.8,4.7,1.2,0.7,0.5,0.8,1.5,9.5,0
2019,NBA,Marvin Williams,willima02,32.0,CHO,PF,75,75.0,28.4,3.7,8.7,0.422,1.9,5.1,0.366,1.8,3.6,0.5,0.529,0.9,1.1,0.767,1.0,4.4,5.4,1.2,0.9,0.8,0.6,2.1,10.1,0
2020,NBA,Marvin Williams,willima02,33.0,2TM,PF,58,1.0,19.5,2.1,4.6,0.446,1.0,2.7,0.359,1.1,1.9,0.568,0.551,0.8,1.0,0.86,0.5,2.6,3.2,1.0,0.6,0.5,0.6,1.8,5.9,0
2021,NBA,Mason Jones,jonesma05,22.0,2TM,SG,32,1.0,10.4,1.6,3.8,0.423,0.8,2.1,0.364,0.9,1.8,0.491,0.52,1.3,2.0,0.625,0.2,1.5,1.7,1.3,0.2,0.0,0.9,0.8,5.3,0
2015,NBA,Mason Plumlee,plumlma01,24.0,BRK,C,82,45.0,21.3,3.4,6.0,0.573,0.0,0.0,0.0,3.4,5.9,0.576,0.573,1.9,3.9,0.495,2.1,4.1,6.2,0.9,0.8,0.8,1.3,2.5,8.7,0
2016,NBA,Mason Plumlee,plumlma01,25.0,POR,C,82,82.0,25.4,3.3,6.3,0.516,0.0,0.0,0.0,3.3,6.3,0.52,0.516,2.6,4.1,0.642,2.5,5.2,7.7,2.8,0.8,1.0,1.9,3.1,9.1,0
2017,NBA,Mason Plumlee,plumlma01,26.0,2TM,C,81,64.0,26.5,4.1,7.7,0.536,0.0,0.1,0.0,4.1,7.6,0.541,0.536,2.1,3.7,0.58,2.1,5.4,7.5,3.5,0.9,1.1,1.7,2.8,10.4,0
2018,NBA,Mason Plumlee,plumlma01,27.0,DEN,C,74,26.0,19.4,3.0,5.0,0.601,0.0,0.0,0.0,3.0,5.0,0.602,0.601,1.1,2.4,0.458,1.8,3.6,5.4,1.9,0.7,1.1,1.4,2.5,7.1,0
2019,NBA,Mason Plumlee,plumlma01,28.0,DEN,C,82,17.0,21.1,3.2,5.4,0.593,0.0,0.1,0.2,3.2,5.3,0.602,0.595,1.4,2.4,0.561,2.0,4.4,6.4,3.0,0.8,0.9,1.5,3.1,7.8,0
2020,NBA,Mason Plumlee,plumlma01,29.0,DEN,C,61,1.0,17.3,2.9,4.7,0.615,0.0,0.1,0.0,2.9,4.6,0.625,0.615,1.4,2.5,0.535,1.6,3.6,5.2,2.5,0.5,0.6,1.3,2.3,7.2,0
2021,NBA,Mason Plumlee,plumlma01,30.0,DET,C,56,56.0,26.8,4.2,6.8,0.614,0.0,0.1,0.0,4.2,6.7,0.626,0.614,2.0,3.0,0.669,2.6,6.7,9.3,3.6,0.8,0.9,1.9,3.3,10.4,0
2022,NBA,Mason Plumlee,plumlma01,31.0,CHO,C,73,73.0,24.6,2.8,4.4,0.641,0.0,0.0,0.0,2.8,4.4,0.645,0.641,0.9,2.3,0.392,2.4,5.3,7.7,3.1,0.8,0.7,1.4,3.1,6.5,0
2023,NBA,Mason Plumlee,plumlma01,32.0,2TM,C,79,60.0,26.0,4.2,6.1,0.68,0.0,0.0,0.0,4.2,6.1,0.68,0.68,2.5,4.0,0.636,2.9,6.0,8.9,3.1,0.6,0.6,1.5,2.7,10.8,0
2024,NBA,Mason Plumlee,plumlma01,33.0,LAC,C,46,11.0,14.7,1.9,3.3,0.569,0.0,0.1,0.0,1.9,3.2,0.592,0.569,1.5,2.2,0.707,1.3,3.8,5.1,1.2,0.3,0.4,0.8,1.5,5.3,0
2020,NBA,Matisse Thybulle,thybuma01,22.0,PHI,SG,65,14.0,19.8,1.7,4.1,0.423,0.9,2.4,0.357,0.9,1.7,0.519,0.528,0.4,0.6,0.61,0.7,1.0,1.6,1.2,1.4,0.7,0.8,2.2,4.7,0
2021,NBA,Matisse Thybulle,thybuma01,23.0,PHI,SG,65,8.0,20.0,1.6,3.7,0.42,0.7,2.2,0.301,0.9,1.5,0.59,0.508,0.1,0.3,0.444,0.5,1.4,1.9,1.0,1.6,1.1,0.5,2.0,3.9,0
2022,NBA,Matisse Thybulle,thybuma01,24.0,PHI,SG,66,50.0,25.5,2.3,4.5,0.5,0.7,2.2,0.313,1.6,2.4,0.673,0.575,0.5,0.7,0.791,0.6,1.7,2.3,1.1,1.7,1.1,0.6,2.4,5.7,0
2023,NBA,Matisse Thybulle,thybuma01,25.0,2TM,SF,71,28.0,16.9,1.5,3.6,0.435,0.8,2.1,0.365,0.8,1.5,0.533,0.542,0.3,0.4,0.679,0.6,1.4,2.0,0.7,1.2,0.5,0.3,1.6,4.1,0
2024,NBA,Matisse Thybulle,thybuma01,26.0,POR,SF,65,19.0,22.9,1.9,4.9,0.397,1.2,3.6,0.346,0.7,1.3,0.535,0.524,0.3,0.4,0.759,0.5,1.6,2.1,1.4,1.7,0.8,0.6,1.4,5.4,0
2015,NBA,Matt Barnes,barnema02,34.0,LAC,SF,76,74.0,29.9,3.6,8.2,0.444,1.8,4.9,0.362,1.9,3.3,0.569,0.553,1.0,1.3,0.779,0.7,3.3,4.0,1.5,0.9,0.7,1.1,3.2,10.1,0
2016,NBA,Matt Barnes,barnema02,35.0,MEM,SF,76,45.0,28.8,3.5,9.1,0.381,1.6,4.9,0.322,1.9,4.3,0.449,0.467,1.5,1.8,0.804,1.1,4.4,5.5,2.1,1.0,0.8,1.6,3.1,10.0,0
2017,NBA,Matt Barnes,barnema02,36.0,2TM,SF,74,18.0,24.0,2.5,6.4,0.391,1.2,3.6,0.331,1.3,2.8,0.467,0.483,0.9,1.2,0.787,0.9,4.2,5.2,2.6,0.6,0.4,1.4,2.5,7.1,0
2015,NBA,Matt Bonner,bonnema01,34.0,SAS,PF,72,19.0,13.0,1.3,3.2,0.409,0.6,1.8,0.365,0.7,1.4,0.462,0.509,0.4,0.5,0.811,0.4,1.2,1.6,0.7,0.1,0.2,0.2,0.9,3.7,0
2016,NBA,Matt Bonner,bonnema01,35.0,SAS,C,30,2.0,6.9,1.0,1.9,0.509,0.5,1.1,0.441,0.5,0.8,0.609,0.64,0.1,0.1,0.75,0.1,0.8,0.9,0.3,0.2,0.0,0.1,0.5,2.5,0
2023,NBA,Matt Ryan,ryanma01,25.0,2TM,SF,34,0.0,9.1,1.2,3.2,0.37,0.9,2.5,0.381,0.2,0.7,0.333,0.519,0.3,0.4,0.833,0.1,0.6,0.8,0.5,0.1,0.0,0.2,0.8,3.6,0
2024,NBA,Matt Ryan,ryanma01,26.0,NOP,SF,28,1.0,13.9,1.8,4.0,0.434,1.5,3.3,0.451,0.3,0.8,0.364,0.615,0.5,0.5,0.929,0.2,1.2,1.4,0.6,0.2,0.0,0.7,1.1,5.4,0
2020,NBA,Matt Thomas,thomama02,25.0,TOR,SG,41,1.0,10.7,1.8,3.7,0.487,1.1,2.4,0.475,0.6,1.2,0.51,0.643,0.2,0.3,0.75,0.2,1.3,1.5,0.5,0.2,0.0,0.4,0.9,4.9,0
2021,NBA,Matt Thomas,thomama02,26.0,2TM,SG,45,0.0,7.2,1.1,2.8,0.394,0.6,1.8,0.338,0.5,1.0,0.489,0.5,0.3,0.3,0.857,0.2,0.8,1.0,0.4,0.1,0.0,0.3,0.4,3.1,0
2022,NBA,Matt Thomas,thomama02,27.0,CHI,SG,40,0.0,11.5,1.4,3.4,0.41,0.9,2.3,0.385,0.5,1.1,0.465,0.541,0.4,0.5,0.8,0.1,1.2,1.3,0.5,0.2,0.1,0.2,0.5,4.0,0
2015,NBA,Matthew Dellavedova,dellama01,24.0,CLE,SG,67,13.0,20.6,1.7,4.6,0.362,1.0,2.5,0.407,0.6,2.1,0.307,0.472,0.4,0.6,0.763,0.6,1.3,1.9,3.0,0.4,0.0,0.9,2.3,4.8,0
2016,NBA,Matthew Dellavedova,dellama01,25.0,CLE,PG,76,14.0,24.6,2.7,6.7,0.405,1.3,3.1,0.41,1.4,3.6,0.401,0.501,0.8,0.9,0.864,0.4,1.7,2.1,4.4,0.6,0.1,1.5,2.3,7.5,0
2017,NBA,Matthew Dellavedova,dellama01,26.0,MIL,PG,76,54.0,26.1,2.7,7.0,0.39,1.0,2.8,0.367,1.7,4.2,0.404,0.463,1.1,1.3,0.854,0.3,1.6,1.9,4.7,0.7,0.0,1.8,2.0,7.6,0
2018,NBA,Matthew Dellavedova,dellama01,27.0,MIL,PG,38,3.0,18.7,1.4,4.0,0.362,0.8,2.1,0.372,0.7,1.9,0.351,0.457,0.7,0.7,0.926,0.4,1.3,1.7,3.8,0.4,0.0,1.3,1.8,4.3,0
2019,NBA,Matthew Dellavedova,dellama01,28.0,2TM,PG,48,0.0,16.9,2.0,5.0,0.405,0.9,2.7,0.338,1.1,2.3,0.482,0.496,0.9,1.1,0.808,0.1,1.5,1.6,3.8,0.3,0.0,1.4,1.6,5.9,0
2020,NBA,Matthew Dellavedova,dellama01,29.0,CLE,PG,57,4.0,14.4,1.1,3.1,0.354,0.4,1.6,0.231,0.7,1.5,0.488,0.414,0.6,0.6,0.865,0.3,1.0,1.3,3.2,0.4,0.0,1.0,1.4,3.1,0
2023,NBA,Matthew Dellavedova,dellama01,32.0,SAC,PG,32,0.0,6.7,0.5,1.6,0.34,0.3,0.8,0.333,0.3,0.7,0.348,0.43,0.1,0.2,0.571,0.0,0.4,0.4,1.3,0.2,0.0,0.3,0.6,1.5,0
2015,NBA,Maurice Harkless,harklma01,21.0,ORL,SF,45,4.0,15.0,1.4,3.5,0.399,0.2,1.2,0.179,1.2,2.3,0.52,0.43,0.5,0.9,0.537,0.8,1.5,2.4,0.6,0.7,0.2,0.6,1.5,3.5,0
2016,NBA,Maurice Harkless,harklma01,22.0,POR,SF,78,14.0,18.7,2.5,5.3,0.474,0.5,1.8,0.279,2.0,3.5,0.576,0.522,0.9,1.4,0.622,1.3,2.3,3.6,0.9,0.6,0.4,0.8,1.6,6.4,0
2017,NBA,Maurice Harkless,harklma01,23.0,POR,SF,77,69.0,28.9,4.1,8.1,0.503,0.9,2.5,0.351,3.2,5.6,0.572,0.558,1.0,1.6,0.621,1.6,2.8,4.4,1.1,1.1,0.9,1.1,2.8,10.0,0
2018,NBA,Maurice Harkless,harklma01,24.0,POR,SF,59,37.0,21.4,2.5,5.0,0.495,0.8,2.0,0.415,1.7,3.0,0.547,0.577,0.7,1.0,0.712,0.8,2.0,2.7,0.9,0.8,0.7,0.7,1.7,6.5,0
2019,NBA,Maurice Harkless,harklma01,25.0,POR,SF,60,53.0,23.6,3.2,6.5,0.487,0.6,2.0,0.275,2.6,4.5,0.582,0.53,0.8,1.2,0.671,1.3,3.2,4.5,1.2,1.1,0.9,0.8,2.7,7.7,0
2020,NBA,Maurice Harkless,harklma01,26.0,2TM,PF,62,48.0,23.0,2.3,4.6,0.502,0.5,1.6,0.347,1.7,3.0,0.584,0.562,0.6,1.1,0.591,0.9,3.0,3.9,1.1,0.9,0.5,0.9,2.4,5.8,0
2021,NBA,Maurice Harkless,harklma01,27.0,2TM,SF,37,23.0,20.9,1.9,4.5,0.418,0.6,2.3,0.274,1.2,2.2,0.568,0.488,0.9,1.2,0.767,0.4,2.1,2.4,1.2,0.8,0.5,0.6,2.3,5.2,0
2022,NBA,Maurice Harkless,harklma01,28.0,SAC,SF,47,24.0,18.4,1.8,3.9,0.459,0.7,2.1,0.307,1.1,1.7,0.65,0.544,0.4,0.6,0.714,0.3,2.1,2.4,0.5,0.6,0.5,0.7,1.6,4.6,0
2017,NBA,Maurice Ndour,ndourma01,24.0,NYK,PF,32,4.0,10.3,1.2,2.7,0.453,0.0,0.2,0.143,1.2,2.5,0.481,0.459,0.6,0.8,0.731,0.7,1.3,2.0,0.3,0.5,0.3,0.4,0.9,3.1,0
2023,NBA,Max Christie,chrisma02,19.0,LAL,SG,41,3.0,12.5,1.1,2.6,0.415,0.6,1.5,0.419,0.4,1.1,0.409,0.538,0.3,0.4,0.875,0.2,1.7,1.8,0.5,0.2,0.2,0.3,0.8,3.1,0
2024,NBA,Max Christie,chrisma02,20.0,LAL,SG,67,7.0,14.1,1.5,3.6,0.427,0.6,1.8,0.356,0.9,1.8,0.496,0.515,0.5,0.7,0.783,0.2,1.9,2.1,0.9,0.3,0.3,0.5,0.9,4.2,0
2021,NBA,Max Strus,strusma01,24.0,MIA,SF,39,0.0,13.0,2.2,4.8,0.455,1.3,3.8,0.338,0.9,1.0,0.897,0.588,0.4,0.6,0.667,0.1,0.9,1.1,0.6,0.3,0.1,0.2,1.1,6.1,0
2022,NBA,Max Strus,strusma01,25.0,MIA,SF,68,16.0,23.3,3.7,8.3,0.441,2.7,6.5,0.41,1.0,1.8,0.557,0.602,0.6,0.8,0.792,0.4,2.6,3.0,1.4,0.4,0.2,0.8,1.7,10.6,0
2023,NBA,Max Strus,strusma01,26.0,MIA,SF,80,33.0,28.4,4.1,9.9,0.41,2.5,7.0,0.35,1.6,2.8,0.559,0.535,1.0,1.1,0.876,0.6,2.6,3.2,2.1,0.5,0.2,0.9,2.1,11.5,0
2024,NBA,Max Strus,strusma01,27.0,CLE,SF,70,70.0,32.0,4.3,10.4,0.418,2.4,6.8,0.351,1.9,3.6,0.546,0.533,1.1,1.4,0.794,0.9,3.9,4.8,4.0,0.9,0.4,1.6,2.4,12.2,0
2018,NBA,Maxi Kleber,klebima01,26.0,DAL,PF,72,35.0,16.8,2.1,4.3,0.489,0.6,1.8,0.313,1.5,2.5,0.613,0.553,0.6,0.8,0.746,1.0,2.3,3.3,0.7,0.4,0.7,0.4,1.6,5.4,0
2019,NBA,Maxi Kleber,klebima01,27.0,DAL,PF,71,18.0,21.2,2.5,5.4,0.453,1.1,3.1,0.353,1.4,2.4,0.583,0.553,0.8,1.0,0.784,1.3,3.4,4.6,1.0,0.5,1.1,0.8,2.0,6.8,0
2020,NBA,Maxi Kleber,klebima01,28.0,DAL,PF,74,21.0,25.5,3.2,6.9,0.461,1.6,4.3,0.373,1.6,2.6,0.605,0.577,1.1,1.3,0.849,1.5,3.7,5.2,1.2,0.3,1.1,0.8,2.4,9.1,0
2021,NBA,Maxi Kleber,klebima01,29.0,DAL,PF,50,40.0,26.8,2.3,5.5,0.422,1.7,4.2,0.41,0.6,1.3,0.46,0.58,0.7,0.7,0.919,0.9,4.3,5.2,1.4,0.5,0.7,0.6,2.1,7.1,0
2022,NBA,Maxi Kleber,klebima01,30.0,DAL,PF,59,21.0,24.6,2.4,6.0,0.398,1.4,4.3,0.325,1.0,1.7,0.586,0.516,0.8,1.1,0.708,1.2,4.7,5.9,1.2,0.5,1.0,0.8,2.3,7.0,0
2023,NBA,Maxi Kleber,klebima01,31.0,DAL,PF,37,5.0,25.1,2.1,4.6,0.456,1.1,3.0,0.348,1.0,1.5,0.667,0.571,0.7,1.0,0.711,0.8,2.8,3.6,1.4,0.3,0.8,0.7,2.3,5.9,0
2024,NBA,Maxi Kleber,klebima01,32.0,DAL,C,43,7.0,20.3,1.5,3.4,0.432,0.7,2.1,0.348,0.7,1.3,0.574,0.541,0.8,1.1,0.702,0.7,2.6,3.3,1.6,0.4,0.7,0.7,1.8,4.4,0
2024,NBA,Maxwell Lewis,lewisma05,21.0,LAL,SF,34,0.0,3.0,0.1,0.6,0.19,0.0,0.3,0.111,0.1,0.4,0.25,0.214,0.1,0.1,0.667,0.1,0.1,0.1,0.2,0.1,0.0,0.3,0.1,0.3,0
2023,NBA,McKinley Wright IV,wrighmc01,24.0,DAL,PG,27,1.0,12.4,1.7,3.6,0.469,0.3,1.0,0.321,1.4,2.6,0.529,0.515,0.5,0.7,0.684,0.3,1.4,1.7,2.1,0.3,0.2,0.7,0.9,4.2,0
2016,NBA,Metta World Peace,artesro01,36.0,LAL,SF,35,5.0,16.9,1.6,5.1,0.311,0.7,2.4,0.31,0.8,2.7,0.312,0.384,1.1,1.6,0.702,0.5,2.0,2.5,0.8,0.6,0.3,0.4,1.9,5.0,0
2017,NBA,Metta World Peace,artesro01,37.0,LAL,SF,25,2.0,6.4,0.8,2.7,0.279,0.4,1.5,0.237,0.4,1.2,0.333,0.346,0.4,0.6,0.625,0.2,0.6,0.8,0.4,0.4,0.1,0.3,0.7,2.3,0
2015,NBA,Meyers Leonard,leoname01,22.0,POR,C,55,7.0,15.4,2.3,4.5,0.51,0.9,2.0,0.42,1.4,2.4,0.586,0.606,0.5,0.6,0.938,0.8,3.7,4.5,0.6,0.2,0.3,0.7,2.1,5.9,0
2016,NBA,Meyers Leonard,leoname01,23.0,POR,PF,61,10.0,21.9,3.2,7.1,0.448,1.4,3.7,0.377,1.8,3.4,0.527,0.547,0.6,0.8,0.761,0.8,4.3,5.1,1.5,0.1,0.3,1.3,3.0,8.4,0
2017,NBA,Meyers Leonard,leoname01,24.0,POR,PF,74,12.0,16.5,2.0,5.1,0.386,1.0,2.9,0.347,1.0,2.2,0.436,0.484,0.5,0.5,0.875,0.4,2.8,3.2,1.0,0.2,0.4,0.5,2.3,5.4,0
2018,NBA,Meyers Leonard,leoname01,25.0,POR,C,33,2.0,7.7,1.4,2.4,0.59,0.3,0.8,0.423,1.1,1.6,0.673,0.66,0.3,0.3,0.818,0.4,1.8,2.1,0.5,0.2,0.0,0.3,1.1,3.4,0
2019,NBA,Meyers Leonard,leoname01,26.0,POR,C,61,2.0,14.4,2.2,4.0,0.545,0.8,1.8,0.45,1.3,2.1,0.626,0.649,0.7,0.8,0.843,0.8,3.0,3.8,1.2,0.2,0.1,0.7,1.7,5.9,0
2020,NBA,Meyers Leonard,leoname01,27.0,MIA,C,51,49.0,20.3,2.3,4.6,0.509,1.0,2.5,0.414,1.3,2.1,0.623,0.622,0.4,0.5,0.643,0.6,4.5,5.1,1.1,0.3,0.3,0.8,2.1,6.1,0
2021,NBA,Mfiondu Kabengele,kabenmf01,23.0,2TM,PF,39,0.0,7.2,0.8,2.3,0.371,0.3,1.3,0.26,0.5,1.0,0.513,0.444,0.4,0.5,0.8,0.3,1.2,1.5,0.4,0.2,0.3,0.4,0.9,2.4,0
2015,NBA,Michael Beasley,beaslmi01,26.0,MIA,PF,24,1.0,21.0,3.8,8.8,0.434,0.3,1.4,0.235,3.5,7.4,0.472,0.453,0.8,1.1,0.769,0.5,3.2,3.7,1.3,0.6,0.5,1.5,2.8,8.8,0
2016,NBA,Michael Beasley,beaslmi01,27.0,HOU,PF,20,0.0,18.2,5.4,10.3,0.522,0.2,0.5,0.333,5.2,9.8,0.531,0.529,1.9,2.5,0.776,1.5,3.5,4.9,0.8,0.6,0.5,1.2,2.0,12.8,0
2017,NBA,Michael Beasley,beaslmi01,28.0,MIL,PF,56,6.0,16.7,3.9,7.3,0.532,0.3,0.8,0.419,3.5,6.5,0.545,0.554,1.4,1.9,0.743,0.7,2.7,3.4,0.9,0.5,0.5,1.2,1.6,9.4,0
2018,NBA,Michael Beasley,beaslmi01,29.0,NYK,PF,74,30.0,22.3,5.5,10.9,0.507,0.5,1.2,0.395,5.1,9.7,0.52,0.528,1.7,2.1,0.78,1.3,4.3,5.6,1.7,0.5,0.6,1.9,2.0,13.2,0
2019,NBA,Michael Beasley,beaslmi01,30.0,LAL,PF,26,2.0,10.7,2.9,5.9,0.49,0.1,0.7,0.176,2.8,5.2,0.529,0.5,1.1,1.5,0.718,0.5,1.8,2.3,1.0,0.3,0.4,1.0,1.6,7.0,0
2015,NBA,Michael Carter-Williams,cartemi01,23.0,2TM,PG,66,63.0,32.6,5.5,13.9,0.396,0.5,2.3,0.235,5.0,11.6,0.428,0.416,3.1,4.4,0.694,1.0,4.4,5.3,6.7,1.7,0.5,3.8,2.5,14.6,0
2016,NBA,Michael Carter-Williams,cartemi01,24.0,MIL,PG,54,37.0,30.5,4.6,10.3,0.452,0.3,1.0,0.273,4.4,9.3,0.472,0.466,2.0,3.0,0.654,0.9,4.2,5.1,5.2,1.5,0.8,2.8,3.0,11.5,0
2017,NBA,Michael Carter-Williams,cartemi01,25.0,CHI,PG,45,19.0,18.8,2.5,6.8,0.366,0.3,1.4,0.234,2.2,5.4,0.401,0.391,1.3,1.7,0.753,0.5,2.9,3.4,2.5,0.8,0.5,1.5,2.3,6.6,0
2018,NBA,Michael Carter-Williams,cartemi01,26.0,CHO,PG,52,2.0,16.1,1.5,4.4,0.332,0.3,1.1,0.237,1.2,3.3,0.365,0.362,1.4,1.7,0.82,0.7,1.9,2.7,2.2,0.8,0.4,1.0,1.9,4.6,0
2019,NBA,Michael Carter-Williams,cartemi01,27.0,2TM,PG,28,1.0,13.3,1.6,4.4,0.374,0.4,1.4,0.263,1.3,3.0,0.424,0.415,1.1,1.9,0.604,0.7,1.8,2.5,2.5,0.7,0.5,0.7,1.7,4.8,0
2020,NBA,Michael Carter-Williams,cartemi01,28.0,ORL,SG,45,0.0,18.5,2.5,5.8,0.427,0.5,1.7,0.293,2.0,4.1,0.481,0.469,1.8,2.1,0.832,1.0,2.2,3.3,2.4,1.1,0.5,1.2,1.9,7.2,0
2021,NBA,Michael Carter-Williams,cartemi01,29.0,ORL,SG,31,25.0,25.8,3.4,8.7,0.389,0.5,2.0,0.246,2.9,6.7,0.431,0.417,1.6,2.6,0.613,1.3,3.2,4.5,4.2,0.8,0.5,2.2,2.6,8.8,0
2015,NBA,Michael Kidd-Gilchrist,kiddgmi01,21.0,CHO,SF,55,52.0,28.9,4.1,8.8,0.465,0.0,0.0,0.0,4.1,8.8,0.465,0.465,2.7,3.9,0.701,2.0,5.6,7.6,1.4,0.5,0.7,1.1,2.1,10.9,0
2017,NBA,Michael Kidd-Gilchrist,kiddgmi01,23.0,CHO,SF,81,81.0,29.0,3.6,7.6,0.477,0.0,0.1,0.111,3.6,7.5,0.483,0.478,1.9,2.4,0.784,1.9,5.0,7.0,1.4,1.0,1.0,0.7,2.3,9.2,0
2018,NBA,Michael Kidd-Gilchrist,kiddgmi01,24.0,CHO,SF,74,74.0,25.0,3.8,7.6,0.504,0.0,0.0,0.0,3.8,7.5,0.505,0.504,1.6,2.3,0.684,1.1,2.9,4.1,1.0,0.7,0.4,0.7,1.9,9.2,0
2019,NBA,Michael Kidd-Gilchrist,kiddgmi01,25.0,CHO,PF,64,3.0,18.4,2.5,5.2,0.476,0.3,0.7,0.34,2.2,4.5,0.498,0.5,1.5,1.9,0.772,1.4,2.5,3.8,1.0,0.5,0.6,0.7,2.4,6.7,0
2020,NBA,Michael Kidd-Gilchrist,kiddgmi01,26.0,2TM,PF,25,0.0,11.2,0.9,2.6,0.333,0.2,0.8,0.25,0.7,1.8,0.37,0.371,0.4,0.6,0.786,0.6,2.1,2.7,0.6,0.1,0.2,0.6,1.5,2.4,0
2020,NBA,Michael Porter Jr.,portemi01,21.0,DEN,SF,55,8.0,16.4,3.5,7.0,0.509,1.1,2.7,0.422,2.4,4.3,0.564,0.59,1.1,1.3,0.833,1.2,3.5,4.7,0.8,0.5,0.5,0.9,1.8,9.3,0
2021,NBA,Michael Porter Jr.,portemi01,22.0,DEN,SF,61,54.0,31.3,7.3,13.4,0.542,2.8,6.3,0.445,4.5,7.1,0.628,0.646,1.7,2.2,0.791,1.5,5.8,7.3,1.1,0.7,0.9,1.3,2.1,19.0,0
2023,NBA,Michael Porter Jr.,portemi01,24.0,DEN,SF,62,62.0,29.0,6.4,13.2,0.487,3.0,7.3,0.414,3.4,5.9,0.579,0.602,1.5,1.9,0.8,1.0,4.5,5.5,1.0,0.6,0.5,1.1,1.9,17.4,0
2024,NBA,Michael Porter Jr.,portemi01,25.0,DEN,SF,81,81.0,31.7,6.4,13.3,0.484,2.7,6.8,0.397,3.7,6.5,0.575,0.586,1.1,1.4,0.836,1.3,5.7,7.0,1.5,0.5,0.7,1.1,1.8,16.7,0
2019,NBA,Mikal Bridges,bridgmi01,22.0,PHO,SF,82,56.0,29.5,3.0,6.9,0.43,1.3,3.8,0.335,1.7,3.0,0.548,0.523,1.2,1.4,0.805,0.7,2.5,3.2,2.1,1.6,0.5,0.9,2.5,8.3,0
2020,NBA,Mikal Bridges,bridgmi01,23.0,PHO,SF,73,32.0,28.0,3.4,6.6,0.51,1.0,2.7,0.361,2.4,4.0,0.61,0.583,1.4,1.7,0.844,0.9,3.1,4.0,1.8,1.4,0.6,1.0,2.2,9.1,0
2021,NBA,Mikal Bridges,bridgmi01,24.0,PHO,SF,72,72.0,32.6,5.0,9.3,0.543,1.9,4.4,0.425,3.2,4.9,0.647,0.643,1.5,1.8,0.84,1.1,3.2,4.3,2.1,1.1,0.9,0.8,1.6,13.5,0
2022,NBA,Mikal Bridges,bridgmi01,25.0,PHO,SF,82,82.0,34.8,5.6,10.5,0.534,1.4,3.8,0.369,4.2,6.7,0.628,0.601,1.6,1.9,0.834,0.9,3.3,4.2,2.3,1.2,0.4,0.8,1.8,14.2,0
2023,NBA,Mikal Bridges,bridgmi01,26.0,2TM,SG,83,83.0,35.7,7.1,15.3,0.468,2.0,5.3,0.382,5.1,9.9,0.514,0.535,3.8,4.3,0.895,1.0,3.4,4.4,3.3,1.1,0.7,1.5,1.9,20.1,0
2024,NBA,Mikal Bridges,bridgmi01,27.0,BRK,SF,82,82.0,34.8,6.9,15.8,0.436,2.7,7.2,0.372,4.2,8.6,0.49,0.521,3.1,3.9,0.814,0.8,3.7,4.5,3.6,1.0,0.4,2.0,1.4,19.6,0
2015,NBA,Mike Conley,conlemi01,27.0,MEM,PG,70,70.0,31.8,5.6,12.6,0.446,1.5,4.0,0.386,4.1,8.6,0.473,0.506,3.1,3.6,0.859,0.4,2.6,3.0,5.4,1.3,0.2,2.2,2.0,15.8,0
2016,NBA,Mike Conley,conlemi01,28.0,MEM,PG,56,56.0,31.4,5.3,12.4,0.422,1.4,3.8,0.363,3.9,8.6,0.449,0.478,3.4,4.1,0.834,0.5,2.5,2.9,6.1,1.2,0.3,1.5,1.8,15.3,0
2017,NBA,Mike Conley,conlemi01,29.0,MEM,PG,69,68.0,33.2,6.7,14.6,0.46,2.5,6.1,0.408,4.2,8.6,0.497,0.545,4.6,5.3,0.859,0.4,3.0,3.5,6.3,1.3,0.3,2.3,1.8,20.5,0
2019,NBA,Mike Conley,conlemi01,31.0,MEM,PG,70,70.0,33.5,7.0,16.0,0.438,2.2,6.1,0.364,4.8,9.9,0.483,0.507,4.9,5.8,0.845,0.6,2.8,3.4,6.4,1.3,0.3,1.9,1.8,21.1,0
2020,NBA,Mike Conley,conlemi01,32.0,UTA,PG,47,41.0,29.0,4.9,12.1,0.409,2.0,5.4,0.375,2.9,6.6,0.437,0.494,2.4,3.0,0.827,0.7,2.5,3.2,4.4,0.8,0.1,2.0,2.2,14.4,0
2021,NBA,Mike Conley,conlemi01,33.0,UTA,PG,51,51.0,29.4,5.6,12.5,0.444,2.7,6.6,0.412,2.9,6.0,0.479,0.552,2.4,2.8,0.852,0.7,2.8,3.5,6.0,1.4,0.2,1.9,1.9,16.2,1
2022,NBA,Mike Conley,conlemi01,34.0,UTA,PG,72,72.0,28.6,4.8,11.0,0.435,2.3,5.8,0.408,2.4,5.2,0.464,0.542,1.8,2.3,0.796,0.7,2.4,3.0,5.3,1.3,0.3,1.7,2.0,13.7,0
2023,NBA,Mike Conley,conlemi01,35.0,2TM,PG,67,66.0,30.3,3.9,9.1,0.428,2.0,5.2,0.385,1.9,3.9,0.486,0.539,2.1,2.5,0.834,0.5,2.2,2.7,6.7,1.1,0.2,1.5,2.1,11.9,0
2024,NBA,Mike Conley,conlemi01,36.0,MIN,PG,76,76.0,28.9,3.9,8.5,0.457,2.4,5.3,0.442,1.5,3.1,0.481,0.595,1.3,1.5,0.911,0.5,2.4,2.9,5.9,1.2,0.2,1.3,1.7,11.4,0
2015,NBA,Mike Dunleavy,dunlemi02,34.0,CHI,SF,63,63.0,29.2,3.3,7.6,0.435,1.7,4.2,0.407,1.6,3.5,0.468,0.546,1.1,1.4,0.805,0.4,3.5,3.9,1.8,0.6,0.3,1.0,2.0,9.4,0
2016,NBA,Mike Dunleavy,dunlemi02,35.0,CHI,SF,31,30.0,22.7,2.5,6.1,0.41,1.3,3.2,0.394,1.2,2.9,0.427,0.513,0.9,1.2,0.784,0.3,2.4,2.7,1.3,0.5,0.3,0.8,2.1,7.2,0
2017,NBA,Mike Dunleavy,dunlemi02,36.0,2TM,SF,53,2.0,15.9,1.8,4.2,0.423,1.0,2.5,0.396,0.8,1.6,0.465,0.543,0.7,0.8,0.8,0.3,1.8,2.2,0.9,0.3,0.1,0.5,1.3,5.2,0
2018,NBA,Mike James,jamesmi02,27.0,2TM,PG,36,10.0,19.1,3.4,8.9,0.383,0.7,2.7,0.265,2.7,6.2,0.435,0.424,1.8,2.3,0.762,0.4,2.1,2.5,3.5,0.8,0.2,1.4,1.3,9.3,0
2015,NBA,Mike Miller,millemi01,34.0,CLE,SF,52,15.0,13.5,0.7,2.2,0.325,0.6,1.9,0.327,0.1,0.3,0.313,0.465,0.1,0.1,0.75,0.1,1.7,1.8,0.9,0.3,0.1,0.4,1.4,2.1,0
2016,NBA,Mike Miller,millemi01,35.0,DEN,SF,47,2.0,7.9,0.5,1.3,0.355,0.4,1.1,0.365,0.1,0.2,0.3,0.508,0.0,0.0,0.0,0.1,1.0,1.1,0.9,0.3,0.1,0.4,1.1,1.3,0
2017,NBA,Mike Miller,millemi01,36.0,DEN,SF,20,0.0,7.6,0.5,1.2,0.391,0.4,1.0,0.4,0.1,0.2,0.333,0.565,0.1,0.1,1.0,0.1,1.8,1.9,1.1,0.1,0.0,0.7,0.5,1.4,0
2015,NBA,Mike Muscala,muscami01,23.0,ATL,PF,40,8.0,12.6,2.1,3.8,0.55,0.2,0.6,0.409,1.9,3.2,0.574,0.579,0.6,0.6,0.88,1.3,1.7,3.0,0.6,0.4,0.5,0.5,1.3,4.9,0
2016,NBA,Mike Muscala,muscami01,24.0,ATL,C,60,0.0,9.4,1.3,2.5,0.5,0.2,0.7,0.308,1.1,1.9,0.566,0.539,0.5,0.7,0.795,0.6,1.3,2.0,0.6,0.2,0.5,0.5,1.2,3.3,0
2017,NBA,Mike Muscala,muscami01,25.0,ATL,C,70,3.0,17.7,2.4,4.8,0.504,0.7,1.6,0.418,1.8,3.2,0.546,0.573,0.7,0.9,0.766,1.1,2.3,3.4,1.4,0.4,0.6,0.8,1.4,6.2,0
2018,NBA,Mike Muscala,muscami01,26.0,ATL,C,53,7.0,20.0,2.7,5.9,0.458,1.2,3.2,0.371,1.5,2.7,0.559,0.558,1.1,1.2,0.919,1.1,3.3,4.3,1.0,0.6,0.5,0.8,1.5,7.6,0
2019,NBA,Mike Muscala,muscami01,27.0,2TM,PF,64,10.0,20.4,2.3,5.6,0.402,1.4,4.0,0.348,0.9,1.6,0.533,0.525,1.1,1.3,0.824,0.9,2.9,3.8,1.2,0.3,0.6,0.8,2.0,7.0,0
2020,NBA,Mike Muscala,muscami01,28.0,OKC,C,47,2.0,12.2,1.6,4.0,0.407,1.1,3.0,0.378,0.5,1.0,0.5,0.55,0.4,0.5,0.818,0.3,2.0,2.3,0.9,0.2,0.3,0.4,1.2,4.8,0
2021,NBA,Mike Muscala,muscami01,29.0,OKC,C,35,0.0,18.4,3.4,7.6,0.446,1.9,5.3,0.37,1.5,2.4,0.614,0.573,0.9,1.0,0.917,0.5,3.2,3.8,0.8,0.2,0.3,0.6,1.5,9.7,0
2022,NBA,Mike Muscala,muscami01,30.0,OKC,C,43,0.0,13.8,2.6,5.8,0.456,1.6,3.8,0.429,1.0,2.0,0.506,0.597,1.1,1.3,0.842,0.5,2.5,3.0,0.5,0.4,0.6,0.3,1.3,8.0,0
2023,NBA,Mike Muscala,muscami01,31.0,2TM,C,63,9.0,15.0,2.1,4.6,0.449,1.3,3.3,0.391,0.8,1.3,0.588,0.587,0.6,0.8,0.769,0.6,2.6,3.2,0.8,0.2,0.4,0.4,1.6,6.1,0
2024,NBA,Mike Muscala,muscami01,32.0,3TM,C,53,6.0,11.3,1.1,2.9,0.359,0.5,1.8,0.292,0.5,1.1,0.467,0.449,0.3,0.5,0.68,0.7,1.6,2.4,0.7,0.2,0.2,0.4,1.0,3.0,0
2015,NBA,Mike Scott,scottmi01,26.0,ATL,PF,68,0.0,16.5,3.0,6.7,0.444,1.0,2.8,0.344,2.0,3.8,0.517,0.517,0.9,1.1,0.792,0.7,2.3,2.9,1.1,0.4,0.0,0.6,1.2,7.8,0
2016,NBA,Mike Scott,scottmi01,27.0,ATL,PF,75,0.0,15.3,2.3,5.0,0.468,0.8,2.1,0.392,1.5,2.9,0.523,0.551,0.7,0.8,0.794,0.7,2.0,2.7,1.0,0.3,0.2,0.6,1.4,6.2,0
2018,NBA,Mike Scott,scottmi01,29.0,WAS,PF,76,1.0,18.5,3.6,6.9,0.527,0.9,2.1,0.405,2.8,4.8,0.582,0.59,0.7,1.0,0.658,0.7,2.6,3.3,1.1,0.3,0.1,1.0,1.9,8.8,0
2019,NBA,Mike Scott,scottmi01,30.0,2TM,PF,79,3.0,17.7,2.1,5.3,0.4,1.3,3.2,0.401,0.8,2.1,0.399,0.52,0.3,0.4,0.667,0.5,2.9,3.5,0.8,0.3,0.2,0.6,2.0,5.8,0
2020,NBA,Mike Scott,scottmi01,31.0,PHI,PF,68,11.0,17.8,2.2,5.1,0.426,1.2,3.2,0.369,1.0,2.0,0.519,0.54,0.4,0.5,0.811,1.0,2.7,3.6,0.8,0.3,0.1,0.4,1.4,6.0,0
2021,NBA,Mike Scott,scottmi01,32.0,PHI,PF,51,12.0,16.7,1.5,4.1,0.36,1.0,3.0,0.342,0.5,1.1,0.411,0.486,0.2,0.2,0.667,0.2,2.1,2.4,0.8,0.5,0.3,0.4,1.4,4.2,0
2019,NBA,Miles Bridges,bridgmi02,20.0,CHO,SF,80,25.0,21.2,3.0,6.4,0.464,0.8,2.5,0.325,2.2,3.9,0.553,0.527,0.7,1.0,0.753,0.8,3.2,4.0,1.2,0.7,0.6,0.6,1.4,7.5,0
2020,NBA,Miles Bridges,bridgmi02,21.0,CHO,SF,65,64.0,30.7,4.9,11.6,0.424,1.5,4.6,0.33,3.4,7.0,0.486,0.489,1.6,2.0,0.809,1.4,4.2,5.6,1.8,0.6,0.7,1.5,2.0,13.0,0
2021,NBA,Miles Bridges,bridgmi02,22.0,CHO,PF,66,19.0,29.3,4.7,9.4,0.503,1.8,4.4,0.4,3.0,5.0,0.593,0.596,1.5,1.7,0.867,1.2,4.8,6.0,2.2,0.7,0.8,1.6,2.2,12.7,0
2022,NBA,Miles Bridges,bridgmi02,23.0,CHO,PF,80,80.0,35.5,7.5,15.2,0.491,1.9,5.8,0.331,5.5,9.4,0.59,0.554,3.3,4.2,0.802,1.1,5.9,7.0,3.8,0.9,0.8,1.9,2.4,20.2,0
2024,NBA,Miles Bridges,bridgmi02,25.0,CHO,SF,69,67.0,37.4,8.1,17.5,0.462,2.3,6.5,0.349,5.8,11.0,0.529,0.527,2.5,3.1,0.825,1.0,6.3,7.3,3.3,0.9,0.5,2.0,1.7,21.0,0
2022,NBA,Miles McBride,mcbrimi01,21.0,NYK,PG,40,2.0,9.3,0.8,2.7,0.296,0.4,1.7,0.25,0.4,1.0,0.375,0.375,0.2,0.3,0.667,0.1,1.0,1.1,1.0,0.4,0.0,0.1,1.1,2.2,0
2023,NBA,Miles McBride,mcbrimi01,22.0,NYK,PG,64,2.0,11.9,1.2,3.4,0.358,0.6,2.1,0.299,0.6,1.3,0.457,0.451,0.4,0.7,0.667,0.2,0.6,0.8,1.1,0.6,0.1,0.4,0.9,3.5,0
2024,NBA,Miles McBride,mcbrimi01,23.0,NYK,PG,68,14.0,19.5,3.0,6.7,0.452,1.6,3.9,0.41,1.4,2.8,0.511,0.572,0.6,0.7,0.86,0.5,1.0,1.5,1.7,0.7,0.1,0.4,1.6,8.3,0
2015,NBA,Miles Plumlee,plumlmi01,26.0,2TM,C,73,28.0,16.4,1.9,3.5,0.535,0.0,0.0,0.0,1.9,3.5,0.535,0.535,0.3,0.6,0.478,1.5,2.8,4.4,0.5,0.6,0.9,0.7,1.5,4.0,0
2016,NBA,Miles Plumlee,plumlmi01,27.0,MIL,C,61,14.0,14.3,2.3,3.8,0.601,0.0,0.0,0.0,2.3,3.8,0.601,0.601,0.6,1.0,0.576,1.5,2.3,3.8,0.3,0.3,0.8,0.7,1.2,5.1,0
2017,NBA,Miles Plumlee,plumlmi01,28.0,2TM,C,45,12.0,10.8,1.0,2.0,0.478,0.0,0.0,0.0,1.0,2.0,0.478,0.478,0.6,0.9,0.641,0.8,1.3,2.1,0.5,0.4,0.3,0.7,1.6,2.5,0
2018,NBA,Miles Plumlee,plumlmi01,29.0,ATL,C,55,35.0,16.7,1.9,3.3,0.583,0.0,0.0,0.0,1.9,3.3,0.583,0.583,0.5,1.1,0.45,1.4,2.7,4.1,0.8,0.3,0.5,1.1,1.4,4.3,0
2018,NBA,Miloš Teodosić,teodomi01,30.0,LAC,PG,45,36.0,25.2,3.4,8.0,0.419,2.0,5.2,0.379,1.4,2.8,0.492,0.542,0.9,1.0,0.848,0.4,2.4,2.8,4.6,0.5,0.1,2.2,2.3,9.5,0
2017,NBA,Mindaugas Kuzminskas,kuzmimi01,27.0,NYK,SF,68,5.0,14.9,2.3,5.4,0.428,0.8,2.5,0.321,1.5,3.0,0.517,0.501,0.8,1.0,0.809,0.7,1.2,1.9,1.0,0.4,0.2,0.8,1.2,6.3,0
2015,NBA,Mirza Teletović,teletmi01,29.0,BRK,PF,40,4.0,22.3,3.1,8.0,0.382,1.6,4.8,0.321,1.5,3.2,0.476,0.48,0.8,1.2,0.717,0.7,4.2,4.9,1.2,0.4,0.4,1.3,1.9,8.5,0
2016,NBA,Mirza Teletović,teletmi01,30.0,PHO,PF,79,1.0,21.3,4.2,9.8,0.427,2.3,5.8,0.393,1.9,4.0,0.476,0.544,1.5,2.0,0.774,0.7,3.1,3.8,1.1,0.4,0.3,1.1,2.0,12.2,0
2017,NBA,Mirza Teletović,teletmi01,31.0,MIL,PF,70,2.0,16.2,2.2,6.0,0.373,1.5,4.4,0.341,0.7,1.6,0.46,0.498,0.5,0.6,0.778,0.2,2.2,2.3,0.7,0.2,0.2,0.5,1.6,6.4,0
2015,NBA,Mitch McGary,mcgarmi01,22.0,OKC,PF,32,2.0,15.2,2.8,5.2,0.533,0.0,0.1,0.0,2.8,5.1,0.54,0.533,0.8,1.3,0.625,1.7,3.5,5.2,0.4,0.5,0.5,1.0,2.3,6.3,0
2016,NBA,Mitch McGary,mcgarmi01,23.0,OKC,PF,20,0.0,3.6,0.6,1.2,0.478,0.0,0.2,0.0,0.6,1.0,0.579,0.478,0.2,0.5,0.4,0.2,0.7,0.9,0.2,0.1,0.1,0.4,0.5,1.3,0
2019,NBA,Mitchell Robinson,robinmi01,20.0,NYK,C,66,19.0,20.6,3.1,4.4,0.694,0.0,0.0,0.0,3.1,4.4,0.694,0.694,1.2,2.0,0.6,2.7,3.7,6.4,0.6,0.8,2.4,0.5,3.3,7.3,0
2020,NBA,Mitchell Robinson,robinmi01,21.0,NYK,C,61,7.0,23.1,4.1,5.6,0.742,0.0,0.0,0.0,4.1,5.6,0.742,0.742,1.4,2.4,0.568,3.0,4.0,7.0,0.6,0.9,2.0,0.6,3.2,9.7,0
2021,NBA,Mitchell Robinson,robinmi01,22.0,NYK,C,31,29.0,27.5,3.7,5.7,0.653,0.0,0.0,0.0,3.7,5.7,0.653,0.653,0.8,1.7,0.491,3.6,4.5,8.1,0.5,1.1,1.5,0.8,2.8,8.3,0
2022,NBA,Mitchell Robinson,robinmi01,23.0,NYK,C,72,62.0,25.7,3.6,4.8,0.761,0.0,0.0,0.0,3.6,4.8,0.761,0.761,1.2,2.5,0.486,4.1,4.5,8.6,0.5,0.8,1.8,0.8,2.7,8.5,0
2023,NBA,Mitchell Robinson,robinmi01,24.0,NYK,C,59,58.0,27.0,3.2,4.7,0.671,0.0,0.0,0.0,3.2,4.7,0.671,0.671,1.0,2.1,0.484,4.5,4.9,9.4,0.9,0.9,1.8,0.7,2.7,7.4,0
2024,NBA,Mitchell Robinson,robinmi01,25.0,NYK,C,31,21.0,24.8,2.4,4.1,0.575,0.0,0.0,0.0,2.4,4.1,0.575,0.575,0.9,2.1,0.409,4.6,3.9,8.5,0.6,1.2,1.1,0.8,1.8,5.6,0
2021,NBA,Miye Oni,onimi01,23.0,UTA,SG,54,0.0,9.6,0.6,1.8,0.354,0.6,1.6,0.341,0.1,0.2,0.455,0.505,0.1,0.1,0.833,0.4,1.1,1.6,0.5,0.2,0.1,0.3,1.1,1.9,0
2019,NBA,Mo Bamba,bambamo01,20.0,ORL,C,47,1.0,16.3,2.5,5.2,0.481,0.4,1.5,0.3,2.0,3.7,0.555,0.525,0.8,1.3,0.587,1.4,3.6,5.0,0.8,0.3,1.4,0.9,2.2,6.2,0
2020,NBA,Mo Bamba,bambamo01,21.0,ORL,C,62,0.0,14.2,2.1,4.6,0.462,0.6,1.7,0.346,1.5,2.9,0.531,0.526,0.5,0.7,0.674,1.6,3.3,4.9,0.7,0.4,1.4,0.7,1.9,5.4,0
2021,NBA,Mo Bamba,bambamo01,22.0,ORL,C,46,5.0,15.8,3.1,6.5,0.472,0.8,2.6,0.322,2.3,4.0,0.568,0.535,1.0,1.4,0.682,1.7,4.1,5.8,0.8,0.3,1.3,0.8,1.9,8.0,0
2022,NBA,Mo Bamba,bambamo01,23.0,ORL,C,71,69.0,25.7,4.2,8.7,0.48,1.5,4.0,0.381,2.7,4.7,0.563,0.566,0.8,1.0,0.781,2.1,6.0,8.1,1.2,0.5,1.7,1.1,2.6,10.6,0
2023,NBA,Mo Bamba,bambamo01,24.0,2TM,C,49,7.0,15.7,2.4,4.9,0.485,1.0,2.5,0.387,1.4,2.4,0.59,0.585,0.8,1.3,0.661,1.2,3.4,4.6,0.9,0.3,0.9,0.6,2.1,6.6,0
2024,NBA,Mo Bamba,bambamo01,25.0,PHI,C,57,17.0,13.0,1.7,3.5,0.49,0.4,1.1,0.391,1.3,2.4,0.537,0.553,0.6,0.9,0.68,1.4,2.8,4.2,0.7,0.4,1.1,0.7,1.8,4.4,0
2015,NBA,Mo Williams,willima01,32.0,2TM,PG,68,33.0,29.1,5.0,12.6,0.397,1.8,5.1,0.342,3.3,7.5,0.434,0.466,2.4,2.8,0.872,0.3,2.2,2.6,6.2,0.7,0.2,2.5,2.4,14.2,0
2016,NBA,Mo Williams,willima01,33.0,CLE,PG,41,14.0,18.2,3.2,7.4,0.437,0.9,2.5,0.353,2.3,4.9,0.48,0.497,0.9,1.0,0.905,0.1,1.6,1.8,2.4,0.3,0.1,1.4,1.5,8.2,0
2015,NBA,Monta Ellis,ellismo01,29.0,DAL,SG,80,80.0,33.7,7.5,16.9,0.445,1.0,3.6,0.285,6.5,13.4,0.487,0.475,2.9,3.8,0.752,0.4,2.0,2.4,4.1,1.9,0.3,2.5,2.5,18.9,0
2016,NBA,Monta Ellis,ellismo01,30.0,IND,SG,81,81.0,33.8,5.4,12.6,0.427,1.1,3.5,0.309,4.3,9.1,0.472,0.47,2.0,2.5,0.786,0.5,2.8,3.3,4.7,1.9,0.5,2.5,2.1,13.8,0
2017,NBA,Monta Ellis,ellismo01,31.0,IND,SG,74,33.0,27.0,3.3,7.5,0.443,0.6,1.8,0.319,2.8,5.7,0.483,0.482,1.3,1.7,0.727,0.3,2.5,2.8,3.2,1.1,0.4,1.8,2.0,8.5,0
2019,NBA,Monte Morris,morrimo01,23.0,DEN,PG,82,6.0,24.0,4.2,8.6,0.493,1.1,2.8,0.414,3.1,5.8,0.531,0.56,0.8,1.0,0.802,0.4,1.9,2.4,3.6,0.9,0.0,0.6,1.2,10.4,0
2020,NBA,Monte Morris,morrimo01,24.0,DEN,PG,73,12.0,22.4,3.6,7.8,0.459,0.9,2.4,0.378,2.7,5.4,0.495,0.517,1.0,1.2,0.843,0.3,1.5,1.9,3.5,0.8,0.2,0.7,1.0,9.0,0
2021,NBA,Monte Morris,morrimo01,25.0,DEN,PG,47,13.0,25.4,4.0,8.2,0.481,1.1,2.9,0.381,2.9,5.4,0.534,0.547,1.2,1.6,0.795,0.2,1.8,2.0,3.2,0.7,0.3,0.7,1.0,10.2,0
2022,NBA,Monte Morris,morrimo01,26.0,DEN,PG,75,74.0,29.9,5.0,10.3,0.484,1.7,4.2,0.395,3.3,6.1,0.545,0.564,1.0,1.1,0.869,0.4,2.7,3.0,4.4,0.7,0.2,1.0,1.2,12.6,0
2023,NBA,Monte Morris,morrimo01,27.0,WAS,PG,62,61.0,27.3,4.0,8.3,0.48,1.3,3.3,0.382,2.7,5.0,0.543,0.555,1.0,1.2,0.831,0.4,3.0,3.4,5.3,0.7,0.2,1.0,1.2,10.3,0
2024,NBA,Monte Morris,morrimo01,28.0,2TM,PG,33,0.0,14.4,1.9,4.6,0.405,0.8,2.1,0.386,1.1,2.5,0.422,0.493,0.4,0.6,0.684,0.2,1.5,1.7,2.1,0.6,0.3,0.2,0.4,5.0,0
2016,NBA,Montrezl Harrell,harremo01,22.0,HOU,PF,39,1.0,9.7,1.5,2.3,0.644,0.0,0.0,0.0,1.5,2.3,0.652,0.644,0.6,1.2,0.522,0.6,1.0,1.7,0.4,0.3,0.3,0.4,1.2,3.6,0
2017,NBA,Montrezl Harrell,harremo01,23.0,HOU,C,58,14.0,18.3,3.9,5.9,0.652,0.0,0.1,0.143,3.9,5.8,0.663,0.654,1.3,2.1,0.628,1.4,2.4,3.8,1.1,0.3,0.7,0.8,2.2,9.1,0
2018,NBA,Montrezl Harrell,harremo01,24.0,LAC,C,76,3.0,17.0,4.6,7.2,0.635,0.0,0.1,0.143,4.6,7.1,0.641,0.636,1.8,2.9,0.626,1.4,2.7,4.0,1.0,0.5,0.7,0.9,1.9,11.0,0
2019,NBA,Montrezl Harrell,harremo01,25.0,LAC,C,82,5.0,26.3,6.7,10.8,0.615,0.0,0.2,0.176,6.6,10.6,0.623,0.617,3.2,5.0,0.643,2.2,4.3,6.5,2.0,0.9,1.3,1.6,3.1,16.6,0
2020,NBA,Montrezl Harrell,harremo01,26.0,LAC,C,63,2.0,27.8,7.5,12.9,0.58,0.0,0.3,0.0,7.5,12.6,0.593,0.58,3.7,5.6,0.658,2.6,4.5,7.1,1.7,0.6,1.1,1.7,2.3,18.6,0
2021,NBA,Montrezl Harrell,harremo01,27.0,LAL,C,69,1.0,22.9,5.4,8.7,0.622,0.0,0.1,0.0,5.4,8.6,0.632,0.622,2.6,3.7,0.707,2.3,3.9,6.2,1.1,0.7,0.7,1.1,1.9,13.5,0
2022,NBA,Montrezl Harrell,harremo01,28.0,2TM,C,71,3.0,23.1,5.0,7.8,0.645,0.1,0.2,0.235,5.0,7.6,0.658,0.649,3.0,4.2,0.716,2.1,4.0,6.1,2.0,0.4,0.6,1.0,1.9,13.1,0
2023,NBA,Montrezl Harrell,harremo01,29.0,PHI,C,57,7.0,11.9,2.2,3.7,0.598,0.0,0.1,0.0,2.2,3.6,0.616,0.598,1.2,1.8,0.693,1.2,1.6,2.8,0.6,0.3,0.4,0.6,1.3,5.6,0
2019,NBA,Moritz Wagner,wagnemo01,21.0,LAL,C,43,5.0,10.4,1.7,4.0,0.415,0.5,1.8,0.286,1.1,2.2,0.521,0.48,1.0,1.2,0.811,0.4,1.6,2.0,0.6,0.3,0.3,0.9,1.3,4.8,0
2020,NBA,Moritz Wagner,wagnemo01,22.0,WAS,C,45,5.0,18.6,3.2,5.9,0.545,0.6,1.8,0.313,2.7,4.1,0.645,0.592,1.7,2.1,0.821,1.2,3.6,4.9,1.2,0.6,0.4,1.5,3.4,8.7,0
2021,NBA,Moritz Wagner,wagnemo01,23.0,3TM,C,45,24.0,16.0,2.3,5.1,0.454,0.7,2.0,0.341,1.6,3.1,0.529,0.522,1.6,1.9,0.816,0.6,2.6,3.2,1.1,0.6,0.4,1.0,2.4,6.9,0
2022,NBA,Moritz Wagner,wagnemo01,24.0,ORL,C,63,3.0,15.2,3.1,6.3,0.497,1.0,3.2,0.328,2.1,3.1,0.672,0.581,1.7,2.0,0.806,0.7,3.0,3.7,1.4,0.3,0.2,0.9,2.0,9.0,0
2023,NBA,Moritz Wagner,wagnemo01,25.0,ORL,C,57,18.0,19.5,3.5,6.9,0.5,0.9,2.9,0.313,2.6,4.1,0.631,0.564,2.7,3.2,0.841,1.2,3.3,4.5,1.5,0.6,0.2,1.2,2.4,10.5,0
2024,NBA,Moritz Wagner,wagnemo01,26.0,ORL,C,80,1.0,17.7,4.2,6.9,0.601,0.5,1.4,0.33,3.7,5.5,0.673,0.636,2.1,2.6,0.814,1.5,2.9,4.3,1.2,0.5,0.3,1.2,2.0,10.9,0
2021,NBA,Moses Brown,brownmo01,21.0,OKC,C,43,32.0,21.4,3.4,6.2,0.545,0.0,0.0,0.0,3.4,6.2,0.545,0.545,1.8,2.9,0.619,3.6,5.3,8.9,0.2,0.7,1.1,1.0,2.2,8.6,0
2022,NBA,Moses Brown,brownmo01,22.0,2TM,C,40,6.0,8.6,1.6,2.7,0.593,0.0,0.0,0.0,1.6,2.7,0.593,0.593,1.1,1.8,0.597,1.0,2.4,3.4,0.0,0.2,0.4,0.5,1.3,4.3,0
2023,NBA,Moses Brown,brownmo01,23.0,2TM,C,36,1.0,8.2,1.7,2.7,0.635,0.0,0.0,0.0,1.7,2.7,0.635,0.635,0.9,2.0,0.458,1.6,2.3,3.9,0.1,0.1,0.4,0.4,1.1,4.3,0
2024,NBA,Moses Brown,brownmo01,24.0,POR,C,22,5.0,9.1,1.5,3.0,0.508,0.0,0.0,0.0,1.5,3.0,0.508,0.508,0.4,1.4,0.29,1.7,2.2,3.9,0.3,0.2,0.3,0.5,1.2,3.4,0
2022,NBA,Moses Moody,moodymo01,19.0,GSW,SG,52,11.0,11.7,1.5,3.5,0.437,0.8,2.1,0.364,0.8,1.4,0.548,0.546,0.5,0.7,0.778,0.3,1.2,1.5,0.4,0.1,0.2,0.3,0.8,4.4,0
2023,NBA,Moses Moody,moodymo01,20.0,GSW,SG,63,3.0,13.0,1.7,3.6,0.476,0.8,2.1,0.363,0.9,1.5,0.641,0.584,0.6,0.8,0.698,0.4,1.2,1.7,0.8,0.3,0.1,0.5,0.9,4.8,0
2024,NBA,Moses Moody,moodymo01,21.0,GSW,SG,66,9.0,17.5,2.9,6.4,0.462,1.1,3.0,0.36,1.8,3.3,0.555,0.548,1.1,1.4,0.785,1.0,2.0,3.0,0.9,0.6,0.4,0.7,1.4,8.1,0
2023,NBA,Moussa Diabaté,diabamo01,21.0,LAC,C,22,1.0,8.9,1.1,2.1,0.511,0.0,0.1,0.5,1.0,2.0,0.511,0.521,0.5,0.7,0.625,1.4,0.9,2.3,0.2,0.3,0.4,0.4,0.7,2.7,0
2021,NBA,Mychal Mulder,muldemy01,26.0,GSW,PG,60,6.0,12.8,2.0,4.4,0.449,1.4,3.6,0.397,0.6,0.9,0.667,0.609,0.2,0.4,0.636,0.1,0.9,1.0,0.4,0.2,0.2,0.3,0.9,5.6,0
2018,NBA,Myke Henry,henrymy01,25.0,MEM,SF,20,0.0,18.9,2.1,5.5,0.376,1.0,2.9,0.328,1.1,2.6,0.431,0.463,0.3,0.5,0.6,0.5,1.4,1.9,1.1,1.6,0.3,1.0,1.4,5.4,0
2016,NBA,Myles Turner,turnemy01,19.0,IND,C,60,30.0,22.8,4.4,8.8,0.498,0.1,0.2,0.214,4.4,8.6,0.506,0.501,1.5,2.0,0.727,1.1,4.4,5.5,0.7,0.4,1.4,1.1,2.6,10.3,0
2017,NBA,Myles Turner,turnemy01,20.0,IND,C,81,81.0,31.4,5.5,10.7,0.511,0.5,1.4,0.348,5.0,9.3,0.536,0.534,3.0,3.7,0.809,1.7,5.6,7.3,1.3,0.9,2.1,1.3,3.2,14.5,0
2018,NBA,Myles Turner,turnemy01,21.0,IND,C,65,62.0,28.2,4.7,9.8,0.479,0.9,2.4,0.357,3.8,7.4,0.519,0.523,2.5,3.2,0.777,1.4,5.0,6.4,1.3,0.6,1.8,1.5,2.9,12.7,0
2019,NBA,Myles Turner,turnemy01,22.0,IND,C,74,74.0,28.6,5.1,10.5,0.487,1.0,2.6,0.388,4.1,7.9,0.521,0.536,2.0,2.7,0.736,1.4,5.8,7.2,1.6,0.8,2.7,1.4,2.6,13.3,0
2020,NBA,Myles Turner,turnemy01,23.0,IND,C,62,62.0,29.5,4.3,9.5,0.457,1.4,4.0,0.344,2.9,5.4,0.54,0.53,2.0,2.7,0.751,1.4,5.2,6.6,1.2,0.7,2.1,1.4,2.7,12.1,0
2021,NBA,Myles Turner,turnemy01,24.0,IND,C,47,47.0,31.0,4.4,9.2,0.477,1.5,4.4,0.335,2.9,4.8,0.606,0.557,2.4,3.0,0.782,1.3,5.2,6.5,1.0,0.9,3.4,1.4,3.5,12.6,0
2022,NBA,Myles Turner,turnemy01,25.0,IND,C,42,42.0,29.4,4.8,9.4,0.509,1.5,4.4,0.333,3.3,5.0,0.662,0.587,1.9,2.5,0.752,1.5,5.5,7.1,1.0,0.7,2.8,1.3,2.8,12.9,0
2023,NBA,Myles Turner,turnemy01,26.0,IND,C,62,62.0,29.4,6.5,11.8,0.548,1.5,4.0,0.373,5.0,7.8,0.638,0.612,3.5,4.5,0.783,1.4,6.1,7.5,1.4,0.6,2.3,1.7,3.5,18.0,0
2024,NBA,Myles Turner,turnemy01,27.0,IND,C,77,77.0,27.0,6.2,11.8,0.524,1.5,4.2,0.358,4.7,7.6,0.615,0.587,3.2,4.1,0.773,1.5,5.5,6.9,1.3,0.5,1.9,1.4,3.0,17.1,0
2021,NBA,Naji Marshall,marshna01,23.0,NOP,SF,32,10.0,21.9,2.6,6.5,0.392,0.9,2.6,0.349,1.7,3.9,0.421,0.462,1.7,2.3,0.707,0.5,4.2,4.6,2.8,0.8,0.3,1.2,1.8,7.7,0
2022,NBA,Naji Marshall,marshna01,24.0,NOP,SF,55,4.0,13.4,2.0,4.9,0.405,0.4,1.9,0.2,1.6,3.0,0.537,0.444,1.3,1.7,0.796,0.7,1.9,2.6,1.1,0.6,0.1,0.8,1.3,5.7,0
2023,NBA,Naji Marshall,marshna01,25.0,NOP,SF,77,21.0,23.3,3.2,7.4,0.433,0.9,2.8,0.303,2.4,4.6,0.513,0.49,1.8,2.3,0.789,0.6,3.0,3.6,2.5,0.7,0.2,1.3,1.5,9.1,0
2024,NBA,Naji Marshall,marshna01,26.0,NOP,SF,66,1.0,19.0,2.6,5.6,0.463,0.9,2.3,0.387,1.7,3.3,0.516,0.542,1.0,1.3,0.791,0.8,2.8,3.6,1.9,0.7,0.2,1.0,1.4,7.1,0
2020,NBA,Nassir Little,littlna01,19.0,POR,PF,48,5.0,11.9,1.4,3.1,0.43,0.3,1.2,0.237,1.1,1.9,0.554,0.477,0.6,0.9,0.636,0.6,1.6,2.3,0.5,0.3,0.3,0.3,1.5,3.6,0
2021,NBA,Nassir Little,littlna01,20.0,POR,PF,48,2.0,13.3,1.6,3.5,0.467,0.6,1.7,0.35,1.0,1.8,0.575,0.551,0.8,0.9,0.8,0.7,2.0,2.7,0.5,0.1,0.3,0.4,1.1,4.6,0
2022,NBA,Nassir Little,littlna01,21.0,POR,SF,42,23.0,25.9,3.5,7.5,0.46,1.2,3.7,0.331,2.2,3.8,0.584,0.541,1.6,2.2,0.734,1.4,4.2,5.6,1.3,0.6,0.9,1.0,2.0,9.8,0
2023,NBA,Nassir Little,littlna01,22.0,POR,SF,54,4.0,18.1,2.5,5.6,0.442,1.1,2.9,0.367,1.4,2.7,0.524,0.538,0.6,0.9,0.717,0.5,2.1,2.6,0.9,0.4,0.4,0.7,1.2,6.6,0
2024,NBA,Nassir Little,littlna01,23.0,PHO,SF,45,2.0,10.2,1.3,2.8,0.46,0.5,1.6,0.3,0.8,1.2,0.667,0.544,0.4,0.4,0.85,0.3,1.4,1.7,0.5,0.2,0.2,0.3,0.9,3.4,0
2021,NBA,Nate Hinton,hintona01,21.0,DAL,SG,21,0.0,4.4,0.7,2.0,0.357,0.2,0.9,0.211,0.5,1.1,0.478,0.405,0.3,0.5,0.7,0.0,0.4,0.4,0.4,0.3,0.1,0.2,0.4,2.0,0
2015,NBA,Nate Robinson,robinna01,30.0,2TM,PG,42,1.0,14.1,2.1,6.1,0.345,0.7,2.7,0.277,1.4,3.4,0.399,0.406,0.7,1.1,0.674,0.4,0.8,1.2,2.3,0.5,0.1,0.7,1.8,5.7,0
2015,NBA,Nate Wolters,woltena01,23.0,2TM,PG,21,0.0,11.8,1.0,2.7,0.351,0.0,0.3,0.0,1.0,2.4,0.4,0.351,0.1,0.3,0.333,0.4,1.2,1.6,1.0,0.4,0.1,0.6,0.9,2.0,0
2021,NBA,Nathan Knight,knighna01,23.0,ATL,PF,33,0.0,8.5,1.1,3.0,0.37,0.2,1.0,0.182,0.9,2.0,0.463,0.4,1.3,1.7,0.8,0.8,1.4,2.2,0.2,0.3,0.3,0.5,0.7,3.8,0
2022,NBA,Nathan Knight,knighna01,24.0,MIN,PF,37,2.0,7.2,1.2,2.4,0.511,0.1,0.4,0.308,1.1,2.0,0.547,0.534,1.2,1.6,0.733,0.9,1.4,2.3,0.6,0.2,0.2,0.5,1.1,3.7,0
2023,NBA,Nathan Knight,knighna01,25.0,MIN,C,38,0.0,7.7,1.2,2.1,0.568,0.2,0.6,0.364,1.0,1.6,0.644,0.617,1.0,1.5,0.684,0.6,0.9,1.5,0.3,0.3,0.2,0.6,1.1,3.7,0
2024,NBA,Nathan Mensah,mensana01,25.0,CHO,C,25,0.0,12.3,0.5,1.1,0.429,0.0,0.0,0.0,0.5,1.1,0.429,0.429,0.4,0.5,0.75,1.2,1.4,2.6,0.4,0.2,0.6,0.6,2.6,1.3,0
2020,NBA,Naz Reid,reidna01,20.0,MIN,C,30,11.0,16.5,3.3,8.1,0.412,1.1,3.2,0.33,2.3,4.9,0.466,0.477,1.2,1.8,0.698,1.1,3.0,4.1,1.2,0.6,0.7,0.7,2.8,9.0,0
2021,NBA,Naz Reid,reidna01,21.0,MIN,C,70,15.0,19.2,4.3,8.3,0.523,0.9,2.5,0.351,3.5,5.8,0.597,0.576,1.6,2.4,0.693,1.2,3.4,4.6,1.0,0.5,1.1,1.0,2.6,11.2,0
2022,NBA,Naz Reid,reidna01,22.0,MIN,C,77,6.0,15.8,3.0,6.2,0.489,0.7,2.2,0.343,2.3,4.0,0.568,0.549,1.5,1.9,0.765,1.3,2.6,3.9,0.9,0.5,0.9,1.1,2.2,8.3,0
2023,NBA,Naz Reid,reidna01,23.0,MIN,C,68,11.0,18.4,4.6,8.5,0.537,1.1,3.2,0.346,3.5,5.3,0.653,0.602,1.3,1.9,0.677,1.1,3.8,4.9,1.1,0.6,0.8,1.4,2.6,11.5,0
2024,NBA,Naz Reid,reidna01,24.0,MIN,PF,81,14.0,24.2,5.0,10.5,0.477,2.1,5.0,0.414,2.9,5.5,0.535,0.576,1.3,1.8,0.736,0.9,4.3,5.2,1.3,0.8,0.9,1.4,2.1,13.5,0
2015,NBA,Nazr Mohammed,mohamna01,37.0,CHI,C,23,0.0,5.6,0.6,1.3,0.433,0.0,0.0,0.0,0.6,1.3,0.433,0.433,0.0,0.1,0.333,0.5,1.2,1.7,0.1,0.2,0.2,0.3,0.7,1.2,0
2024,NBA,Neemias Queta,quetane01,24.0,BOS,C,28,0.0,11.9,2.4,3.7,0.644,0.0,0.0,0.0,2.4,3.7,0.644,0.644,0.7,1.0,0.714,1.9,2.5,4.4,0.7,0.5,0.8,0.5,1.8,5.5,0
2016,NBA,Nemanja Bjelica,bjeline01,27.0,MIN,PF,60,0.0,17.9,1.8,3.9,0.468,0.8,2.1,0.384,1.0,1.8,0.564,0.57,0.7,0.9,0.727,0.8,2.7,3.5,1.4,0.4,0.4,0.8,2.6,5.1,0
2017,NBA,Nemanja Bjelica,bjeline01,28.0,MIN,PF,65,1.0,18.3,2.3,5.5,0.424,0.9,2.7,0.316,1.5,2.8,0.531,0.503,0.7,0.9,0.738,0.9,2.9,3.8,1.2,0.6,0.3,0.9,2.4,6.2,0
2018,NBA,Nemanja Bjelica,bjeline01,29.0,MIN,PF,67,21.0,20.5,2.6,5.5,0.461,1.1,2.7,0.415,1.4,2.8,0.505,0.563,0.5,0.7,0.8,0.8,3.3,4.1,1.3,0.7,0.2,0.8,2.1,6.8,0
2019,NBA,Nemanja Bjelica,bjeline01,30.0,SAC,PF,77,70.0,23.2,3.7,7.7,0.479,1.3,3.3,0.401,2.4,4.4,0.539,0.566,0.9,1.2,0.761,1.6,4.1,5.8,1.9,0.7,0.7,1.1,2.6,9.6,0
2020,NBA,Nemanja Bjelica,bjeline01,31.0,SAC,PF,72,67.0,27.9,4.4,9.1,0.481,1.9,4.4,0.419,2.5,4.6,0.541,0.583,1.0,1.2,0.821,1.5,4.8,6.4,2.8,0.9,0.6,1.4,3.0,11.5,0
2021,NBA,Nemanja Bjelica,bjeline01,32.0,2TM,PF,37,3.0,16.1,2.4,5.3,0.454,0.7,2.3,0.318,1.7,3.0,0.559,0.523,1.0,1.4,0.725,0.8,2.6,3.4,1.9,0.4,0.1,0.9,1.8,6.5,0
2022,NBA,Nemanja Bjelica,bjeline01,33.0,GSW,C,71,0.0,16.1,2.3,4.8,0.468,0.8,2.1,0.362,1.5,2.7,0.549,0.547,0.8,1.1,0.728,0.9,3.3,4.1,2.2,0.6,0.4,1.2,1.8,6.1,0
2015,NBA,Nenê,hilarne01,32.0,WAS,PF,67,58.0,25.3,4.6,9.0,0.511,0.0,0.1,0.2,4.6,8.9,0.513,0.512,1.8,3.0,0.604,1.3,3.9,5.1,1.8,1.0,0.3,1.9,2.7,11.0,0
2016,NBA,Nenê,hilarne01,33.0,WAS,PF,57,11.0,19.2,3.7,6.7,0.544,0.0,0.1,0.0,3.7,6.7,0.549,0.544,1.9,3.2,0.578,0.9,3.6,4.5,1.7,0.9,0.5,1.3,2.7,9.2,0
2017,NBA,Nenê,hilarne01,34.0,HOU,C,67,8.0,17.9,3.7,5.9,0.617,0.0,0.1,0.333,3.6,5.8,0.624,0.621,1.7,2.9,0.589,1.4,2.8,4.2,1.0,0.8,0.6,1.1,2.4,9.1,0
2018,NBA,Nenê,hilarne01,35.0,HOU,C,52,4.0,14.6,2.6,4.6,0.569,0.0,0.0,0.0,2.6,4.6,0.574,0.569,1.3,2.1,0.636,1.0,2.3,3.4,0.9,0.5,0.3,0.7,2.4,6.5,0
2019,NBA,Nenê,hilarne01,36.0,HOU,C,42,2.0,13.0,1.4,2.8,0.517,0.0,0.1,0.0,1.4,2.7,0.531,0.517,0.7,1.1,0.66,0.8,2.1,2.9,0.6,0.4,0.4,0.3,2.1,3.6,0
2015,NBA,Nerlens Noel,noelne01,20.0,PHI,C,75,71.0,30.8,4.0,8.7,0.462,0.0,0.0,0.0,4.0,8.7,0.462,0.462,1.9,3.1,0.609,2.5,5.7,8.1,1.7,1.8,1.9,1.9,2.8,9.9,0
2016,NBA,Nerlens Noel,noelne01,21.0,PHI,C,67,62.0,29.3,4.6,8.8,0.521,0.0,0.0,0.5,4.6,8.7,0.521,0.522,2.0,3.4,0.59,2.3,5.8,8.1,1.8,1.8,1.5,2.4,2.9,11.1,0
2017,NBA,Nerlens Noel,noelne01,22.0,2TM,C,51,19.0,20.5,3.6,6.1,0.595,0.0,0.0,0.0,3.6,6.0,0.597,0.595,1.5,2.2,0.694,1.8,3.9,5.8,1.0,1.3,1.0,1.0,2.5,8.7,0
2018,NBA,Nerlens Noel,noelne01,23.0,DAL,C,30,6.0,15.7,1.8,3.5,0.524,0.0,0.0,0.0,1.8,3.5,0.529,0.524,0.7,0.9,0.75,1.6,4.0,5.6,0.7,1.0,0.7,0.9,2.0,4.4,0
2019,NBA,Nerlens Noel,noelne01,24.0,OKC,C,77,2.0,13.7,2.1,3.6,0.587,0.0,0.0,0.0,2.1,3.6,0.587,0.587,0.7,1.0,0.684,1.6,2.6,4.2,0.6,0.9,1.2,0.6,2.2,4.9,0
2020,NBA,Nerlens Noel,noelne01,25.0,OKC,C,61,7.0,18.5,3.0,4.4,0.684,0.0,0.0,0.333,3.0,4.4,0.688,0.686,1.3,1.7,0.755,1.5,3.4,4.9,0.9,1.0,1.5,1.1,2.7,7.4,0
2021,NBA,Nerlens Noel,noelne01,26.0,NYK,C,64,41.0,24.2,2.1,3.5,0.614,0.0,0.0,0.0,2.1,3.4,0.623,0.614,0.8,1.1,0.714,2.2,4.2,6.4,0.7,1.1,2.2,1.0,2.8,5.1,0
2022,NBA,Nerlens Noel,noelne01,27.0,NYK,C,25,11.0,22.5,1.3,2.4,0.533,0.0,0.1,0.0,1.3,2.3,0.561,0.533,0.8,1.2,0.7,1.9,3.7,5.6,0.9,1.2,1.2,0.8,2.7,3.4,0
2021,NBA,Nic Claxton,claxtni01,21.0,BRK,C,32,1.0,18.6,2.8,4.5,0.621,0.0,0.2,0.2,2.8,4.4,0.636,0.624,1.0,2.0,0.484,1.3,3.8,5.2,0.9,0.7,1.3,0.6,2.1,6.6,0
2022,NBA,Nic Claxton,claxtni01,22.0,BRK,C,47,19.0,20.7,3.8,5.6,0.674,0.0,0.0,0.0,3.8,5.6,0.674,0.674,1.1,2.0,0.581,1.9,3.7,5.6,0.9,0.5,1.1,0.8,2.3,8.7,0
2023,NBA,Nic Claxton,claxtni01,23.0,BRK,C,76,76.0,29.9,5.4,7.7,0.705,0.0,0.0,0.0,5.4,7.7,0.708,0.705,1.8,3.2,0.541,2.4,6.8,9.2,1.9,0.9,2.5,1.3,2.8,12.6,0
2024,NBA,Nic Claxton,claxtni01,24.0,BRK,C,71,71.0,29.8,5.2,8.2,0.629,0.0,0.1,0.2,5.1,8.1,0.633,0.63,1.5,2.8,0.551,2.7,7.2,9.9,2.1,0.6,2.1,1.3,2.5,11.8,0
2015,NBA,Nick Calathes,calatni01,25.0,MEM,SG,58,0.0,14.4,1.8,4.3,0.421,0.2,0.7,0.256,1.6,3.5,0.456,0.443,0.4,0.8,0.533,0.3,1.5,1.8,2.5,1.1,0.1,1.1,1.7,4.2,0
2015,NBA,Nick Collison,collini01,34.0,OKC,PF,66,2.0,16.7,1.6,3.8,0.419,0.2,0.9,0.267,1.4,2.9,0.466,0.451,0.7,1.0,0.692,1.4,2.4,3.8,1.4,0.5,0.4,0.7,2.4,4.1,0
2016,NBA,Nick Collison,collini01,35.0,OKC,PF,59,4.0,11.8,0.8,1.8,0.459,0.0,0.0,0.0,0.8,1.8,0.467,0.459,0.4,0.6,0.697,1.2,1.7,2.9,0.9,0.3,0.3,0.8,1.8,2.1,0
2017,NBA,Nick Collison,collini01,36.0,OKC,PF,20,0.0,6.4,0.7,1.2,0.609,0.0,0.1,0.0,0.7,1.1,0.636,0.609,0.3,0.4,0.625,0.5,1.1,1.6,0.6,0.1,0.1,0.2,0.9,1.7,0
2015,NBA,Nick Johnson,johnsni01,22.0,HOU,SG,28,0.0,9.4,0.9,2.7,0.347,0.2,0.8,0.238,0.8,1.9,0.389,0.38,0.6,0.9,0.68,0.5,0.9,1.4,0.4,0.3,0.1,0.7,1.2,2.6,0
2022,NBA,Nick Richards,richani01,24.0,CHO,C,50,5.0,7.3,1.2,1.8,0.667,0.0,0.0,0.0,1.2,1.8,0.667,0.667,0.6,0.9,0.698,0.7,1.0,1.7,0.3,0.2,0.4,0.5,1.0,3.0,0
2023,NBA,Nick Richards,richani01,25.0,CHO,C,65,9.0,18.7,3.0,4.8,0.629,0.0,0.0,1.0,3.0,4.8,0.628,0.631,2.1,2.8,0.749,2.3,4.1,6.4,0.6,0.2,1.1,0.9,2.4,8.2,0
2024,NBA,Nick Richards,richani01,26.0,CHO,C,67,51.0,26.3,3.9,5.6,0.691,0.0,0.0,0.0,3.9,5.6,0.693,0.691,2.0,2.7,0.737,2.6,5.5,8.0,0.8,0.4,1.1,1.1,2.6,9.7,0
2024,NBA,Nick Smith Jr.,smithni01,19.0,CHO,SG,51,0.0,14.3,2.2,5.7,0.391,1.2,2.9,0.432,1.0,2.8,0.35,0.5,0.3,0.3,0.867,0.4,1.1,1.4,1.2,0.2,0.1,0.8,1.1,5.9,0
2015,NBA,Nick Young,youngni01,29.0,LAL,SG,42,0.0,23.8,4.1,11.3,0.366,2.0,5.4,0.369,2.2,6.0,0.363,0.453,3.1,3.5,0.892,0.4,1.9,2.3,1.0,0.5,0.3,1.0,2.0,13.4,0
2016,NBA,Nick Young,youngni01,30.0,LAL,SG,54,2.0,19.1,2.3,6.9,0.339,1.4,4.4,0.325,0.9,2.5,0.363,0.442,1.2,1.4,0.829,0.3,1.5,1.8,0.6,0.4,0.1,0.6,0.9,7.3,0
2017,NBA,Nick Young,youngni01,31.0,LAL,SG,60,60.0,25.9,4.5,10.6,0.43,2.8,7.0,0.404,1.7,3.5,0.481,0.564,1.3,1.5,0.856,0.4,1.9,2.3,1.0,0.6,0.2,0.6,2.3,13.2,0
2018,NBA,Nick Young,youngni01,32.0,GSW,SG,80,8.0,17.4,2.5,6.1,0.412,1.5,4.1,0.377,1.0,2.0,0.481,0.538,0.7,0.8,0.862,0.3,1.3,1.6,0.5,0.5,0.1,0.5,1.3,7.3,0
2020,NBA,Nickeil Alexander-Walker,alexani01,21.0,NOP,SG,47,1.0,12.6,2.1,5.7,0.368,1.0,2.8,0.346,1.1,2.8,0.391,0.455,0.5,0.8,0.676,0.2,1.6,1.8,1.9,0.4,0.2,1.1,1.2,5.7,0
2021,NBA,Nickeil Alexander-Walker,alexani01,22.0,NOP,SG,46,13.0,21.9,4.2,10.0,0.419,1.7,4.8,0.347,2.5,5.2,0.485,0.502,1.0,1.4,0.727,0.3,2.8,3.1,2.2,1.0,0.5,1.5,1.9,11.0,0
2022,NBA,Nickeil Alexander-Walker,alexani01,23.0,2TM,SG,65,21.0,22.6,3.9,10.5,0.372,1.6,5.2,0.311,2.3,5.3,0.433,0.449,1.2,1.7,0.743,0.6,2.3,2.9,2.4,0.7,0.4,1.4,1.6,10.6,0
2023,NBA,Nickeil Alexander-Walker,alexani01,24.0,2TM,SG,59,3.0,15.0,2.2,5.0,0.444,1.0,2.7,0.384,1.2,2.3,0.515,0.547,0.7,1.0,0.667,0.3,1.5,1.7,1.8,0.5,0.4,0.9,1.5,6.2,0
2024,NBA,Nickeil Alexander-Walker,alexani01,25.0,MIN,SG,82,20.0,23.4,2.9,6.6,0.439,1.6,4.1,0.391,1.3,2.5,0.517,0.56,0.6,0.8,0.8,0.4,1.6,2.0,2.5,0.8,0.5,0.9,1.7,8.0,0
2021,NBA,Nico Mannion,mannini01,19.0,GSW,PG,30,1.0,12.1,1.3,3.8,0.342,0.7,2.0,0.367,0.6,1.8,0.315,0.439,0.8,0.9,0.821,0.2,1.3,1.5,2.3,0.5,0.0,1.0,1.0,4.1,0
2015,NBA,Nicolas Batum,batumni01,26.0,POR,SF,71,71.0,33.5,3.4,8.5,0.4,1.4,4.4,0.324,2.0,4.1,0.481,0.483,1.2,1.4,0.857,0.9,5.0,5.9,4.8,1.1,0.6,1.9,1.5,9.4,0
2016,NBA,Nicolas Batum,batumni01,27.0,CHO,SF,70,70.0,35.0,5.3,12.5,0.426,2.0,5.7,0.348,3.3,6.8,0.492,0.506,2.3,2.7,0.849,0.8,5.3,6.1,5.8,0.9,0.6,2.9,1.6,14.9,0
2017,NBA,Nicolas Batum,batumni01,28.0,CHO,SG,77,77.0,34.0,5.1,12.7,0.403,1.8,5.3,0.333,3.4,7.4,0.453,0.472,3.2,3.7,0.856,0.6,5.6,6.2,5.9,1.1,0.4,2.5,1.4,15.1,0
2018,NBA,Nicolas Batum,batumni01,29.0,CHO,SG,64,64.0,31.0,4.2,10.2,0.415,1.4,4.3,0.336,2.8,5.9,0.473,0.486,1.7,2.0,0.831,0.9,3.9,4.8,5.5,1.0,0.4,2.0,1.1,11.6,0
2019,NBA,Nicolas Batum,batumni01,30.0,CHO,SF,75,72.0,31.4,3.4,7.5,0.45,1.5,4.0,0.389,1.8,3.5,0.519,0.553,1.0,1.2,0.865,0.9,4.3,5.2,3.3,0.9,0.6,1.6,1.9,9.3,0
2020,NBA,Nicolas Batum,batumni01,31.0,CHO,SF,22,3.0,23.0,1.3,3.7,0.346,0.6,2.2,0.286,0.6,1.5,0.438,0.432,0.4,0.5,0.9,1.1,3.4,4.5,3.0,0.8,0.4,1.0,1.9,3.6,0
2021,NBA,Nicolas Batum,batumni01,32.0,LAC,SF,67,38.0,27.4,2.9,6.1,0.464,1.6,4.1,0.404,1.2,2.1,0.579,0.597,0.7,0.9,0.828,0.7,4.0,4.7,2.2,1.0,0.6,0.8,1.5,8.1,0
2022,NBA,Nicolas Batum,batumni01,33.0,LAC,PF,59,54.0,24.8,3.0,6.6,0.463,1.8,4.6,0.4,1.2,2.0,0.607,0.602,0.4,0.6,0.658,0.5,3.8,4.3,1.7,1.0,0.7,0.7,1.4,8.3,0
2023,NBA,Nicolas Batum,batumni01,34.0,LAC,PF,78,19.0,21.9,2.1,4.9,0.42,1.6,4.1,0.391,0.5,0.8,0.563,0.583,0.4,0.6,0.708,0.8,3.0,3.8,1.6,0.7,0.6,0.6,1.9,6.1,0
2024,NBA,Nicolas Batum,batumni01,35.0,2TM,PF,60,38.0,25.5,1.9,4.3,0.453,1.2,3.1,0.395,0.7,1.2,0.606,0.596,0.3,0.4,0.714,1.2,3.0,4.1,2.1,0.8,0.6,0.7,1.8,5.3,0
2017,NBA,Nicolás Brussino,brussni01,23.0,DAL,SG,54,2.0,9.6,1.0,2.6,0.369,0.5,1.8,0.305,0.4,0.9,0.5,0.472,0.3,0.4,0.773,0.5,1.3,1.8,0.9,0.3,0.1,0.5,0.8,2.8,0
2020,NBA,Nicolò Melli,mellini01,29.0,NOP,C,60,8.0,17.4,2.3,5.4,0.421,1.2,3.4,0.335,1.1,2.0,0.573,0.528,0.9,1.2,0.74,0.6,2.4,3.0,1.4,0.6,0.4,0.8,2.1,6.6,0
2021,NBA,Nicolò Melli,mellini01,30.0,2TM,PF,45,4.0,12.6,1.0,3.1,0.326,0.5,1.9,0.271,0.5,1.2,0.411,0.408,0.4,0.6,0.76,0.6,2.1,2.7,1.0,0.3,0.1,0.3,1.3,3.0,0
2015,NBA,Nik Stauskas,stausni01,21.0,SAC,SG,73,1.0,15.4,1.5,4.1,0.365,0.7,2.0,0.322,0.8,2.0,0.408,0.446,0.8,0.9,0.859,0.2,1.1,1.2,0.9,0.3,0.2,0.5,1.3,4.4,0
2016,NBA,Nik Stauskas,stausni01,22.0,PHI,SG,73,35.0,24.8,2.9,7.5,0.385,1.5,4.5,0.326,1.4,3.0,0.473,0.483,1.2,1.6,0.771,0.3,2.2,2.5,1.9,0.6,0.3,1.3,1.6,8.5,0
2017,NBA,Nik Stauskas,stausni01,23.0,PHI,SG,80,27.0,27.4,3.1,7.9,0.396,1.7,4.5,0.368,1.5,3.4,0.433,0.5,1.5,1.9,0.813,0.3,2.6,2.8,2.4,0.6,0.4,1.6,1.8,9.5,0
2018,NBA,Nik Stauskas,stausni01,24.0,2TM,SG,41,0.0,12.8,1.5,3.8,0.39,1.0,2.4,0.4,0.5,1.3,0.37,0.519,0.5,0.7,0.724,0.1,1.5,1.6,1.0,0.2,0.1,0.6,0.6,4.4,0
2019,NBA,Nik Stauskas,stausni01,25.0,2TM,SG,68,0.0,14.9,2.0,5.0,0.402,1.0,2.8,0.372,1.0,2.2,0.44,0.506,0.8,0.9,0.891,0.3,1.6,1.9,1.2,0.3,0.1,0.8,0.7,5.9,0
2016,NBA,Nikola Jokić,jokicni01,20.0,DEN,C,80,55.0,21.7,3.8,7.5,0.512,0.4,1.1,0.333,3.5,6.5,0.541,0.535,1.9,2.4,0.811,2.3,4.7,7.0,2.4,1.0,0.6,1.3,2.6,10.0,0
2017,NBA,Nikola Jokić,jokicni01,21.0,DEN,C,73,59.0,27.9,6.8,11.7,0.578,0.6,1.9,0.324,6.2,9.8,0.628,0.605,2.6,3.1,0.825,2.9,6.9,9.8,4.9,0.8,0.8,2.3,2.9,16.7,0
2018,NBA,Nikola Jokić,jokicni01,22.0,DEN,C,75,73.0,32.6,6.7,13.5,0.499,1.5,3.7,0.396,5.2,9.7,0.538,0.554,3.5,4.2,0.85,2.6,8.1,10.7,6.1,1.2,0.8,2.8,2.8,18.5,0
2019,NBA,Nikola Jokić,jokicni01,23.0,DEN,C,80,80.0,31.3,7.7,15.1,0.511,1.0,3.4,0.307,6.7,11.7,0.569,0.545,3.6,4.4,0.821,2.9,8.0,10.8,7.3,1.4,0.7,3.1,2.9,20.1,1
2020,NBA,Nikola Jokić,jokicni01,24.0,DEN,C,73,73.0,32.0,7.7,14.7,0.528,1.1,3.5,0.314,6.6,11.2,0.594,0.565,3.4,4.1,0.817,2.3,7.5,9.7,7.0,1.2,0.6,3.1,3.0,19.9,1
2021,NBA,Nikola Jokić,jokicni01,25.0,DEN,C,72,72.0,34.6,10.2,18.0,0.566,1.3,3.3,0.388,8.9,14.7,0.606,0.602,4.8,5.5,0.868,2.8,8.0,10.8,8.3,1.3,0.7,3.1,2.7,26.4,1
2022,NBA,Nikola Jokić,jokicni01,26.0,DEN,C,74,74.0,33.5,10.3,17.7,0.583,1.3,3.9,0.337,9.0,13.8,0.652,0.62,5.1,6.3,0.81,2.8,11.0,13.8,7.9,1.5,0.9,3.8,2.6,27.1,1
2023,NBA,Nikola Jokić,jokicni01,27.0,DEN,C,69,69.0,33.7,9.4,14.8,0.632,0.8,2.2,0.383,8.5,12.7,0.675,0.66,4.9,6.0,0.822,2.4,9.4,11.8,9.8,1.3,0.7,3.6,2.5,24.5,1
2024,NBA,Nikola Jokić,jokicni01,28.0,DEN,C,79,79.0,34.6,10.4,17.9,0.583,1.1,2.9,0.359,9.4,14.9,0.626,0.612,4.5,5.5,0.817,2.8,9.5,12.4,9.0,1.4,0.9,3.0,2.5,26.4,1
2024,NBA,Nikola Jović,jovicni01,20.0,MIA,PF,46,38.0,19.5,2.8,6.1,0.452,1.4,3.5,0.399,1.3,2.6,0.525,0.568,0.7,1.0,0.702,0.5,3.6,4.2,2.0,0.5,0.3,0.9,1.8,7.7,0
2015,NBA,Nikola Mirotić,mirotni01,23.0,CHI,PF,82,3.0,20.2,3.1,7.6,0.405,1.2,3.8,0.316,1.9,3.8,0.495,0.485,2.8,3.5,0.803,0.8,4.2,4.9,1.2,0.7,0.7,1.1,2.1,10.2,0
2016,NBA,Nikola Mirotić,mirotni01,24.0,CHI,PF,66,38.0,24.9,3.8,9.2,0.407,2.0,5.2,0.39,1.7,4.0,0.43,0.518,2.2,2.7,0.807,0.9,4.6,5.5,1.5,0.9,0.7,1.5,2.3,11.8,0
2017,NBA,Nikola Mirotić,mirotni01,25.0,CHI,PF,70,15.0,24.0,3.7,8.9,0.413,1.8,5.4,0.342,1.8,3.5,0.52,0.516,1.4,1.8,0.773,0.9,4.6,5.5,1.1,0.8,0.8,1.1,1.8,10.6,0
2018,NBA,Nikola Mirotić,mirotni01,26.0,2TM,PF,55,14.0,27.2,5.6,12.4,0.447,2.5,6.5,0.377,3.1,5.9,0.525,0.546,2.0,2.5,0.818,1.1,6.3,7.4,1.5,0.8,0.7,1.1,2.0,15.6,0
2019,NBA,Nikola Mirotić,mirotni01,27.0,2TM,PF,46,25.0,27.1,5.2,11.8,0.439,2.5,6.9,0.365,2.7,4.9,0.545,0.546,2.3,2.7,0.847,1.3,6.1,7.4,1.2,0.7,0.7,1.0,2.3,15.2,0
2015,NBA,Nikola Peković,pekovni01,29.0,MIN,C,31,29.0,26.3,4.5,10.6,0.424,0.0,0.0,0.0,4.5,10.6,0.424,0.424,3.5,4.2,0.837,2.9,4.7,7.5,0.9,0.6,0.4,1.4,1.9,12.5,0
2015,NBA,Nikola Vučević,vucevni01,24.0,ORL,C,74,74.0,34.2,8.5,16.3,0.523,0.0,0.1,0.333,8.5,16.2,0.524,0.524,2.2,2.9,0.752,3.2,7.7,10.9,2.0,0.7,0.7,2.0,3.0,19.3,0
2016,NBA,Nikola Vučević,vucevni01,25.0,ORL,C,65,60.0,31.3,8.2,16.1,0.51,0.0,0.1,0.222,8.2,16.0,0.512,0.511,1.7,2.3,0.753,2.7,6.2,8.9,2.8,0.8,1.1,1.9,2.7,18.2,0
2017,NBA,Nikola Vučević,vucevni01,26.0,ORL,C,75,55.0,28.8,6.4,13.7,0.468,0.3,1.0,0.307,6.1,12.7,0.481,0.48,1.4,2.1,0.669,2.3,8.0,10.4,2.8,1.0,1.0,1.6,2.4,14.6,0
2018,NBA,Nikola Vučević,vucevni01,27.0,ORL,C,57,57.0,29.5,7.0,14.7,0.475,1.1,3.6,0.314,5.9,11.2,0.527,0.513,1.4,1.6,0.819,1.8,7.4,9.2,3.4,1.0,1.1,1.9,2.5,16.5,0
2019,NBA,Nikola Vučević,vucevni01,28.0,ORL,C,80,80.0,31.4,8.8,16.9,0.518,1.1,2.9,0.364,7.7,14.0,0.549,0.549,2.2,2.8,0.789,2.8,9.2,12.0,3.8,1.0,1.1,2.0,2.0,20.8,1
2020,NBA,Nikola Vučević,vucevni01,29.0,ORL,C,62,62.0,32.2,8.0,16.7,0.477,1.6,4.7,0.339,6.4,12.0,0.531,0.525,2.1,2.7,0.784,2.3,8.6,10.9,3.6,0.9,0.8,1.4,2.2,19.6,0
2021,NBA,Nikola Vučević,vucevni01,30.0,2TM,C,70,70.0,33.5,9.5,19.9,0.477,2.5,6.3,0.4,7.0,13.7,0.513,0.54,1.9,2.2,0.84,2.1,9.6,11.7,3.8,0.9,0.7,1.8,2.0,23.4,1
2022,NBA,Nikola Vučević,vucevni01,31.0,CHI,C,73,73.0,33.1,7.5,15.8,0.473,1.4,4.5,0.314,6.1,11.3,0.537,0.518,1.3,1.7,0.76,1.9,9.1,11.0,3.2,1.0,1.0,1.9,2.5,17.6,0
2023,NBA,Nikola Vučević,vucevni01,32.0,CHI,C,82,82.0,33.5,7.3,14.0,0.52,1.5,4.2,0.349,5.8,9.8,0.594,0.573,1.6,1.9,0.835,1.9,9.1,11.0,3.2,0.7,0.7,1.7,2.2,17.6,0
2024,NBA,Nikola Vučević,vucevni01,33.0,CHI,C,76,74.0,34.3,7.7,15.9,0.484,1.2,4.1,0.294,6.5,11.8,0.55,0.522,1.4,1.7,0.822,2.8,7.8,10.5,3.3,0.7,0.8,1.6,2.5,18.0,0
2024,NBA,Noah Clowney,clownno01,19.0,BRK,PF,23,4.0,16.1,2.2,4.0,0.538,0.5,1.4,0.364,1.7,2.6,0.633,0.602,0.9,1.3,0.7,1.1,2.4,3.5,0.8,0.3,0.7,0.7,1.1,5.8,0
2015,NBA,Noah Vonleh,vonleno01,19.0,CHO,PF,25,0.0,10.4,1.2,3.0,0.395,0.2,0.5,0.385,1.0,2.5,0.397,0.428,0.7,1.0,0.692,1.1,2.3,3.4,0.2,0.2,0.4,0.4,0.8,3.3,0
2016,NBA,Noah Vonleh,vonleno01,20.0,POR,PF,78,56.0,15.1,1.5,3.6,0.421,0.1,0.6,0.239,1.4,3.0,0.457,0.441,0.5,0.7,0.745,1.2,2.7,3.9,0.4,0.3,0.3,0.6,1.9,3.6,0
2017,NBA,Noah Vonleh,vonleno01,21.0,POR,PF,74,41.0,17.1,1.8,3.6,0.481,0.1,0.3,0.35,1.7,3.4,0.492,0.494,0.8,1.3,0.638,1.8,3.5,5.2,0.4,0.4,0.4,0.9,2.1,4.4,0
2018,NBA,Noah Vonleh,vonleno01,22.0,2TM,PF,54,16.0,16.2,1.9,4.3,0.444,0.4,1.2,0.303,1.6,3.1,0.5,0.487,0.7,1.1,0.621,1.3,4.5,5.8,0.6,0.4,0.3,0.6,1.3,4.9,0
2019,NBA,Noah Vonleh,vonleno01,23.0,NYK,PF,68,57.0,25.3,3.0,6.5,0.47,0.7,2.0,0.336,2.4,4.5,0.531,0.523,1.6,2.3,0.712,1.7,6.1,7.8,1.9,0.7,0.8,1.3,2.6,8.4,0
2020,NBA,Noah Vonleh,vonleno01,24.0,2TM,C,36,1.0,10.5,1.4,2.6,0.565,0.1,0.4,0.2,1.4,2.1,0.636,0.582,0.7,0.9,0.781,1.0,2.4,3.4,0.8,0.3,0.2,0.6,1.1,3.7,0
2023,NBA,Noah Vonleh,vonleno01,27.0,BOS,C,23,1.0,7.4,0.5,1.0,0.458,0.0,0.2,0.25,0.4,0.9,0.5,0.479,0.1,0.1,1.0,0.8,1.3,2.1,0.3,0.1,0.3,0.5,1.5,1.1,0
2016,NBA,Norman Powell,powelno01,22.0,TOR,SG,49,24.0,14.8,2.0,4.7,0.424,0.7,1.8,0.404,1.2,2.9,0.436,0.502,0.9,1.1,0.811,0.3,1.9,2.3,1.0,0.6,0.2,0.7,1.2,5.6,0
2017,NBA,Norman Powell,powelno01,23.0,TOR,SG,76,18.0,18.0,3.0,6.7,0.449,0.7,2.3,0.324,2.3,4.4,0.514,0.504,1.7,2.1,0.792,0.3,1.9,2.2,1.1,0.7,0.2,0.9,1.7,8.4,0
2018,NBA,Norman Powell,powelno01,24.0,TOR,SG,70,18.0,15.2,2.1,5.3,0.401,0.8,2.7,0.285,1.4,2.7,0.516,0.472,0.5,0.6,0.821,0.2,1.5,1.7,1.3,0.5,0.2,0.9,1.6,5.5,0
2019,NBA,Norman Powell,powelno01,25.0,TOR,SG,60,3.0,18.8,3.2,6.7,0.483,1.1,2.8,0.4,2.1,3.8,0.543,0.568,1.0,1.3,0.827,0.3,2.1,2.3,1.5,0.7,0.2,1.1,1.6,8.6,0
2020,NBA,Norman Powell,powelno01,26.0,TOR,SG,52,26.0,28.4,5.7,11.5,0.495,2.1,5.3,0.399,3.6,6.3,0.575,0.586,2.5,2.9,0.843,0.5,3.2,3.7,1.8,1.2,0.4,1.5,2.1,16.0,0
2021,NBA,Norman Powell,powelno01,27.0,2TM,SF,69,58.0,32.0,6.3,13.3,0.477,2.5,6.0,0.411,3.9,7.3,0.532,0.57,3.4,3.9,0.871,0.6,2.5,3.1,1.9,1.2,0.3,1.7,2.3,18.6,0
2022,NBA,Norman Powell,powelno01,28.0,2TM,SG,45,41.0,32.4,6.2,13.4,0.461,2.4,5.6,0.419,3.8,7.8,0.491,0.549,4.2,5.2,0.811,0.4,2.8,3.2,2.1,0.9,0.5,1.5,2.4,19.0,0
2023,NBA,Norman Powell,powelno01,29.0,LAC,SG,60,8.0,26.1,5.7,11.8,0.479,1.9,4.8,0.397,3.8,7.1,0.534,0.559,3.8,4.6,0.812,0.4,2.5,2.9,1.8,0.8,0.3,1.7,2.1,17.0,0
2024,NBA,Norman Powell,powelno01,30.0,LAC,SG,76,3.0,26.2,4.9,10.1,0.486,2.2,5.1,0.435,2.7,5.1,0.536,0.594,1.9,2.3,0.831,0.2,2.4,2.6,1.1,0.6,0.3,0.9,1.8,13.9,0
2015,NBA,Norris Cole,coleno01,26.0,2TM,PG,75,25.0,24.4,3.1,7.4,0.412,0.7,2.3,0.313,2.3,5.1,0.458,0.461,0.8,1.1,0.716,0.2,1.9,2.1,3.4,0.8,0.2,1.3,1.7,7.6,0
2016,NBA,Norris Cole,coleno01,27.0,NOP,PG,45,23.0,26.6,4.4,10.8,0.405,0.7,2.3,0.324,3.6,8.5,0.427,0.439,1.2,1.4,0.8,0.2,3.1,3.4,3.7,0.8,0.1,1.7,2.3,10.6,0
2020,NBA,Norvel Pelle,pelleno01,26.0,PHI,C,24,0.0,9.7,1.0,2.0,0.521,0.0,0.0,0.0,1.0,2.0,0.532,0.521,0.3,0.6,0.5,0.8,2.2,3.0,0.3,0.1,1.3,0.8,2.3,2.4,0
2015,NBA,O.J. Mayo,mayooj01,27.0,MIL,SG,71,15.0,23.9,4.2,9.9,0.422,1.4,3.9,0.357,2.8,6.0,0.465,0.493,1.6,2.0,0.827,0.4,2.2,2.6,2.8,0.8,0.3,1.8,2.3,11.4,0
2016,NBA,O.J. Mayo,mayooj01,28.0,MIL,SG,41,24.0,26.6,2.9,7.8,0.371,1.3,4.0,0.321,1.6,3.9,0.421,0.452,0.8,1.0,0.775,0.3,2.2,2.6,2.9,1.2,0.2,1.8,3.1,7.8,0
2018,NBA,OG Anunoby,anunoog01,20.0,TOR,SF,74,62.0,20.0,2.2,4.7,0.471,1.0,2.7,0.371,1.2,2.0,0.604,0.577,0.5,0.8,0.629,0.6,1.9,2.5,0.7,0.7,0.2,0.6,1.8,5.9,0
2019,NBA,OG Anunoby,anunoog01,21.0,TOR,SF,67,6.0,20.2,2.7,6.0,0.453,1.0,3.0,0.332,1.7,3.0,0.574,0.536,0.5,0.9,0.581,0.9,2.1,2.9,0.7,0.7,0.3,0.8,2.1,7.0,0
2020,NBA,OG Anunoby,anunoog01,22.0,TOR,SF,69,68.0,29.9,4.1,8.2,0.505,1.3,3.3,0.39,2.9,4.9,0.583,0.584,1.0,1.5,0.706,1.2,4.1,5.3,1.6,1.4,0.7,1.1,2.4,10.6,0
2021,NBA,OG Anunoby,anunoog01,23.0,TOR,SF,43,43.0,33.3,5.8,12.1,0.48,2.4,6.1,0.398,3.4,6.0,0.562,0.58,1.9,2.4,0.784,1.3,4.3,5.5,2.2,1.5,0.7,1.7,2.7,15.9,0
2022,NBA,OG Anunoby,anunoog01,24.0,TOR,SF,48,48.0,36.0,6.4,14.5,0.443,2.4,6.6,0.363,4.0,7.9,0.511,0.526,1.9,2.5,0.754,1.5,4.0,5.5,2.6,1.5,0.5,1.7,2.7,17.1,0
2023,NBA,OG Anunoby,anunoog01,25.0,TOR,SF,67,67.0,35.6,6.3,13.2,0.476,2.1,5.5,0.387,4.2,7.7,0.539,0.556,2.1,2.5,0.838,1.4,3.5,5.0,2.0,1.9,0.7,2.0,3.0,16.8,0
2024,NBA,OG Anunoby,anunoog01,26.0,2TM,SF,50,50.0,34.0,5.6,11.5,0.489,2.0,5.3,0.382,3.6,6.2,0.581,0.577,1.3,1.8,0.753,0.9,3.2,4.2,2.1,1.4,0.7,1.6,2.4,14.7,0
2021,NBA,Obi Toppin,toppiob01,22.0,NYK,PF,62,0.0,11.0,1.7,3.4,0.498,0.4,1.4,0.306,1.3,2.0,0.629,0.56,0.3,0.4,0.731,0.4,1.8,2.2,0.5,0.3,0.2,0.4,0.9,4.1,0
2022,NBA,Obi Toppin,toppiob01,23.0,NYK,PF,72,10.0,17.1,3.5,6.6,0.531,0.7,2.3,0.308,2.8,4.2,0.655,0.586,1.3,1.7,0.758,1.0,2.8,3.7,1.1,0.3,0.5,0.8,1.4,9.0,0
2023,NBA,Obi Toppin,toppiob01,24.0,NYK,PF,67,5.0,15.7,2.8,6.3,0.446,1.3,3.7,0.344,1.5,2.6,0.593,0.548,0.6,0.7,0.809,0.4,2.4,2.8,1.0,0.3,0.2,0.6,1.0,7.4,0
2024,NBA,Obi Toppin,toppiob01,25.0,IND,PF,82,28.0,21.1,4.0,7.1,0.573,1.2,3.1,0.403,2.8,4.0,0.706,0.661,0.9,1.2,0.77,1.0,2.9,3.9,1.6,0.6,0.5,0.8,1.7,10.3,0
2023,NBA,Ochai Agbaji,agbajoc01,22.0,UTA,SG,59,22.0,20.5,2.8,6.5,0.427,1.4,3.9,0.355,1.4,2.7,0.532,0.532,0.9,1.2,0.812,0.7,1.3,2.1,1.1,0.3,0.3,0.7,1.7,7.9,0
2024,NBA,Ochai Agbaji,agbajoc01,23.0,2TM,SG,78,28.0,21.0,2.3,5.6,0.411,0.8,2.7,0.294,1.5,2.8,0.523,0.483,0.5,0.7,0.661,0.9,1.8,2.8,1.1,0.6,0.6,0.8,1.5,5.8,0
2017,NBA,Okaro White,whiteok01,24.0,MIA,PF,35,0.0,13.5,0.9,2.5,0.379,0.3,1.0,0.353,0.6,1.5,0.396,0.448,0.6,0.6,0.909,0.7,1.6,2.3,0.6,0.3,0.3,0.5,1.5,2.8,0
2022,NBA,Olivier Sarr,sarrol01,22.0,OKC,C,22,2.0,19.1,2.6,4.6,0.574,0.6,1.3,0.448,2.0,3.3,0.625,0.639,1.1,1.3,0.828,1.5,2.7,4.2,0.9,0.3,0.7,1.0,2.4,7.0,0
2024,NBA,Olivier-Maxence Prosper,prospol01,21.0,DAL,PF,40,1.0,8.4,1.0,2.6,0.385,0.3,1.1,0.289,0.7,1.5,0.458,0.447,0.7,1.0,0.683,0.6,1.4,2.0,0.6,0.2,0.1,0.2,0.5,3.0,0
2019,NBA,Omari Spellman,spellom01,21.0,ATL,PF,46,11.0,17.5,2.1,5.3,0.402,1.0,2.8,0.344,1.2,2.5,0.466,0.492,0.7,1.0,0.711,1.6,2.7,4.2,1.0,0.6,0.5,0.7,1.5,5.9,0
2020,NBA,Omari Spellman,spellom01,22.0,GSW,C,49,3.0,18.1,2.6,6.0,0.431,0.9,2.2,0.391,1.7,3.8,0.454,0.503,1.5,1.9,0.793,1.6,2.9,4.5,1.0,0.7,0.5,1.1,1.3,7.6,0
2022,NBA,Omer Yurtseven,yurtsom01,23.0,MIA,C,56,12.0,12.6,2.3,4.4,0.526,0.0,0.2,0.091,2.3,4.2,0.547,0.528,0.7,1.1,0.623,1.5,3.7,5.3,0.9,0.3,0.4,0.7,1.5,5.3,0
2024,NBA,Omer Yurtseven,yurtsom01,25.0,UTA,C,48,12.0,11.4,2.1,3.8,0.538,0.1,0.5,0.208,2.0,3.3,0.588,0.552,0.4,0.6,0.679,1.5,2.8,4.3,0.6,0.2,0.4,0.8,1.1,4.6,0
2015,NBA,Omri Casspi,casspom01,26.0,SAC,SF,67,19.0,21.1,3.1,6.4,0.489,0.5,1.3,0.402,2.6,5.1,0.512,0.53,2.1,2.9,0.733,0.8,3.1,3.9,1.5,0.5,0.1,1.3,1.6,8.9,0
2016,NBA,Omri Casspi,casspom01,27.0,SAC,PF,69,21.0,27.2,4.3,9.0,0.481,1.6,4.0,0.409,2.7,5.0,0.537,0.571,1.5,2.3,0.648,0.8,5.1,5.9,1.4,0.8,0.2,1.4,2.2,11.8,0
2017,NBA,Omri Casspi,casspom01,28.0,3TM,PF,36,2.0,17.9,2.1,4.6,0.47,0.4,1.2,0.349,1.7,3.4,0.512,0.515,0.5,0.8,0.586,0.8,2.4,3.1,1.0,0.6,0.1,0.8,1.4,5.2,0
2018,NBA,Omri Casspi,casspom01,29.0,GSW,SF,53,7.0,14.0,2.3,3.9,0.58,0.2,0.4,0.455,2.1,3.5,0.595,0.604,0.9,1.3,0.725,0.6,3.2,3.8,1.0,0.3,0.4,0.7,1.3,5.7,0
2019,NBA,Omri Casspi,casspom01,30.0,MEM,SF,36,0.0,14.4,2.4,4.5,0.534,0.4,1.2,0.349,2.0,3.3,0.602,0.581,1.1,1.6,0.672,0.5,2.7,3.2,0.7,0.6,0.3,0.6,1.0,6.3,0
2024,NBA,Onuralp Bitim,bitimon01,24.0,CHI,SG,23,1.0,11.7,1.4,3.7,0.381,0.5,1.9,0.273,0.9,1.7,0.5,0.452,0.2,0.2,0.8,0.3,1.1,1.4,0.6,0.1,0.1,0.4,1.0,3.5,0
2021,NBA,Onyeka Okongwu,okongon01,20.0,ATL,C,50,4.0,12.0,1.9,3.0,0.644,0.0,0.1,0.0,1.9,2.9,0.658,0.644,0.7,1.1,0.632,1.2,2.0,3.3,0.4,0.5,0.7,0.6,2.0,4.6,0
2022,NBA,Onyeka Okongwu,okongon01,21.0,ATL,C,48,6.0,20.7,3.3,4.7,0.69,0.0,0.0,0.0,3.3,4.7,0.69,0.69,1.7,2.3,0.727,2.4,3.5,5.9,1.1,0.6,1.3,0.9,3.1,8.2,0
2023,NBA,Onyeka Okongwu,okongon01,22.0,ATL,C,80,18.0,23.1,4.0,6.2,0.638,0.1,0.2,0.308,3.9,6.1,0.647,0.642,1.9,2.5,0.781,2.7,4.5,7.2,1.0,0.7,1.3,1.0,3.1,9.9,0
2024,NBA,Onyeka Okongwu,okongon01,23.0,ATL,C,55,8.0,25.5,4.1,6.6,0.611,0.4,1.3,0.333,3.6,5.4,0.676,0.642,1.7,2.1,0.793,2.6,4.2,6.8,1.3,0.5,1.1,0.8,2.9,10.2,0
2023,NBA,Orlando Robinson,robinor01,22.0,MIA,C,31,1.0,13.7,1.5,2.9,0.528,0.0,0.2,0.0,1.5,2.7,0.566,0.528,0.7,1.0,0.71,1.5,2.5,4.1,0.8,0.4,0.4,0.5,1.7,3.7,0
2024,NBA,Orlando Robinson,robinor01,23.0,MIA,C,36,7.0,8.4,1.0,2.0,0.5,0.2,0.4,0.533,0.8,1.6,0.491,0.556,0.5,0.7,0.76,0.8,1.6,2.3,0.9,0.2,0.2,0.5,1.0,2.8,0
2021,NBA,Oshae Brissett,brissos01,22.0,IND,SF,21,16.0,24.7,3.5,7.2,0.483,1.6,3.7,0.423,1.9,3.5,0.548,0.593,2.4,3.1,0.769,1.4,4.1,5.5,0.9,0.9,1.0,0.5,1.5,10.9,0
2022,NBA,Oshae Brissett,brissos01,23.0,IND,SF,67,25.0,23.3,3.1,7.6,0.411,1.2,3.5,0.35,1.9,4.0,0.465,0.493,1.7,2.4,0.695,1.6,3.7,5.3,1.1,0.7,0.4,0.8,1.7,9.1,0
2023,NBA,Oshae Brissett,brissos01,24.0,IND,PF,65,2.0,16.7,1.9,4.9,0.386,0.7,2.4,0.31,1.2,2.5,0.457,0.461,1.6,2.2,0.717,1.0,2.4,3.4,0.7,0.5,0.2,0.5,1.2,6.1,0
2024,NBA,Oshae Brissett,brissos01,25.0,BOS,SF,55,1.0,11.5,1.2,2.8,0.444,0.3,1.0,0.273,1.0,1.8,0.541,0.493,0.9,1.5,0.602,1.1,1.8,2.9,0.8,0.3,0.1,0.4,1.0,3.7,0
2015,NBA,Otto Porter Jr.,porteot01,21.0,WAS,SF,74,13.0,19.4,2.4,5.3,0.45,0.5,1.4,0.337,1.9,3.9,0.491,0.495,0.8,1.1,0.734,0.9,2.0,3.0,0.9,0.6,0.4,0.7,1.3,6.0,0
2016,NBA,Otto Porter Jr.,porteot01,22.0,WAS,SF,75,73.0,30.3,4.5,9.6,0.473,1.3,3.6,0.367,3.2,6.0,0.536,0.541,1.3,1.7,0.754,1.3,3.9,5.2,1.6,1.4,0.4,0.9,2.2,11.6,0
2017,NBA,Otto Porter Jr.,porteot01,23.0,WAS,SF,80,80.0,32.6,5.2,10.0,0.516,1.9,4.3,0.434,3.3,5.8,0.576,0.608,1.2,1.5,0.832,1.5,5.0,6.4,1.5,1.5,0.5,0.6,2.4,13.4,0
2018,NBA,Otto Porter Jr.,porteot01,24.0,WAS,SF,77,77.0,31.6,5.8,11.5,0.503,1.8,4.1,0.441,4.0,7.4,0.537,0.581,1.4,1.7,0.828,1.3,5.1,6.4,2.0,1.5,0.5,1.0,2.0,14.7,0
2019,NBA,Otto Porter Jr.,porteot01,25.0,2TM,SF,56,43.0,30.1,5.3,11.5,0.465,1.9,4.6,0.406,3.5,6.9,0.504,0.546,1.4,1.7,0.813,1.0,4.6,5.6,2.1,1.5,0.6,1.2,1.9,13.9,0
2021,NBA,Otto Porter Jr.,porteot01,27.0,2TM,SF,28,6.0,21.6,3.5,8.1,0.432,1.4,3.7,0.375,2.1,4.4,0.48,0.518,1.3,1.5,0.857,1.0,4.4,5.4,2.0,0.6,0.1,0.9,1.5,9.7,0
2022,NBA,Otto Porter Jr.,porteot01,28.0,GSW,PF,63,15.0,22.2,3.1,6.6,0.464,1.3,3.4,0.37,1.8,3.2,0.565,0.56,0.8,1.0,0.803,1.4,4.4,5.7,1.5,1.1,0.5,0.6,1.3,8.2,0
2023,NBA,Ousmane Dieng,diengou01,19.0,OKC,PF,39,1.0,14.6,1.9,4.6,0.42,0.7,2.5,0.265,1.3,2.1,0.602,0.492,0.4,0.6,0.652,0.5,2.2,2.7,1.2,0.4,0.2,0.7,1.1,4.9,0
2024,NBA,Ousmane Dieng,diengou01,20.0,OKC,PF,33,0.0,11.1,1.5,3.5,0.422,0.6,2.1,0.3,0.8,1.4,0.609,0.513,0.4,0.5,0.875,0.3,1.2,1.5,1.1,0.2,0.2,0.6,0.7,4.0,0
2015,NBA,P.J. Hairston,hairspj02,22.0,CHO,SG,45,2.0,15.3,1.9,6.0,0.323,1.1,3.6,0.301,0.8,2.4,0.358,0.414,0.7,0.8,0.861,0.5,1.6,2.0,0.5,0.5,0.3,0.5,1.4,5.6,0
2016,NBA,P.J. Hairston,hairspj02,23.0,2TM,SF,66,52.0,19.9,2.2,6.2,0.355,1.1,3.7,0.29,1.1,2.5,0.449,0.441,0.8,1.0,0.781,0.4,2.3,2.6,0.6,0.5,0.2,0.6,2.1,6.2,0
2015,NBA,P.J. Tucker,tuckepj01,29.0,PHO,SF,78,63.0,30.6,3.3,7.6,0.438,1.1,3.2,0.345,2.2,4.4,0.506,0.511,1.3,1.8,0.727,1.5,5.0,6.4,1.6,1.4,0.3,1.2,2.3,9.1,0
2016,NBA,P.J. Tucker,tuckepj01,30.0,PHO,SF,82,80.0,31.0,2.9,7.1,0.411,0.8,2.5,0.33,2.1,4.6,0.455,0.469,1.3,1.7,0.746,2.0,4.2,6.2,2.2,1.3,0.2,1.4,2.5,8.0,0
2017,NBA,P.J. Tucker,tuckepj01,31.0,2TM,SF,81,21.0,27.6,2.5,6.0,0.413,0.9,2.4,0.357,1.6,3.5,0.451,0.485,0.9,1.1,0.774,1.4,4.4,5.8,1.2,1.4,0.2,0.8,2.4,6.7,0
2018,NBA,P.J. Tucker,tuckepj01,32.0,HOU,PF,82,34.0,27.8,2.1,5.4,0.39,1.4,3.8,0.371,0.7,1.6,0.435,0.52,0.5,0.7,0.717,1.1,4.4,5.6,0.9,1.0,0.3,0.9,2.5,6.1,0
2019,NBA,P.J. Tucker,tuckepj01,33.0,HOU,PF,82,82.0,34.2,2.5,6.4,0.396,1.8,4.7,0.377,0.7,1.7,0.449,0.535,0.5,0.7,0.695,1.5,4.4,5.8,1.2,1.6,0.5,0.8,3.1,7.3,0
2020,NBA,P.J. Tucker,tuckepj01,34.0,HOU,PF,72,72.0,34.3,2.5,5.9,0.415,1.5,4.2,0.358,1.0,1.8,0.551,0.541,0.5,0.7,0.813,1.6,5.1,6.6,1.6,1.1,0.5,1.0,3.2,6.9,0
2021,NBA,P.J. Tucker,tuckepj01,35.0,2TM,PF,52,33.0,26.1,1.3,3.4,0.373,0.8,2.3,0.336,0.5,1.1,0.448,0.486,0.4,0.5,0.75,1.0,2.9,3.9,1.2,0.8,0.4,0.8,2.4,3.7,0
2022,NBA,P.J. Tucker,tuckepj01,36.0,MIA,PF,71,70.0,27.9,2.9,6.0,0.484,1.1,2.7,0.415,1.8,3.3,0.54,0.577,0.6,0.9,0.738,1.4,4.0,5.5,2.1,0.8,0.2,0.9,2.3,7.6,0
2023,NBA,P.J. Tucker,tuckepj01,37.0,PHI,PF,75,75.0,25.6,1.3,3.0,0.427,0.7,1.9,0.393,0.5,1.1,0.482,0.549,0.3,0.3,0.826,1.3,2.7,3.9,0.8,0.5,0.2,0.6,2.4,3.5,0
2024,NBA,P.J. Tucker,tuckepj01,38.0,2TM,PF,31,10.0,15.7,0.6,1.6,0.36,0.4,1.1,0.371,0.2,0.5,0.333,0.49,0.1,0.1,1.0,0.9,1.8,2.7,0.5,0.5,0.2,0.3,1.7,1.7,0
2020,NBA,P.J. Washington,washipj01,21.0,CHO,PF,58,57.0,30.3,4.6,10.2,0.455,1.5,4.0,0.374,3.1,6.2,0.507,0.528,1.5,2.3,0.647,1.0,4.4,5.4,2.1,0.9,0.8,1.6,2.7,12.2,0
2021,NBA,P.J. Washington,washipj01,22.0,CHO,PF,64,61.0,30.5,4.7,10.7,0.44,1.8,4.5,0.386,3.0,6.2,0.48,0.522,1.7,2.3,0.745,1.5,5.1,6.5,2.5,1.1,1.2,2.0,2.7,12.9,0
2022,NBA,P.J. Washington,washipj01,23.0,CHO,C,65,28.0,27.2,3.8,8.2,0.47,1.7,4.6,0.365,2.2,3.6,0.606,0.573,0.9,1.2,0.716,1.3,3.9,5.2,2.3,0.9,0.9,1.3,2.3,10.3,0
2023,NBA,P.J. Washington,washipj01,24.0,CHO,PF,73,73.0,32.6,5.9,13.4,0.444,2.0,5.9,0.348,3.9,7.5,0.518,0.52,1.7,2.4,0.73,1.0,3.9,4.9,2.4,0.9,1.1,1.5,2.6,15.7,0
2024,NBA,P.J. Washington,washipj01,25.0,2TM,PF,73,45.0,30.4,4.8,11.1,0.436,1.8,5.7,0.32,3.0,5.5,0.558,0.518,1.4,2.0,0.683,1.2,4.5,5.6,1.9,1.0,0.8,1.3,2.3,12.9,0
2020,NBA,PJ Dozier,doziepj01,23.0,DEN,SG,29,0.0,14.2,2.2,5.4,0.414,0.6,1.7,0.347,1.7,3.7,0.444,0.468,0.7,1.0,0.724,0.3,1.6,1.9,2.2,0.5,0.2,0.9,1.6,5.8,0
2021,NBA,PJ Dozier,doziepj01,24.0,DEN,SG,50,6.0,21.8,3.0,7.1,0.417,0.9,3.0,0.315,2.0,4.1,0.49,0.483,0.8,1.3,0.636,0.7,2.9,3.6,1.8,0.6,0.4,0.9,1.7,7.7,0
2015,NBA,Pablo Prigioni,prigipa01,37.0,2TM,PG,67,3.0,17.9,1.4,3.4,0.399,0.9,2.5,0.343,0.5,0.9,0.548,0.524,0.5,0.6,0.854,0.4,1.3,1.8,2.6,1.2,0.0,0.9,1.3,4.1,0
2016,NBA,Pablo Prigioni,prigipa01,38.0,LAC,PG,59,3.0,13.9,0.9,2.5,0.374,0.5,1.6,0.295,0.5,0.9,0.519,0.469,0.1,0.1,0.875,0.6,1.3,1.9,2.2,0.9,0.0,0.8,1.4,2.5,0
2023,NBA,Paolo Banchero,banchpa01,20.0,ORL,PF,72,72.0,33.8,6.7,15.6,0.427,1.2,4.0,0.298,5.5,11.6,0.471,0.465,5.5,7.4,0.738,1.2,5.7,6.9,3.7,0.8,0.5,2.8,2.2,20.0,0
2024,NBA,Paolo Banchero,banchpa01,21.0,ORL,PF,80,80.0,35.0,8.0,17.6,0.455,1.5,4.4,0.339,6.5,13.2,0.493,0.497,5.1,7.0,0.725,1.0,5.9,6.9,5.4,0.9,0.6,3.1,1.9,22.6,1
2017,NBA,Pascal Siakam,siakapa01,22.0,TOR,PF,55,38.0,15.6,1.9,3.7,0.502,0.0,0.1,0.143,1.9,3.6,0.515,0.505,0.4,0.6,0.688,1.2,2.2,3.4,0.3,0.5,0.8,0.6,2.0,4.2,0
2018,NBA,Pascal Siakam,siakapa01,23.0,TOR,PF,81,5.0,20.7,3.1,6.1,0.508,0.4,1.6,0.22,2.8,4.5,0.612,0.537,0.7,1.1,0.621,1.0,3.5,4.5,2.0,0.8,0.5,0.8,2.0,7.3,0
2019,NBA,Pascal Siakam,siakapa01,24.0,TOR,PF,80,79.0,31.9,6.5,11.8,0.549,1.0,2.7,0.369,5.5,9.1,0.602,0.591,3.0,3.8,0.785,1.6,5.3,6.9,3.1,0.9,0.7,1.9,3.0,16.9,0
2020,NBA,Pascal Siakam,siakapa01,25.0,TOR,PF,60,60.0,35.2,8.3,18.4,0.453,2.2,6.1,0.359,6.2,12.3,0.499,0.512,4.0,5.1,0.792,1.1,6.3,7.3,3.5,1.0,0.9,2.5,2.8,22.9,1
2021,NBA,Pascal Siakam,siakapa01,26.0,TOR,PF,56,56.0,35.8,7.8,17.2,0.455,1.3,4.4,0.297,6.5,12.8,0.509,0.493,4.4,5.4,0.827,1.7,5.5,7.2,4.5,1.1,0.7,2.3,3.1,21.4,0
2022,NBA,Pascal Siakam,siakapa01,27.0,TOR,PF,68,68.0,37.9,8.8,17.8,0.494,1.1,3.2,0.344,7.7,14.5,0.527,0.525,4.2,5.6,0.749,1.9,6.6,8.5,5.3,1.3,0.6,2.7,3.3,22.8,0
2023,NBA,Pascal Siakam,siakapa01,28.0,TOR,PF,71,71.0,37.4,8.9,18.5,0.48,1.3,4.0,0.324,7.6,14.5,0.523,0.515,5.2,6.7,0.774,1.8,6.0,7.8,5.8,0.9,0.5,2.4,3.2,24.2,1
2024,NBA,Pascal Siakam,siakapa01,29.0,2TM,PF,80,80.0,33.2,8.5,15.9,0.536,1.1,3.1,0.346,7.5,12.8,0.581,0.569,3.6,5.0,0.732,1.7,5.3,7.1,4.3,0.8,0.3,1.8,2.4,21.7,0
2016,NBA,Pat Connaughton,connapa01,23.0,POR,SG,34,0.0,4.2,0.4,1.4,0.265,0.1,0.6,0.238,0.2,0.8,0.286,0.316,0.1,0.1,1.0,0.3,0.6,0.9,0.3,0.1,0.0,0.3,0.2,1.1,0
2017,NBA,Pat Connaughton,connapa01,24.0,POR,SG,39,1.0,8.1,0.9,1.8,0.514,0.4,0.8,0.515,0.5,1.0,0.513,0.632,0.2,0.2,0.778,0.3,1.1,1.3,0.7,0.2,0.1,0.4,0.6,2.5,0
2018,NBA,Pat Connaughton,connapa01,25.0,POR,SG,82,5.0,18.1,2.0,4.8,0.423,0.9,2.6,0.352,1.1,2.2,0.506,0.518,0.5,0.5,0.841,0.4,1.5,2.0,1.1,0.3,0.3,0.5,1.5,5.4,0
2019,NBA,Pat Connaughton,connapa01,26.0,MIL,SG,61,2.0,20.7,2.7,5.7,0.466,1.1,3.3,0.33,1.6,2.5,0.647,0.56,0.5,0.7,0.725,1.0,3.2,4.2,2.0,0.5,0.4,0.5,1.3,6.9,0
2020,NBA,Pat Connaughton,connapa01,27.0,MIL,SG,67,4.0,18.6,2.0,4.5,0.455,0.8,2.5,0.331,1.2,2.0,0.607,0.547,0.5,0.6,0.775,0.9,3.3,4.2,1.6,0.4,0.5,0.8,1.0,5.4,0
2021,NBA,Pat Connaughton,connapa01,28.0,MIL,SG,69,4.0,22.8,2.4,5.6,0.434,1.5,3.9,0.371,1.0,1.7,0.583,0.565,0.4,0.6,0.775,0.9,3.9,4.8,1.2,0.7,0.3,0.5,1.4,6.8,0
2022,NBA,Pat Connaughton,connapa01,29.0,MIL,SF,65,19.0,26.0,3.5,7.6,0.458,2.2,5.7,0.395,1.2,1.9,0.643,0.605,0.7,0.8,0.833,0.7,3.5,4.2,1.3,0.9,0.2,0.5,1.3,9.9,0
2023,NBA,Pat Connaughton,connapa01,30.0,MIL,SF,61,33.0,23.7,2.7,6.9,0.392,1.8,5.3,0.339,0.9,1.6,0.566,0.521,0.4,0.7,0.659,0.8,3.8,4.6,1.3,0.6,0.2,0.5,1.1,7.6,0
2024,NBA,Pat Connaughton,connapa01,31.0,MIL,SF,76,3.0,22.1,2.0,4.6,0.435,1.1,3.1,0.345,0.9,1.4,0.633,0.553,0.6,0.8,0.759,0.7,2.5,3.1,2.1,0.5,0.3,0.6,1.3,5.6,0
2023,NBA,Patrick Baldwin Jr.,baldwpa01,20.0,GSW,SF,31,0.0,7.3,1.4,3.5,0.394,1.0,2.7,0.381,0.4,0.8,0.44,0.541,0.1,0.2,0.667,0.0,1.3,1.3,0.4,0.2,0.1,0.4,0.5,3.9,0
2024,NBA,Patrick Baldwin Jr.,baldwpa01,21.0,WAS,SF,38,7.0,13.0,1.6,4.1,0.381,0.8,2.6,0.32,0.7,1.5,0.483,0.481,0.5,0.7,0.679,0.4,2.8,3.2,0.8,0.5,0.4,0.5,1.5,4.4,0
2015,NBA,Patrick Beverley,beverpa01,26.0,HOU,PG,56,55.0,30.8,3.6,9.5,0.383,2.1,5.8,0.356,1.6,3.7,0.426,0.492,0.8,1.1,0.75,1.2,3.0,4.2,3.4,1.1,0.4,1.5,3.3,10.1,0
2016,NBA,Patrick Beverley,beverpa01,27.0,HOU,PG,71,63.0,28.7,3.6,8.4,0.434,1.7,4.4,0.4,1.9,4.0,0.472,0.539,0.8,1.2,0.682,1.0,2.5,3.5,3.4,1.3,0.4,1.3,3.3,9.9,0
2017,NBA,Patrick Beverley,beverpa01,28.0,HOU,SG,67,67.0,30.7,3.4,8.1,0.42,1.6,4.3,0.382,1.8,3.8,0.463,0.521,1.1,1.4,0.768,1.4,4.4,5.9,4.2,1.5,0.4,1.5,3.3,9.5,0
2019,NBA,Patrick Beverley,beverpa01,30.0,LAC,PG,78,49.0,27.4,2.5,6.1,0.407,1.4,3.6,0.397,1.1,2.5,0.421,0.524,1.2,1.6,0.78,1.0,4.0,5.0,3.8,0.9,0.6,1.1,3.4,7.6,0
2020,NBA,Patrick Beverley,beverpa01,31.0,LAC,PG,51,50.0,26.3,2.9,6.7,0.431,1.6,4.0,0.388,1.3,2.6,0.496,0.548,0.6,0.9,0.66,1.1,4.1,5.2,3.6,1.1,0.5,1.3,3.1,7.9,0
2021,NBA,Patrick Beverley,beverpa01,32.0,LAC,PG,37,34.0,22.5,2.5,5.9,0.423,1.5,3.8,0.397,1.0,2.1,0.468,0.55,1.0,1.2,0.8,0.8,2.4,3.2,2.1,0.8,0.8,0.9,2.9,7.5,0
2022,NBA,Patrick Beverley,beverpa01,33.0,MIN,PG,58,54.0,25.4,3.1,7.5,0.406,1.4,4.2,0.343,1.6,3.3,0.485,0.501,1.7,2.3,0.722,1.1,3.1,4.1,4.6,1.2,0.9,1.3,3.0,9.2,0
2023,NBA,Patrick Beverley,beverpa01,34.0,2TM,PG,67,67.0,27.1,2.1,5.4,0.4,1.2,3.6,0.335,1.0,1.8,0.529,0.511,0.7,1.0,0.723,0.7,3.0,3.7,2.9,0.9,0.6,0.9,2.8,6.2,0
2024,NBA,Patrick Beverley,beverpa01,35.0,2TM,PG,73,13.0,20.0,2.2,5.2,0.417,0.8,2.5,0.337,1.3,2.7,0.49,0.497,1.0,1.2,0.822,0.7,2.6,3.3,2.9,0.6,0.4,0.9,1.8,6.2,0
2017,NBA,Patrick McCaw,mccawpa01,21.0,GSW,SG,71,20.0,15.1,1.5,3.5,0.433,0.6,1.7,0.333,0.9,1.7,0.533,0.516,0.4,0.5,0.784,0.3,1.1,1.4,1.1,0.5,0.2,0.5,0.9,4.0,0
2018,NBA,Patrick McCaw,mccawpa01,22.0,GSW,SG,57,10.0,16.9,1.6,3.9,0.409,0.3,1.4,0.238,1.3,2.5,0.503,0.451,0.5,0.6,0.765,0.3,1.2,1.4,1.4,0.8,0.2,0.7,1.2,4.0,0
2019,NBA,Patrick McCaw,mccawpa01,23.0,2TM,SG,29,1.0,13.7,0.9,2.2,0.413,0.3,1.0,0.321,0.6,1.2,0.486,0.484,0.4,0.5,0.867,0.2,1.4,1.7,1.0,0.8,0.1,0.6,1.3,2.6,0
2020,NBA,Patrick McCaw,mccawpa01,24.0,TOR,SF,37,12.0,24.5,1.8,4.4,0.414,0.6,1.9,0.324,1.2,2.5,0.484,0.485,0.4,0.5,0.722,0.5,1.8,2.3,2.1,1.1,0.1,0.8,1.6,4.6,0
2015,NBA,Patrick Patterson,pattepa01,25.0,TOR,PF,81,4.0,26.6,3.0,6.6,0.449,1.3,3.5,0.371,1.7,3.1,0.536,0.547,0.8,1.0,0.788,1.6,3.8,5.3,1.9,0.7,0.5,0.7,1.8,8.0,0
2016,NBA,Patrick Patterson,pattepa01,26.0,TOR,PF,79,0.0,25.6,2.6,6.2,0.414,1.3,3.7,0.362,1.2,2.5,0.49,0.521,0.4,0.4,0.853,1.0,3.4,4.3,1.2,0.7,0.4,0.8,1.6,6.9,0
2017,NBA,Patrick Patterson,pattepa01,27.0,TOR,PF,65,8.0,24.6,2.4,5.9,0.401,1.4,3.9,0.372,0.9,2.0,0.458,0.523,0.7,0.9,0.717,1.0,3.6,4.5,1.2,0.6,0.4,0.6,1.8,6.8,0
2018,NBA,Patrick Patterson,pattepa01,28.0,OKC,PF,82,3.0,15.5,1.3,3.2,0.398,0.8,2.1,0.386,0.5,1.2,0.421,0.523,0.5,0.6,0.87,0.4,2.0,2.4,0.7,0.6,0.3,0.4,1.1,3.9,0
2019,NBA,Patrick Patterson,pattepa01,29.0,OKC,PF,63,5.0,13.7,1.3,3.5,0.374,0.7,2.2,0.336,0.6,1.3,0.439,0.479,0.3,0.5,0.633,0.7,1.7,2.3,0.5,0.3,0.2,0.3,0.7,3.6,0
2020,NBA,Patrick Patterson,pattepa01,30.0,LAC,PF,59,18.0,13.2,1.6,3.9,0.408,1.1,2.9,0.39,0.5,1.0,0.459,0.552,0.6,0.7,0.814,0.6,2.0,2.6,0.7,0.1,0.1,0.4,0.9,4.9,0
2021,NBA,Patrick Patterson,pattepa01,31.0,LAC,PF,38,5.0,15.3,1.9,4.3,0.436,1.1,2.9,0.357,0.8,1.4,0.604,0.558,0.3,0.4,0.765,0.5,1.5,2.0,0.8,0.4,0.2,0.3,1.2,5.2,0
2021,NBA,Patrick Williams,willipa01,19.0,CHI,PF,71,71.0,27.9,3.6,7.4,0.483,0.8,1.9,0.391,2.8,5.5,0.515,0.534,1.3,1.8,0.728,0.9,3.7,4.6,1.4,0.9,0.6,1.4,1.8,9.2,0
2023,NBA,Patrick Williams,willipa01,21.0,CHI,PF,82,65.0,28.3,3.8,8.3,0.464,1.4,3.4,0.415,2.4,4.9,0.498,0.549,1.1,1.3,0.857,1.0,3.0,4.0,1.2,0.9,0.9,1.2,1.8,10.2,0
2024,NBA,Patrick Williams,willipa01,22.0,CHI,PF,43,30.0,27.3,3.7,8.3,0.443,1.4,3.4,0.399,2.3,4.9,0.474,0.525,1.2,1.5,0.788,1.1,2.8,3.9,1.5,0.9,0.8,1.3,2.0,10.0,0
2015,NBA,Patty Mills,millspa02,26.0,SAS,PG,51,0.0,15.7,2.5,6.6,0.381,1.2,3.6,0.341,1.3,3.0,0.429,0.473,0.6,0.8,0.825,0.4,1.1,1.5,1.7,0.5,0.0,0.7,1.1,6.9,0
2016,NBA,Patty Mills,millspa02,27.0,SAS,PG,81,3.0,20.5,3.2,7.6,0.425,1.5,4.0,0.384,1.7,3.6,0.469,0.525,0.6,0.7,0.81,0.3,1.6,2.0,2.8,0.7,0.1,0.9,1.3,8.5,0
2017,NBA,Patty Mills,millspa02,28.0,SAS,PG,80,8.0,21.9,3.4,7.8,0.44,1.8,4.4,0.414,1.6,3.3,0.474,0.558,0.8,1.0,0.825,0.3,1.5,1.8,3.5,0.8,0.0,1.3,1.4,9.5,0
2018,NBA,Patty Mills,millspa02,29.0,SAS,PG,82,36.0,25.7,3.4,8.3,0.411,1.9,5.0,0.372,1.5,3.3,0.47,0.523,1.3,1.4,0.89,0.3,1.6,1.9,2.8,0.7,0.1,1.3,1.6,10.0,0
2019,NBA,Patty Mills,millspa02,30.0,SAS,PG,82,1.0,23.3,3.4,8.1,0.425,1.9,4.9,0.394,1.5,3.2,0.475,0.545,1.1,1.3,0.854,0.3,1.9,2.2,3.0,0.6,0.1,1.1,1.6,9.9,0
2020,NBA,Patty Mills,millspa02,31.0,SAS,PG,66,1.0,22.5,3.9,9.1,0.431,2.3,6.1,0.382,1.6,3.0,0.533,0.56,1.5,1.7,0.866,0.3,1.3,1.6,1.8,0.8,0.1,0.8,1.6,11.6,0
2021,NBA,Patty Mills,millspa02,32.0,SAS,PG,68,1.0,24.8,3.7,9.0,0.412,2.4,6.3,0.375,1.3,2.7,0.5,0.544,1.0,1.1,0.91,0.3,1.4,1.7,2.4,0.6,0.0,1.0,1.2,10.8,0
2022,NBA,Patty Mills,millspa02,33.0,BRK,SG,81,48.0,29.0,4.0,9.8,0.408,2.8,7.0,0.4,1.2,2.8,0.429,0.551,0.6,0.7,0.814,0.2,1.7,1.9,2.3,0.6,0.2,0.9,1.4,11.4,0
2023,NBA,Patty Mills,millspa02,34.0,BRK,PG,40,2.0,14.2,2.2,5.2,0.411,1.2,3.4,0.366,0.9,1.9,0.493,0.529,0.6,0.8,0.833,0.2,0.9,1.1,1.4,0.4,0.1,0.8,0.8,6.2,0
2024,NBA,Patty Mills,millspa02,35.0,2TM,PG,32,5.0,13.0,1.4,4.1,0.351,0.8,2.7,0.276,0.7,1.4,0.5,0.443,0.3,0.3,1.0,0.3,0.8,1.1,1.1,0.6,0.0,0.5,1.0,4.0,0
2015,NBA,Pau Gasol,gasolpa01,34.0,CHI,PF,78,78.0,34.4,7.3,14.8,0.494,0.2,0.3,0.462,7.2,14.4,0.495,0.5,3.8,4.7,0.803,2.8,9.0,11.8,2.7,0.3,1.9,2.0,1.9,18.5,1
2016,NBA,Pau Gasol,gasolpa01,35.0,CHI,C,72,72.0,31.8,6.5,13.8,0.469,0.3,1.0,0.348,6.2,12.9,0.478,0.481,3.2,4.0,0.792,2.2,8.9,11.0,4.1,0.6,2.0,2.3,2.1,16.5,1
2017,NBA,Pau Gasol,gasolpa01,36.0,SAS,C,64,39.0,25.4,4.7,9.4,0.502,0.9,1.6,0.538,3.9,7.8,0.494,0.548,2.0,2.9,0.707,1.7,6.2,7.8,2.3,0.4,1.1,1.3,1.7,12.4,0
2018,NBA,Pau Gasol,gasolpa01,37.0,SAS,C,77,63.0,23.5,3.7,8.1,0.458,0.6,1.6,0.358,3.2,6.6,0.481,0.492,2.1,2.7,0.756,1.7,6.4,8.0,3.1,0.3,1.0,1.4,1.6,10.1,0
2019,NBA,Pau Gasol,gasolpa01,38.0,2TM,C,30,6.0,12.0,1.4,3.1,0.447,0.2,0.4,0.462,1.2,2.7,0.444,0.479,0.9,1.3,0.7,0.7,3.8,4.6,1.7,0.2,0.5,0.5,1.0,3.9,0
2016,NBA,Paul George,georgpa01,25.0,IND,SF,81,81.0,34.8,7.5,17.9,0.418,2.6,7.0,0.371,4.9,10.9,0.447,0.49,5.6,6.5,0.86,1.0,6.0,7.0,4.1,1.9,0.4,3.3,2.8,23.1,1
2017,NBA,Paul George,georgpa01,26.0,IND,SF,75,75.0,35.9,8.3,18.0,0.461,2.6,6.6,0.393,5.7,11.4,0.501,0.534,4.5,5.0,0.898,0.8,5.8,6.6,3.3,1.6,0.4,2.9,2.7,23.7,1
2018,NBA,Paul George,georgpa01,27.0,OKC,SF,79,79.0,36.6,7.3,17.0,0.43,3.1,7.7,0.401,4.2,9.3,0.454,0.521,4.3,5.2,0.822,0.9,4.7,5.7,3.3,2.0,0.5,2.7,2.9,21.9,1
2019,NBA,Paul George,georgpa01,28.0,OKC,SF,77,77.0,36.9,9.2,21.0,0.438,3.8,9.8,0.386,5.4,11.1,0.484,0.529,5.9,7.0,0.839,1.4,6.8,8.2,4.1,2.2,0.4,2.7,2.8,28.0,1
2020,NBA,Paul George,georgpa01,29.0,LAC,SF,48,48.0,29.6,7.1,16.3,0.439,3.3,7.9,0.412,3.9,8.4,0.464,0.539,4.0,4.5,0.876,0.5,5.2,5.7,3.9,1.4,0.4,2.6,2.4,21.5,0
2021,NBA,Paul George,georgpa01,30.0,LAC,SF,54,54.0,33.7,8.2,17.6,0.467,3.2,7.7,0.411,5.1,9.9,0.51,0.557,3.7,4.2,0.868,0.8,5.8,6.6,5.2,1.1,0.4,3.3,2.4,23.3,1
2022,NBA,Paul George,georgpa01,31.0,LAC,PF,31,31.0,34.7,8.6,20.5,0.421,2.9,8.3,0.354,5.7,12.2,0.467,0.493,4.1,4.8,0.858,0.4,6.5,6.9,5.7,2.2,0.4,4.1,2.4,24.3,0
2023,NBA,Paul George,georgpa01,32.0,LAC,SF,56,56.0,34.6,8.2,17.9,0.457,2.8,7.6,0.371,5.4,10.3,0.521,0.536,4.6,5.3,0.871,0.8,5.3,6.1,5.1,1.5,0.4,3.1,2.8,23.8,1
2024,NBA,Paul George,georgpa01,33.0,LAC,PF,74,74.0,33.8,7.9,16.7,0.471,3.3,7.9,0.413,4.6,8.8,0.523,0.569,3.6,3.9,0.907,0.5,4.7,5.2,3.5,1.5,0.5,2.1,2.7,22.6,1
2015,NBA,Paul Millsap,millspa01,29.0,ATL,PF,73,73.0,32.7,6.1,12.7,0.476,1.1,3.0,0.356,5.0,9.8,0.513,0.518,3.5,4.6,0.757,1.9,5.9,7.8,3.1,1.8,0.9,2.3,2.8,16.7,1
2016,NBA,Paul Millsap,millspa01,30.0,ATL,PF,81,81.0,32.7,6.2,13.2,0.47,0.9,2.9,0.319,5.3,10.3,0.512,0.505,3.8,5.0,0.757,2.4,6.6,9.0,3.3,1.8,1.7,2.4,2.9,17.1,1
2017,NBA,Paul Millsap,millspa01,31.0,ATL,PF,69,67.0,34.0,6.2,14.1,0.442,1.1,3.5,0.311,5.1,10.6,0.486,0.481,4.5,5.9,0.768,1.6,6.1,7.7,3.7,1.3,0.9,2.3,2.7,18.1,1
2018,NBA,Paul Millsap,millspa01,32.0,DEN,PF,38,37.0,30.1,5.3,11.4,0.464,1.0,3.0,0.345,4.3,8.5,0.506,0.509,2.9,4.2,0.696,1.7,4.7,6.4,2.8,1.0,1.2,1.9,2.6,14.6,0
2019,NBA,Paul Millsap,millspa01,33.0,DEN,PF,70,65.0,27.1,4.6,9.5,0.484,0.8,2.3,0.365,3.8,7.2,0.522,0.528,2.6,3.6,0.727,2.2,5.0,7.2,2.0,1.2,0.8,1.4,2.6,12.6,0
2020,NBA,Paul Millsap,millspa01,34.0,DEN,PF,51,48.0,24.3,4.1,8.6,0.482,1.1,2.4,0.435,3.1,6.2,0.5,0.543,2.3,2.8,0.816,1.9,3.8,5.7,1.6,0.9,0.6,1.4,2.9,11.6,0
2021,NBA,Paul Millsap,millspa01,35.0,DEN,PF,56,36.0,20.8,3.4,7.2,0.476,0.9,2.6,0.343,2.5,4.6,0.55,0.537,1.3,1.8,0.724,1.4,3.3,4.7,1.8,0.9,0.6,0.9,2.0,9.0,0
2022,NBA,Paul Millsap,millspa01,36.0,2TM,C,33,1.0,11.4,1.4,3.5,0.391,0.2,1.1,0.229,1.1,2.4,0.463,0.426,0.5,0.7,0.708,1.2,2.2,3.5,0.9,0.3,0.4,0.6,2.0,3.5,0
2015,NBA,Paul Pierce,piercpa01,37.0,WAS,SF,73,73.0,26.2,4.0,9.0,0.447,1.6,4.2,0.389,2.4,4.8,0.496,0.537,2.2,2.9,0.781,0.6,3.4,4.0,2.0,0.6,0.3,1.3,2.2,11.9,0
2016,NBA,Paul Pierce,piercpa01,38.0,LAC,SF,68,38.0,18.1,2.1,5.8,0.363,1.1,3.6,0.31,1.0,2.3,0.445,0.457,0.8,1.0,0.818,0.2,2.6,2.7,1.0,0.5,0.3,0.9,1.9,6.1,0
2017,NBA,Paul Pierce,piercpa01,39.0,LAC,SF,25,7.0,11.1,1.1,2.8,0.4,0.6,1.7,0.349,0.5,1.1,0.481,0.507,0.4,0.5,0.769,0.0,1.9,1.9,0.4,0.2,0.2,0.6,1.6,3.2,0
2021,NBA,Paul Reed,reedpa01,21.0,PHI,PF,26,0.0,6.8,1.6,3.0,0.538,0.0,0.2,0.0,1.6,2.8,0.583,0.538,0.2,0.3,0.5,1.2,1.2,2.3,0.5,0.4,0.5,0.5,1.1,3.4,0
2022,NBA,Paul Reed,reedpa01,22.0,PHI,C,38,2.0,7.9,1.4,2.5,0.563,0.1,0.2,0.25,1.4,2.3,0.591,0.573,0.2,0.4,0.429,1.2,1.3,2.4,0.4,0.9,0.4,0.3,1.5,3.1,0
2023,NBA,Paul Reed,reedpa01,23.0,PHI,C,69,2.0,10.9,1.8,3.0,0.593,0.0,0.1,0.167,1.8,2.9,0.606,0.596,0.6,0.7,0.745,1.6,2.2,3.8,0.4,0.7,0.7,0.7,1.8,4.2,0
2024,NBA,Paul Reed,reedpa01,24.0,PHI,C,82,24.0,19.4,3.2,5.9,0.54,0.3,0.7,0.368,2.9,5.2,0.563,0.561,0.7,1.0,0.718,2.4,3.6,6.0,1.3,0.8,1.0,0.8,2.4,7.3,0
2021,NBA,Paul Watson,watsopa01,26.0,TOR,SF,27,2.0,11.0,1.4,3.0,0.463,1.1,2.4,0.469,0.3,0.7,0.444,0.646,0.2,0.3,0.625,0.1,1.5,1.7,0.6,0.2,0.1,0.3,1.3,4.1,0
2017,NBA,Paul Zipser,zipsepa01,22.0,CHI,SF,44,18.0,19.2,2.0,5.0,0.398,0.8,2.3,0.333,1.3,2.8,0.451,0.473,0.7,0.9,0.775,0.3,2.5,2.8,0.8,0.3,0.4,0.9,1.8,5.5,0
2018,NBA,Paul Zipser,zipsepa01,23.0,CHI,SF,54,12.0,15.3,1.5,4.3,0.346,0.7,2.0,0.336,0.8,2.3,0.355,0.425,0.4,0.5,0.76,0.2,2.2,2.4,0.9,0.4,0.3,0.8,1.6,4.0,0
2021,NBA,Payton Pritchard,pritcpa01,23.0,BOS,SG,66,4.0,19.2,2.8,6.3,0.44,1.5,3.8,0.411,1.2,2.6,0.482,0.562,0.6,0.7,0.889,0.5,1.9,2.4,1.8,0.6,0.1,0.8,1.6,7.7,0
2022,NBA,Payton Pritchard,pritcpa01,24.0,BOS,PG,71,2.0,14.1,2.3,5.3,0.429,1.4,3.5,0.412,0.8,1.8,0.461,0.564,0.3,0.3,1.0,0.5,1.4,1.9,2.0,0.4,0.1,0.6,0.9,6.2,0
2023,NBA,Payton Pritchard,pritcpa01,25.0,BOS,PG,48,3.0,13.4,2.1,5.1,0.412,1.2,3.2,0.364,0.9,1.9,0.495,0.527,0.3,0.3,0.75,0.5,1.3,1.8,1.3,0.3,0.0,0.8,0.8,5.6,0
2024,NBA,Payton Pritchard,pritcpa01,26.0,BOS,PG,82,5.0,22.3,3.6,7.7,0.468,1.8,4.7,0.385,1.8,3.1,0.593,0.583,0.6,0.7,0.821,0.9,2.4,3.2,3.4,0.5,0.1,0.7,1.3,9.6,0
2015,NBA,Pero Antić,anticpe01,32.0,ATL,C,63,3.0,16.5,1.7,4.7,0.365,0.8,2.7,0.301,0.9,2.0,0.455,0.453,1.4,2.0,0.715,0.9,2.1,3.0,0.8,0.3,0.2,0.8,2.1,5.7,0
2015,NBA,Perry Jones,jonespe01,23.0,OKC,SF,43,13.0,14.7,1.7,4.3,0.397,0.3,1.4,0.233,1.4,2.9,0.476,0.435,0.6,0.9,0.649,0.1,1.6,1.8,0.4,0.4,0.2,0.6,1.2,4.3,0
2023,NBA,Peyton Watson,watsope01,20.0,DEN,SG,23,2.0,8.1,1.3,2.6,0.492,0.3,0.6,0.429,1.0,2.0,0.511,0.542,0.5,0.9,0.55,0.3,1.3,1.6,0.5,0.1,0.5,0.3,0.6,3.3,0
2024,NBA,Peyton Watson,watsope01,21.0,DEN,SF,80,4.0,18.6,2.6,5.6,0.465,0.6,1.9,0.296,2.0,3.7,0.553,0.516,0.9,1.3,0.67,0.7,2.5,3.2,1.1,0.5,1.1,0.7,1.8,6.7,0
2015,NBA,Phil Pressey,pressph01,23.0,BOS,PG,50,0.0,12.0,1.3,3.5,0.368,0.3,1.3,0.246,1.0,2.2,0.44,0.414,0.7,1.0,0.673,0.3,1.3,1.6,2.3,0.6,0.1,0.8,1.1,3.5,0
2016,NBA,Phil Pressey,pressph01,24.0,2TM,PG,23,0.0,12.3,1.3,3.4,0.385,0.2,0.8,0.222,1.1,2.6,0.433,0.41,0.6,1.1,0.52,0.1,1.2,1.3,3.3,0.8,0.2,1.4,1.2,3.3,0
2021,NBA,Precious Achiuwa,achiupr01,21.0,MIA,PF,61,4.0,12.1,2.0,3.7,0.544,0.0,0.0,0.0,2.0,3.7,0.546,0.544,0.9,1.8,0.509,1.2,2.2,3.4,0.5,0.3,0.5,0.7,1.5,5.0,0
2022,NBA,Precious Achiuwa,achiupr01,22.0,TOR,C,73,28.0,23.6,3.6,8.3,0.439,0.8,2.1,0.359,2.9,6.1,0.468,0.486,1.1,1.8,0.595,2.0,4.5,6.5,1.1,0.5,0.6,1.2,2.1,9.1,0
2023,NBA,Precious Achiuwa,achiupr01,23.0,TOR,C,55,12.0,20.7,3.6,7.3,0.485,0.5,2.0,0.269,3.0,5.4,0.564,0.521,1.6,2.3,0.702,1.8,4.1,6.0,0.9,0.6,0.5,1.1,1.9,9.2,0
2024,NBA,Precious Achiuwa,achiupr01,24.0,2TM,PF,74,18.0,21.9,3.2,6.3,0.501,0.4,1.3,0.268,2.8,5.0,0.562,0.529,0.9,1.5,0.616,2.6,4.0,6.6,1.3,0.6,0.9,1.1,1.9,7.6,0
2022,NBA,Quentin Grimes,grimequ01,21.0,NYK,SG,46,6.0,17.1,2.1,5.1,0.404,1.6,4.1,0.381,0.5,1.0,0.5,0.557,0.3,0.4,0.684,0.5,1.5,2.0,1.0,0.7,0.2,0.6,1.6,6.0,0
2023,NBA,Quentin Grimes,grimequ01,22.0,NYK,SG,71,66.0,29.9,4.0,8.5,0.468,2.2,5.7,0.386,1.8,2.7,0.641,0.599,1.1,1.4,0.796,0.7,2.5,3.2,2.1,0.7,0.4,1.0,2.5,11.3,0
2024,NBA,Quentin Grimes,grimequ01,23.0,2TM,SG,51,18.0,20.1,2.4,6.4,0.372,1.6,4.7,0.338,0.8,1.7,0.466,0.495,0.7,0.9,0.756,0.3,1.7,2.0,1.3,0.7,0.1,0.5,1.5,7.0,0
2015,NBA,Quincy Acy,acyqu01,24.0,NYK,PF,68,22.0,18.9,2.2,4.9,0.459,0.3,0.9,0.3,2.0,4.0,0.494,0.486,1.1,1.4,0.784,1.2,3.3,4.4,1.0,0.4,0.3,0.9,2.2,5.9,0
2016,NBA,Quincy Acy,acyqu01,25.0,SAC,PF,59,29.0,14.8,2.0,3.6,0.556,0.3,0.8,0.388,1.7,2.8,0.606,0.6,0.8,1.2,0.735,1.1,2.1,3.2,0.5,0.5,0.4,0.5,1.7,5.2,0
2017,NBA,Quincy Acy,acyqu01,26.0,2TM,PF,38,1.0,14.7,1.8,4.5,0.412,1.0,2.4,0.411,0.9,2.1,0.413,0.521,1.2,1.6,0.75,0.5,2.5,3.0,0.5,0.4,0.4,0.6,1.8,5.8,0
2018,NBA,Quincy Acy,acyqu01,27.0,BRK,PF,70,8.0,19.4,1.9,5.2,0.356,1.5,4.2,0.349,0.4,1.0,0.384,0.496,0.7,0.9,0.817,0.6,3.1,3.7,0.8,0.5,0.4,0.9,2.1,5.9,0
2015,NBA,Quincy Pondexter,pondequ01,26.0,2TM,SG,75,30.0,23.9,2.5,6.0,0.421,1.2,3.3,0.373,1.3,2.7,0.478,0.522,0.9,1.3,0.74,0.7,1.9,2.6,1.3,0.3,0.3,0.7,2.0,7.2,0
2018,NBA,Quincy Pondexter,pondequ01,29.0,CHI,SF,23,1.0,8.5,0.6,2.1,0.286,0.1,1.0,0.136,0.5,1.2,0.407,0.316,0.6,0.7,0.824,0.3,0.8,1.2,0.4,0.3,0.1,0.5,1.0,2.0,0
2019,NBA,Quincy Pondexter,pondequ01,30.0,SAS,SF,53,0.0,5.5,0.5,1.1,0.5,0.1,0.3,0.333,0.4,0.8,0.575,0.552,0.6,0.8,0.81,0.2,0.7,0.9,0.5,0.2,0.0,0.2,0.5,1.8,0
2018,NBA,Quinn Cook,cookqu01,24.0,GSW,PG,33,18.0,22.4,3.7,7.6,0.484,1.4,3.2,0.442,2.3,4.5,0.514,0.575,0.7,0.8,0.88,0.3,2.2,2.5,2.7,0.4,0.0,1.0,1.8,9.5,0
2019,NBA,Quinn Cook,cookqu01,25.0,GSW,PG,74,10.0,14.3,2.8,5.9,0.465,1.1,2.7,0.405,1.7,3.2,0.515,0.557,0.3,0.4,0.769,0.3,1.8,2.1,1.6,0.3,0.0,0.7,1.2,6.9,0
2020,NBA,Quinn Cook,cookqu01,26.0,LAL,PG,44,1.0,11.5,2.1,4.9,0.425,0.7,1.9,0.365,1.4,2.9,0.465,0.498,0.3,0.3,0.786,0.3,0.9,1.2,1.1,0.3,0.0,0.8,0.6,5.1,0
2021,NBA,Quinn Cook,cookqu01,27.0,2TM,PG,23,0.0,6.8,1.3,3.0,0.426,0.5,1.1,0.423,0.8,1.8,0.429,0.507,0.3,0.3,0.875,0.1,0.7,0.7,0.8,0.2,0.0,0.3,0.4,3.3,0
2021,NBA,Quinndary Weatherspoon,weathqu01,24.0,SAS,SG,20,0.0,6.1,0.8,1.8,0.457,0.1,0.3,0.167,0.8,1.5,0.517,0.471,0.7,0.8,0.813,0.2,0.4,0.6,0.4,0.4,0.1,0.5,0.9,2.3,0
2021,NBA,R.J. Hampton,hamptrj01,19.0,2TM,SG,51,1.0,17.4,2.7,6.1,0.435,0.5,1.7,0.31,2.1,4.4,0.482,0.478,1.1,1.6,0.671,0.6,2.9,3.5,1.7,0.4,0.2,1.0,1.2,6.9,0
2022,NBA,R.J. Hampton,hamptrj01,20.0,ORL,SG,64,14.0,21.9,2.7,7.1,0.383,1.0,2.9,0.35,1.7,4.3,0.405,0.453,1.2,1.8,0.641,0.4,2.7,3.0,2.5,0.7,0.2,1.4,1.6,7.6,0
2023,NBA,R.J. Hampton,hamptrj01,21.0,2TM,SG,47,3.0,16.0,2.2,5.0,0.43,0.9,2.5,0.353,1.3,2.6,0.504,0.517,1.2,1.6,0.75,0.4,1.5,1.9,1.1,0.6,0.2,0.9,1.1,6.4,0
2016,NBA,R.J. Hunter,hunterj01,22.0,BOS,SG,36,0.0,8.8,1.0,2.7,0.367,0.5,1.8,0.302,0.5,1.0,0.486,0.464,0.2,0.2,0.857,0.1,1.0,1.0,0.4,0.4,0.1,0.3,0.8,2.7,0
2020,NBA,RJ Barrett,barrerj01,19.0,NYK,SG,56,55.0,30.4,5.2,13.0,0.402,1.1,3.5,0.32,4.1,9.5,0.432,0.445,2.8,4.5,0.614,0.9,4.1,5.0,2.6,1.0,0.3,2.2,2.2,14.3,0
2021,NBA,RJ Barrett,barrerj01,20.0,NYK,SG,72,72.0,34.9,6.5,14.7,0.441,1.7,4.3,0.401,4.8,10.4,0.457,0.499,2.9,3.8,0.746,0.9,4.8,5.8,3.0,0.7,0.3,1.9,2.6,17.6,0
2022,NBA,RJ Barrett,barrerj01,21.0,NYK,SF,70,70.0,34.5,7.0,17.1,0.408,2.0,5.8,0.342,5.0,11.3,0.442,0.466,4.1,5.8,0.714,0.9,4.9,5.8,3.0,0.6,0.2,2.2,2.0,20.0,0
2023,NBA,RJ Barrett,barrerj01,22.0,NYK,SG,73,73.0,33.9,7.0,16.1,0.434,1.7,5.3,0.31,5.3,10.8,0.495,0.485,4.0,5.4,0.74,0.8,4.2,5.0,2.8,0.4,0.2,2.2,2.5,19.6,0
2024,NBA,RJ Barrett,barrerj01,23.0,2TM,SG,58,58.0,31.7,7.5,15.2,0.495,1.6,4.3,0.36,6.0,10.9,0.549,0.547,3.6,5.0,0.715,0.9,4.5,5.4,3.3,0.5,0.4,2.2,2.2,20.2,0
2015,NBA,Rajon Rondo,rondora01,28.0,2TM,PG,68,68.0,29.7,4.0,9.5,0.426,0.4,1.3,0.314,3.6,8.2,0.444,0.447,0.5,1.1,0.397,1.1,4.4,5.5,7.9,1.3,0.1,3.1,2.3,8.9,0
2016,NBA,Rajon Rondo,rondora01,29.0,SAC,PG,72,72.0,35.2,4.9,10.9,0.454,0.9,2.4,0.365,4.1,8.5,0.479,0.494,1.2,2.1,0.58,1.1,5.0,6.0,11.7,2.0,0.1,3.9,2.4,11.9,0
2017,NBA,Rajon Rondo,rondora01,30.0,CHI,PG,69,42.0,26.7,3.3,8.1,0.408,0.7,1.9,0.376,2.6,6.2,0.418,0.453,0.4,0.7,0.6,1.1,4.1,5.1,6.7,1.4,0.2,2.4,2.1,7.8,0
2018,NBA,Rajon Rondo,rondora01,31.0,NOP,PG,65,63.0,26.2,3.6,7.6,0.468,0.8,2.3,0.333,2.8,5.3,0.526,0.518,0.4,0.7,0.543,0.5,3.6,4.0,8.2,1.1,0.2,2.3,1.8,8.3,0
2019,NBA,Rajon Rondo,rondora01,32.0,LAL,PG,46,29.0,29.8,3.8,9.4,0.405,1.1,3.1,0.359,2.7,6.3,0.428,0.464,0.5,0.8,0.639,0.7,4.5,5.3,8.0,1.2,0.2,2.8,2.2,9.2,0
2020,NBA,Rajon Rondo,rondora01,33.0,LAL,PG,48,3.0,20.5,2.9,6.8,0.418,0.9,2.6,0.328,2.0,4.2,0.473,0.48,0.6,0.9,0.659,0.5,2.5,3.0,5.0,0.8,0.0,1.9,1.2,7.1,0
2021,NBA,Rajon Rondo,rondora01,34.0,2TM,PG,45,3.0,17.1,2.1,4.8,0.442,0.8,2.0,0.404,1.3,2.8,0.468,0.526,0.4,0.4,0.941,0.4,2.0,2.4,4.4,0.8,0.1,1.8,1.2,5.4,0
2022,NBA,Rajon Rondo,rondora01,35.0,2TM,PG,39,1.0,17.9,1.7,4.5,0.386,0.8,2.3,0.352,0.9,2.3,0.42,0.474,0.5,0.7,0.731,0.4,2.4,2.8,4.4,0.8,0.2,1.7,1.4,4.8,0
2017,NBA,Rakeem Christmas,chrisra01,25.0,IND,PF,29,0.0,7.6,0.7,1.5,0.442,0.0,0.0,0.0,0.7,1.5,0.442,0.442,0.7,1.0,0.724,0.9,1.0,1.9,0.1,0.1,0.2,0.3,1.3,2.0,0
2015,NBA,Ramon Sessions,sessira01,28.0,2TM,PG,64,10.0,18.6,2.0,5.2,0.374,0.3,0.9,0.317,1.7,4.3,0.387,0.403,2.1,2.7,0.769,0.4,1.9,2.3,2.8,0.5,0.0,1.3,1.1,6.3,0
2016,NBA,Ramon Sessions,sessira01,29.0,WAS,PG,82,5.0,20.3,3.4,7.2,0.473,0.4,1.4,0.324,3.0,5.9,0.507,0.503,2.6,3.5,0.756,0.3,2.2,2.5,2.9,0.6,0.1,1.4,1.2,9.9,0
2017,NBA,Ramon Sessions,sessira01,30.0,CHO,PG,50,1.0,16.2,2.0,5.3,0.38,0.4,1.2,0.339,1.6,4.0,0.393,0.42,1.8,2.4,0.771,0.2,1.2,1.5,2.6,0.5,0.1,0.9,0.9,6.2,0
2018,NBA,Ramon Sessions,sessira01,31.0,2TM,PG,28,3.0,14.0,1.5,4.2,0.359,0.3,0.9,0.308,1.2,3.3,0.374,0.393,1.6,2.0,0.772,0.2,1.1,1.4,2.8,0.5,0.1,1.1,1.0,4.9,0
2015,NBA,Randy Foye,foyera01,31.0,DEN,SG,50,21.0,21.7,3.0,8.0,0.368,1.9,5.3,0.357,1.1,2.8,0.388,0.485,0.9,1.1,0.818,0.2,1.5,1.7,2.4,0.7,0.2,1.2,1.9,8.7,0
2016,NBA,Randy Foye,foyera01,32.0,2TM,SG,81,8.0,20.3,2.1,6.0,0.351,0.9,3.1,0.3,1.2,2.9,0.405,0.428,0.8,0.9,0.824,0.3,1.6,1.9,2.0,0.5,0.4,1.1,1.6,5.9,0
2017,NBA,Randy Foye,foyera01,33.0,BRK,SG,69,40.0,18.6,1.7,4.7,0.363,1.0,2.9,0.33,0.7,1.8,0.418,0.466,0.8,0.9,0.857,0.1,2.1,2.2,2.0,0.5,0.1,1.2,1.4,5.2,0
2016,NBA,Rashad Vaughn,vaughra01,19.0,MIL,SG,70,6.0,14.3,1.2,3.8,0.305,0.6,2.1,0.293,0.5,1.7,0.319,0.385,0.2,0.2,0.8,0.2,1.1,1.3,0.6,0.4,0.2,0.4,1.0,3.1,0
2017,NBA,Rashad Vaughn,vaughra01,20.0,MIL,SG,41,2.0,11.2,1.4,3.8,0.365,0.6,2.0,0.321,0.8,1.8,0.413,0.449,0.0,0.1,0.4,0.1,1.1,1.2,0.6,0.5,0.2,0.3,0.8,3.5,0
2018,NBA,Rashad Vaughn,vaughra01,21.0,3TM,SG,28,0.0,7.6,0.8,2.0,0.411,0.5,1.3,0.378,0.3,0.7,0.474,0.536,0.1,0.2,0.667,0.1,0.6,0.8,0.5,0.2,0.1,0.2,0.5,2.3,0
2015,NBA,Rasual Butler,butlera01,35.0,WAS,SF,75,1.0,20.1,2.9,6.9,0.422,1.2,3.1,0.387,1.7,3.8,0.45,0.51,0.7,0.9,0.791,0.4,2.3,2.6,0.8,0.4,0.3,0.6,1.3,7.7,0
2016,NBA,Rasual Butler,butlera01,36.0,SAS,SF,46,0.0,9.4,1.1,2.3,0.471,0.3,1.1,0.306,0.7,1.2,0.618,0.543,0.2,0.3,0.688,0.1,1.2,1.2,0.5,0.3,0.5,0.2,0.2,2.7,0
2016,NBA,Raul Neto,netora01,23.0,UTA,PG,81,53.0,18.5,2.2,5.2,0.431,0.8,2.0,0.395,1.4,3.2,0.453,0.507,0.6,0.9,0.743,0.2,1.3,1.5,2.1,0.8,0.0,1.3,1.5,5.9,0
2017,NBA,Raul Neto,netora01,24.0,UTA,PG,40,0.0,8.7,1.0,2.3,0.451,0.3,0.8,0.323,0.8,1.5,0.517,0.505,0.2,0.2,0.889,0.1,0.7,0.8,0.9,0.5,0.1,0.4,1.2,2.5,0
2018,NBA,Raul Neto,netora01,25.0,UTA,PG,41,0.0,12.1,1.7,3.7,0.457,0.5,1.1,0.404,1.2,2.5,0.481,0.52,0.6,0.9,0.743,0.2,1.0,1.2,1.8,0.3,0.1,0.9,0.9,4.5,0
2019,NBA,Raul Neto,netora01,26.0,UTA,PG,37,1.0,12.8,2.0,4.4,0.46,0.5,1.6,0.333,1.5,2.7,0.535,0.522,0.8,0.9,0.848,0.2,1.5,1.7,2.5,0.4,0.1,0.9,1.3,5.3,0
2020,NBA,Raul Neto,netora01,27.0,PHI,PG,54,3.0,12.4,1.9,4.1,0.455,0.6,1.6,0.386,1.2,2.5,0.5,0.532,0.7,0.9,0.83,0.2,0.9,1.1,1.8,0.4,0.1,0.9,0.9,5.1,0
2021,NBA,Raul Neto,netora01,28.0,WAS,PG,64,22.0,21.9,3.3,7.0,0.468,1.0,2.6,0.39,2.3,4.4,0.512,0.539,1.2,1.3,0.882,0.4,2.0,2.4,2.3,1.1,0.1,0.8,1.7,8.7,0
2022,NBA,Raul Neto,netora01,29.0,WAS,PG,70,19.0,19.6,2.9,6.3,0.463,0.5,1.7,0.292,2.4,4.6,0.526,0.502,1.2,1.5,0.769,0.2,1.7,1.9,3.1,0.8,0.0,1.1,1.5,7.5,0
2023,NBA,Raul Neto,netora01,30.0,CLE,PG,48,1.0,10.5,1.2,2.3,0.518,0.3,0.9,0.286,0.9,1.4,0.662,0.573,0.6,0.7,0.912,0.2,0.8,1.0,1.6,0.4,0.1,0.5,1.0,3.3,0
2015,NBA,Ray McCallum,mccalra01,23.0,SAC,PG,68,30.0,21.1,3.0,6.9,0.438,0.5,1.6,0.306,2.5,5.3,0.479,0.474,0.8,1.2,0.679,0.8,1.9,2.6,2.8,0.7,0.2,1.3,1.4,7.4,0
2016,NBA,Ray McCallum,mccalra01,24.0,2TM,PG,41,6.0,11.6,1.3,3.6,0.377,0.4,1.0,0.357,1.0,2.5,0.385,0.428,0.3,0.4,0.8,0.2,1.0,1.1,1.5,0.3,0.2,0.6,0.7,3.3,0
2024,NBA,Rayan Rupert,ruperra01,19.0,POR,SG,39,12.0,16.2,1.4,4.1,0.335,0.7,2.0,0.359,0.7,2.1,0.313,0.422,0.5,0.6,0.76,0.6,1.7,2.4,1.6,0.3,0.1,0.8,1.4,4.0,0
2020,NBA,Rayjon Tucker,tuckera01,22.0,UTA,SG,20,0.0,8.1,1.0,2.2,0.465,0.2,0.9,0.176,0.9,1.3,0.654,0.5,1.0,1.2,0.826,0.2,0.9,1.0,0.3,0.1,0.1,0.4,0.5,3.1,0
2015,NBA,Raymond Felton,feltora01,30.0,DAL,PG,29,3.0,9.7,1.5,3.7,0.406,0.3,1.2,0.294,1.1,2.5,0.458,0.453,0.4,0.5,0.8,0.1,0.8,0.9,1.4,0.4,0.1,0.6,0.6,3.7,0
2016,NBA,Raymond Felton,feltora01,31.0,DAL,PG,80,31.0,27.4,3.5,8.5,0.406,0.8,2.7,0.282,2.7,5.9,0.463,0.45,1.9,2.2,0.847,0.5,2.8,3.2,3.6,0.9,0.2,1.5,1.8,9.5,0
2017,NBA,Raymond Felton,feltora01,32.0,LAC,PG,80,11.0,21.3,2.8,6.4,0.43,0.6,1.8,0.319,2.2,4.6,0.473,0.475,0.6,0.8,0.781,0.4,2.3,2.7,2.4,0.8,0.3,1.0,1.6,6.7,0
2018,NBA,Raymond Felton,feltora01,33.0,OKC,PG,82,2.0,16.6,2.7,6.7,0.406,1.0,2.8,0.352,1.7,3.9,0.444,0.479,0.4,0.5,0.818,0.3,1.6,1.9,2.5,0.6,0.2,0.9,1.1,6.9,0
2019,NBA,Raymond Felton,feltora01,34.0,OKC,PG,33,0.0,11.5,1.7,4.1,0.407,0.6,1.8,0.328,1.1,2.2,0.473,0.481,0.4,0.4,0.923,0.1,0.9,1.0,1.6,0.3,0.2,0.4,0.9,4.3,0
2015,NBA,Reggie Bullock,bullore01,23.0,2TM,SF,36,2.0,9.4,0.7,1.9,0.343,0.4,1.3,0.326,0.3,0.7,0.375,0.45,0.2,0.3,0.667,0.0,1.4,1.4,0.2,0.3,0.1,0.2,0.5,1.9,0
2016,NBA,Reggie Bullock,bullore01,24.0,DET,SF,37,0.0,11.6,1.2,2.6,0.439,0.6,1.4,0.415,0.6,1.2,0.467,0.551,0.4,0.4,0.933,0.4,1.5,1.8,0.7,0.3,0.1,0.2,0.8,3.3,0
2017,NBA,Reggie Bullock,bullore01,25.0,DET,SF,31,5.0,15.1,1.7,4.1,0.422,0.9,2.4,0.384,0.8,1.8,0.473,0.531,0.2,0.2,0.714,0.4,1.6,2.1,0.9,0.6,0.1,0.3,0.7,4.5,0
2018,NBA,Reggie Bullock,bullore01,26.0,DET,SF,62,52.0,27.9,4.3,8.8,0.489,2.0,4.5,0.445,2.3,4.3,0.536,0.603,0.6,0.8,0.796,0.4,2.0,2.5,1.5,0.8,0.2,0.8,1.1,11.3,0
2019,NBA,Reggie Bullock,bullore01,27.0,2TM,SG,63,60.0,29.8,3.9,9.4,0.412,2.3,6.2,0.377,1.5,3.2,0.483,0.537,1.2,1.3,0.859,0.3,2.4,2.7,2.0,0.6,0.2,1.0,1.7,11.3,0
2020,NBA,Reggie Bullock,bullore01,28.0,NYK,SG,29,19.0,23.6,3.1,7.7,0.402,1.3,3.8,0.333,1.8,3.9,0.469,0.484,0.6,0.7,0.81,0.4,1.9,2.3,1.4,0.9,0.1,0.7,1.9,8.1,0
2021,NBA,Reggie Bullock,bullore01,29.0,NYK,SF,65,64.0,30.0,3.8,8.6,0.442,2.5,6.1,0.41,1.3,2.5,0.521,0.587,0.8,0.8,0.909,0.2,3.2,3.4,1.5,0.8,0.2,0.7,2.2,10.9,0
2022,NBA,Reggie Bullock,bullore01,30.0,DAL,SF,68,37.0,28.0,3.0,7.4,0.401,2.1,5.8,0.36,0.9,1.6,0.55,0.542,0.6,0.7,0.833,0.5,3.1,3.5,1.2,0.6,0.2,0.6,1.6,8.6,0
2023,NBA,Reggie Bullock,bullore01,31.0,DAL,SF,78,55.0,30.3,2.5,6.0,0.409,1.9,5.1,0.38,0.5,0.9,0.562,0.569,0.3,0.5,0.703,0.4,3.2,3.6,1.4,0.7,0.2,0.5,2.1,7.2,0
2024,NBA,Reggie Bullock,bullore01,32.0,HOU,SF,44,0.0,9.5,0.8,1.9,0.415,0.6,1.5,0.403,0.2,0.3,0.467,0.579,0.0,0.0,1.0,0.1,1.5,1.7,0.3,0.3,0.1,0.2,0.7,2.2,0
2015,NBA,Reggie Evans,evansre01,34.0,SAC,PF,47,7.0,16.3,1.2,2.9,0.423,0.0,0.0,0.0,1.2,2.9,0.43,0.423,1.3,2.1,0.619,2.1,4.3,6.4,0.7,0.5,0.1,1.0,1.9,3.7,0
2015,NBA,Reggie Jackson,jacksre01,24.0,2TM,PG,77,40.0,29.5,5.6,12.9,0.434,0.9,3.1,0.299,4.7,9.8,0.477,0.47,2.4,2.8,0.83,0.7,3.5,4.2,6.0,0.8,0.1,2.4,2.2,14.5,0
2016,NBA,Reggie Jackson,jacksre01,25.0,DET,PG,79,79.0,30.7,6.8,15.7,0.434,1.5,4.2,0.353,5.3,11.5,0.464,0.482,3.7,4.3,0.864,0.7,2.5,3.2,6.2,0.7,0.1,2.8,2.4,18.8,0
2017,NBA,Reggie Jackson,jacksre01,26.0,DET,PG,52,50.0,27.4,5.5,13.0,0.419,1.3,3.5,0.359,4.2,9.5,0.442,0.468,2.3,2.6,0.868,0.4,1.8,2.2,5.2,0.7,0.1,2.2,2.5,14.5,0
2018,NBA,Reggie Jackson,jacksre01,27.0,DET,PG,45,45.0,26.7,5.5,12.8,0.426,1.2,3.8,0.308,4.3,9.1,0.475,0.471,2.5,3.0,0.836,0.6,2.1,2.8,5.3,0.6,0.1,2.2,1.9,14.6,0
2019,NBA,Reggie Jackson,jacksre01,28.0,DET,PG,82,82.0,27.9,5.4,12.8,0.421,2.1,5.7,0.369,3.3,7.0,0.464,0.504,2.5,2.9,0.864,0.5,2.1,2.6,4.2,0.7,0.1,1.8,2.5,15.4,0
2020,NBA,Reggie Jackson,jacksre01,29.0,2TM,PG,31,16.0,24.0,4.3,10.5,0.411,1.8,4.7,0.393,2.5,5.8,0.425,0.498,1.5,1.7,0.833,0.5,2.4,3.0,4.1,0.4,0.2,1.6,1.9,11.9,0
2021,NBA,Reggie Jackson,jacksre01,30.0,LAC,SG,67,43.0,23.0,3.9,8.7,0.45,1.8,4.2,0.433,2.1,4.5,0.465,0.554,1.0,1.2,0.817,0.4,2.5,2.9,3.1,0.6,0.1,1.1,1.9,10.7,0
2022,NBA,Reggie Jackson,jacksre01,31.0,LAC,SG,75,75.0,31.2,6.4,16.3,0.392,2.2,6.8,0.326,4.2,9.5,0.439,0.46,1.8,2.2,0.847,0.5,3.1,3.6,4.8,0.7,0.2,2.3,2.1,16.8,0
2023,NBA,Reggie Jackson,jacksre01,32.0,2TM,PG,68,40.0,24.4,3.9,9.4,0.411,1.4,4.2,0.333,2.5,5.2,0.474,0.486,1.0,1.1,0.91,0.4,1.8,2.1,3.4,0.7,0.1,1.7,1.7,10.2,0
2024,NBA,Reggie Jackson,jacksre01,33.0,DEN,PG,82,23.0,22.2,4.0,9.2,0.431,1.2,3.5,0.359,2.7,5.8,0.475,0.499,1.0,1.2,0.806,0.4,1.5,1.9,3.8,0.5,0.2,1.3,1.8,10.2,0
2021,NBA,Reggie Perry,perryre01,20.0,BRK,PF,26,0.0,8.1,1.2,3.0,0.41,0.2,0.8,0.19,1.1,2.2,0.491,0.436,0.4,0.5,0.769,1.0,1.8,2.8,0.5,0.2,0.2,0.6,1.5,3.0,0
2015,NBA,Reggie Williams,willire02,28.0,SAS,SF,20,0.0,5.3,0.8,2.0,0.385,0.2,1.0,0.158,0.6,1.0,0.6,0.423,0.2,0.2,1.0,0.3,0.6,0.9,0.5,0.1,0.0,0.1,0.6,1.9,0
2015,NBA,Richard Jefferson,jefferi01,34.0,DAL,SF,74,18.0,16.8,1.9,4.4,0.444,0.9,2.1,0.426,1.1,2.3,0.462,0.546,1.1,1.5,0.684,0.3,2.1,2.5,0.8,0.4,0.1,0.7,1.6,5.8,0
2016,NBA,Richard Jefferson,jefferi01,35.0,CLE,SF,74,5.0,17.9,1.9,4.2,0.458,0.9,2.3,0.382,1.0,1.9,0.554,0.564,0.8,1.2,0.667,0.2,1.5,1.7,0.8,0.4,0.2,0.6,1.7,5.5,0
2017,NBA,Richard Jefferson,jefferi01,36.0,CLE,SF,79,13.0,20.4,1.9,4.3,0.446,0.8,2.4,0.333,1.2,2.0,0.58,0.536,1.0,1.4,0.741,0.4,2.2,2.6,1.0,0.3,0.1,0.7,1.9,5.7,0
2018,NBA,Richard Jefferson,jefferi01,37.0,DEN,SF,20,0.0,8.2,0.6,1.4,0.444,0.1,0.4,0.286,0.5,1.0,0.5,0.481,0.2,0.4,0.571,0.1,0.8,0.9,0.8,0.1,0.1,0.3,0.6,1.5,0
2016,NBA,Richaun Holmes,holmeri01,22.0,PHI,PF,51,1.0,13.8,2.2,4.4,0.514,0.2,0.9,0.182,2.1,3.5,0.596,0.532,1.0,1.5,0.689,1.2,1.4,2.6,0.6,0.4,0.8,0.6,1.8,5.6,0
2017,NBA,Richaun Holmes,holmeri01,23.0,PHI,C,57,17.0,20.9,4.0,7.2,0.558,0.5,1.4,0.351,3.6,5.9,0.606,0.591,1.3,1.8,0.699,1.6,3.8,5.5,1.0,0.7,1.0,1.0,2.4,9.8,0
2018,NBA,Richaun Holmes,holmeri01,24.0,PHI,C,48,2.0,15.5,2.8,5.0,0.56,0.1,0.6,0.129,2.7,4.4,0.624,0.568,0.8,1.2,0.661,1.2,3.2,4.4,1.3,0.4,0.6,0.5,2.0,6.5,0
2019,NBA,Richaun Holmes,holmeri01,25.0,PHO,C,70,4.0,16.9,3.2,5.2,0.608,0.0,0.0,0.0,3.2,5.2,0.608,0.608,1.8,2.5,0.731,1.6,3.1,4.7,0.9,0.6,1.1,0.7,2.8,8.2,0
2020,NBA,Richaun Holmes,holmeri01,26.0,SAC,C,44,38.0,28.2,5.1,7.8,0.648,0.0,0.0,0.0,5.1,7.8,0.648,0.648,2.1,2.7,0.788,2.9,5.3,8.1,1.0,0.9,1.3,1.2,3.8,12.3,0
2021,NBA,Richaun Holmes,holmeri01,27.0,SAC,C,61,61.0,29.2,6.0,9.4,0.637,0.0,0.2,0.182,6.0,9.2,0.645,0.638,2.2,2.8,0.794,2.4,5.9,8.3,1.7,0.6,1.6,1.2,3.5,14.2,0
2022,NBA,Richaun Holmes,holmeri01,28.0,SAC,C,45,37.0,23.9,4.4,6.7,0.66,0.0,0.1,0.4,4.4,6.6,0.664,0.663,1.6,2.0,0.778,2.1,5.0,7.0,1.1,0.4,0.9,1.2,2.8,10.4,0
2023,NBA,Richaun Holmes,holmeri01,29.0,SAC,C,42,1.0,8.3,1.3,2.1,0.618,0.1,0.2,0.625,1.2,1.9,0.617,0.646,0.4,0.5,0.789,0.7,1.2,1.9,0.2,0.1,0.3,0.3,1.2,3.1,0
2024,NBA,Richaun Holmes,holmeri01,30.0,2TM,C,40,10.0,13.9,2.1,3.7,0.558,0.0,0.1,0.333,2.0,3.6,0.563,0.561,0.9,1.2,0.723,1.8,2.8,4.6,0.6,0.3,0.5,0.6,1.9,5.0,0
2024,NBA,Ricky Council IV,councri01,22.0,PHI,SG,32,0.0,9.0,1.7,3.5,0.482,0.4,1.0,0.375,1.3,2.5,0.525,0.536,1.7,2.2,0.746,0.4,1.0,1.4,0.5,0.3,0.0,0.2,0.5,5.4,0
2015,NBA,Ricky Rubio,rubiori01,24.0,MIN,PG,22,22.0,31.5,3.5,10.0,0.356,0.6,2.3,0.255,3.0,7.6,0.387,0.386,2.6,3.2,0.803,0.9,4.8,5.7,8.8,1.7,0.0,2.9,2.7,10.3,0
2016,NBA,Ricky Rubio,rubiori01,25.0,MIN,PG,76,76.0,30.6,2.9,7.7,0.374,0.8,2.5,0.326,2.1,5.2,0.396,0.427,3.5,4.1,0.847,0.5,3.8,4.3,8.7,2.1,0.1,2.5,2.6,10.1,0
2017,NBA,Ricky Rubio,rubiori01,26.0,MIN,PG,75,75.0,32.9,3.5,8.7,0.402,0.8,2.6,0.306,2.7,6.1,0.443,0.448,3.4,3.8,0.891,0.9,3.2,4.1,9.1,1.7,0.1,2.6,2.7,11.1,0
2018,NBA,Ricky Rubio,rubiori01,27.0,UTA,PG,77,77.0,29.3,4.5,10.7,0.418,1.2,3.5,0.352,3.2,7.2,0.451,0.476,2.9,3.3,0.866,0.6,4.0,4.6,5.3,1.6,0.1,2.7,2.7,13.1,0
2019,NBA,Ricky Rubio,rubiori01,28.0,UTA,PG,68,67.0,27.9,4.3,10.7,0.404,1.2,3.7,0.311,3.2,7.0,0.454,0.458,2.9,3.4,0.855,0.5,3.1,3.6,6.1,1.3,0.1,2.6,2.6,12.7,0
2020,NBA,Ricky Rubio,rubiori01,29.0,PHO,PG,65,65.0,31.0,4.4,10.6,0.415,1.2,3.3,0.361,3.2,7.3,0.439,0.471,3.0,3.5,0.863,0.7,4.0,4.7,8.8,1.4,0.2,2.7,2.6,13.0,0
2021,NBA,Ricky Rubio,rubiori01,30.0,MIN,PG,68,51.0,26.1,2.8,7.3,0.388,1.0,3.1,0.308,1.9,4.2,0.447,0.454,1.9,2.2,0.867,0.4,2.9,3.3,6.4,1.4,0.1,1.6,2.0,8.6,0
2022,NBA,Ricky Rubio,rubiori01,31.0,CLE,PG,34,8.0,28.5,4.4,12.1,0.363,1.7,5.1,0.339,2.6,7.0,0.38,0.434,2.6,3.0,0.854,0.4,3.7,4.1,6.6,1.4,0.2,2.6,2.2,13.1,0
2023,NBA,Ricky Rubio,rubiori01,32.0,CLE,PG,33,2.0,17.2,1.8,5.4,0.343,0.6,2.5,0.256,1.2,2.9,0.417,0.402,0.8,1.1,0.8,0.3,1.8,2.1,3.5,0.8,0.2,0.9,1.5,5.2,0
2015,NBA,Robbie Hummel,hummero01,25.0,MIN,SF,45,4.0,16.5,1.8,3.8,0.459,0.4,1.1,0.314,1.4,2.7,0.521,0.506,0.5,0.6,0.828,0.7,2.3,3.0,0.6,0.4,0.2,0.4,1.9,4.4,0
2015,NBA,Robert Covington,covinro01,24.0,PHI,SF,70,49.0,27.9,4.3,10.8,0.396,2.4,6.4,0.374,1.9,4.4,0.426,0.506,2.5,3.1,0.82,0.9,3.6,4.5,1.5,1.4,0.4,1.8,2.7,13.5,0
2016,NBA,Robert Covington,covinro01,25.0,PHI,SF,67,49.0,28.4,4.1,10.6,0.385,2.5,7.2,0.353,1.6,3.4,0.452,0.504,2.1,2.6,0.791,1.0,5.3,6.3,1.4,1.6,0.6,2.1,3.5,12.8,0
2017,NBA,Robert Covington,covinro01,26.0,PHI,SF,67,67.0,31.6,4.4,10.9,0.399,2.0,6.1,0.333,2.3,4.8,0.484,0.492,2.1,2.6,0.822,1.4,5.1,6.5,1.5,1.9,1.0,2.0,3.0,12.9,0
2018,NBA,Robert Covington,covinro01,27.0,PHI,SF,80,80.0,31.7,4.3,10.5,0.413,2.5,6.9,0.369,1.8,3.6,0.497,0.534,1.5,1.7,0.853,0.7,4.7,5.4,2.0,1.7,0.9,1.6,3.0,12.6,0
2019,NBA,Robert Covington,covinro01,28.0,2TM,SF,35,35.0,34.4,4.5,10.3,0.431,2.4,6.4,0.378,2.0,3.9,0.518,0.548,1.9,2.5,0.764,0.8,4.7,5.5,1.3,2.1,1.3,1.3,3.6,13.3,0
2020,NBA,Robert Covington,covinro01,29.0,2TM,C,70,68.0,30.5,4.4,10.3,0.422,2.3,6.9,0.335,2.1,3.5,0.593,0.533,1.4,1.8,0.798,0.9,5.7,6.6,1.3,1.6,1.3,1.5,3.1,12.4,0
2021,NBA,Robert Covington,covinro01,30.0,POR,PF,70,70.0,32.0,2.9,7.3,0.401,1.9,5.1,0.379,1.0,2.2,0.451,0.533,0.7,0.9,0.806,0.9,5.8,6.7,1.7,1.4,1.2,0.9,2.8,8.5,0
2022,NBA,Robert Covington,covinro01,31.0,2TM,PF,71,42.0,27.3,2.9,7.0,0.42,1.8,4.8,0.378,1.1,2.2,0.509,0.548,0.8,1.0,0.841,0.8,4.7,5.5,1.3,1.5,1.3,1.1,2.7,8.5,0
2023,NBA,Robert Covington,covinro01,32.0,LAC,PF,48,0.0,16.2,2.1,4.8,0.445,1.1,2.8,0.397,1.0,1.9,0.516,0.563,0.6,0.8,0.75,0.6,2.8,3.5,1.2,0.8,0.7,0.7,1.8,6.0,0
2024,NBA,Robert Covington,covinro01,33.0,2TM,PF,29,6.0,16.8,1.5,3.4,0.439,0.7,1.9,0.339,0.8,1.4,0.571,0.536,0.8,0.9,0.846,1.1,2.3,3.3,0.8,1.3,0.6,0.4,1.9,4.4,0
2015,NBA,Robert Sacre,sacrero01,25.0,LAL,C,67,18.0,16.9,1.9,4.6,0.412,0.0,0.0,0.0,1.9,4.6,0.413,0.412,0.8,1.2,0.671,1.3,2.1,3.5,0.8,0.4,0.6,0.5,1.8,4.6,0
2016,NBA,Robert Sacre,sacrero01,26.0,LAL,C,25,1.0,12.8,1.2,3.0,0.413,0.0,0.0,0.0,1.2,3.0,0.413,0.413,1.0,1.5,0.658,1.3,1.6,2.9,0.6,0.2,0.4,0.5,1.7,3.5,0
2019,NBA,Robert Williams,williro04,21.0,BOS,C,32,2.0,8.8,1.1,1.6,0.706,0.0,0.0,0.0,1.1,1.6,0.706,0.706,0.3,0.5,0.6,0.8,1.7,2.5,0.2,0.3,1.3,0.3,1.1,2.5,0
2020,NBA,Robert Williams,williro04,22.0,BOS,C,29,1.0,13.4,2.2,3.0,0.727,0.0,0.0,0.0,2.2,3.0,0.727,0.727,0.8,1.2,0.647,1.4,3.0,4.4,0.9,0.8,1.2,0.7,1.8,5.2,0
2021,NBA,Robert Williams,williro04,23.0,BOS,C,52,13.0,18.9,3.6,5.0,0.721,0.0,0.0,0.0,3.6,4.9,0.727,0.721,0.9,1.4,0.616,2.6,4.3,6.9,1.8,0.8,1.8,1.0,2.0,8.0,0
2022,NBA,Robert Williams,williro04,24.0,BOS,C,61,61.0,29.6,4.4,6.0,0.736,0.0,0.0,0.0,4.4,6.0,0.738,0.736,1.1,1.5,0.722,3.9,5.7,9.6,2.0,0.9,2.2,1.0,2.2,10.0,0
2023,NBA,Robert Williams,williro04,25.0,BOS,C,35,20.0,23.5,3.6,4.9,0.747,0.0,0.0,0.0,3.6,4.8,0.751,0.747,0.7,1.2,0.61,3.0,5.4,8.3,1.4,0.6,1.4,1.0,1.9,8.0,0
2015,NBA,Robin Lopez,lopezro01,26.0,POR,C,59,59.0,27.8,4.0,7.4,0.535,0.0,0.0,0.0,4.0,7.4,0.537,0.535,1.7,2.2,0.772,3.2,3.5,6.7,0.9,0.3,1.4,1.2,2.1,9.6,0
2016,NBA,Robin Lopez,lopezro01,27.0,NYK,C,82,82.0,27.1,4.4,8.1,0.539,0.0,0.0,0.0,4.4,8.1,0.54,0.539,1.6,2.0,0.795,3.3,4.1,7.3,1.4,0.2,1.6,1.6,2.2,10.3,0
2017,NBA,Robin Lopez,lopezro01,28.0,CHI,C,81,81.0,28.0,4.7,9.6,0.493,0.0,0.0,0.0,4.7,9.5,0.494,0.493,0.9,1.3,0.721,3.0,3.4,6.4,1.0,0.2,1.4,1.1,1.9,10.4,0
2018,NBA,Robin Lopez,lopezro01,29.0,CHI,C,64,64.0,26.4,5.3,10.1,0.53,0.1,0.2,0.286,5.3,9.9,0.536,0.533,1.1,1.4,0.756,2.1,2.4,4.5,1.9,0.2,0.8,1.7,1.7,11.8,0
2019,NBA,Robin Lopez,lopezro01,30.0,CHI,C,74,36.0,21.7,4.1,7.2,0.568,0.1,0.4,0.226,4.0,6.8,0.589,0.575,1.2,1.7,0.724,1.9,2.0,3.9,1.2,0.1,1.1,1.3,1.7,9.5,0
2020,NBA,Robin Lopez,lopezro01,31.0,MIL,C,66,5.0,14.5,2.2,4.5,0.492,0.5,1.6,0.333,1.7,2.9,0.577,0.55,0.4,0.8,0.528,0.8,1.6,2.4,0.7,0.2,0.7,1.0,1.5,5.4,0
2021,NBA,Robin Lopez,lopezro01,32.0,WAS,C,71,9.0,19.1,3.8,6.0,0.633,0.1,0.3,0.278,3.7,5.7,0.649,0.639,1.4,1.9,0.723,2.0,1.8,3.8,0.8,0.2,0.6,1.1,1.5,9.0,0
2022,NBA,Robin Lopez,lopezro01,33.0,ORL,C,36,9.0,17.0,3.1,5.5,0.553,0.1,0.2,0.333,3.0,5.4,0.56,0.558,0.9,1.5,0.593,1.9,1.6,3.5,1.5,0.1,0.5,1.2,1.9,7.1,0
2023,NBA,Robin Lopez,lopezro01,34.0,CLE,C,37,2.0,8.1,1.3,2.0,0.64,0.1,0.1,0.5,1.2,1.9,0.648,0.653,0.4,0.5,0.778,0.6,0.8,1.4,0.5,0.1,0.2,0.7,1.2,3.0,0
2019,NBA,Rodions Kurucs,kurucro01,20.0,BRK,SF,63,46.0,20.5,3.2,7.1,0.45,0.9,2.9,0.315,2.3,4.2,0.543,0.514,1.1,1.5,0.783,0.9,3.0,3.9,0.8,0.7,0.4,1.2,2.3,8.5,0
2020,NBA,Rodions Kurucs,kurucro01,21.0,BRK,PF,47,9.0,14.6,1.7,3.8,0.446,0.7,1.9,0.367,1.0,1.9,0.529,0.54,0.5,0.8,0.632,0.5,2.4,2.9,1.1,0.5,0.1,1.0,1.9,4.6,0
2021,NBA,Rodions Kurucs,kurucro01,22.0,3TM,SF,21,0.0,6.0,0.5,1.5,0.344,0.3,1.0,0.286,0.2,0.5,0.455,0.438,0.1,0.2,0.75,0.2,0.9,1.1,0.5,0.4,0.2,0.6,0.8,1.5,0
2015,NBA,Rodney Hood,hoodro01,22.0,UTA,SG,50,21.0,21.3,3.1,7.5,0.414,1.2,3.4,0.365,1.9,4.1,0.456,0.497,1.2,1.6,0.763,0.2,2.2,2.3,1.7,0.6,0.2,0.9,2.4,8.7,0
2016,NBA,Rodney Hood,hoodro01,23.0,UTA,SG,79,79.0,32.2,5.2,12.3,0.42,2.0,5.7,0.359,3.1,6.6,0.472,0.503,2.2,2.5,0.86,0.5,2.9,3.4,2.7,0.9,0.2,1.6,2.6,14.5,0
2017,NBA,Rodney Hood,hoodro01,24.0,UTA,SG,59,55.0,27.0,4.6,11.3,0.408,1.9,5.2,0.371,2.7,6.1,0.44,0.494,1.5,1.9,0.783,0.3,3.2,3.4,1.6,0.6,0.2,1.1,2.2,12.7,0
2018,NBA,Rodney Hood,hoodro01,25.0,2TM,SG,60,23.0,26.9,5.4,12.5,0.429,2.1,5.6,0.381,3.3,7.0,0.467,0.513,1.9,2.2,0.86,0.4,2.4,2.8,1.6,0.8,0.2,1.2,1.8,14.7,0
2019,NBA,Rodney Hood,hoodro01,26.0,2TM,SG,72,49.0,26.3,4.1,9.3,0.435,1.2,3.3,0.356,2.9,6.0,0.478,0.498,1.9,2.2,0.884,0.3,1.8,2.2,1.8,0.8,0.2,0.8,2.0,11.2,0
2020,NBA,Rodney Hood,hoodro01,27.0,POR,SF,21,21.0,29.5,4.1,8.2,0.506,1.7,3.4,0.493,2.5,4.8,0.515,0.608,1.0,1.3,0.778,0.5,3.0,3.4,1.5,0.8,0.2,0.9,2.2,11.0,0
2021,NBA,Rodney Hood,hoodro01,28.0,2TM,SF,55,5.0,17.1,1.7,4.7,0.362,0.6,2.1,0.301,1.1,2.7,0.408,0.427,0.4,0.5,0.857,0.4,1.5,1.9,1.0,0.4,0.1,0.7,1.3,4.5,0
2022,NBA,Rodney Hood,hoodro01,29.0,2TM,SF,52,0.0,13.6,1.1,3.0,0.369,0.6,1.8,0.33,0.5,1.3,0.424,0.465,0.3,0.4,0.895,0.3,1.2,1.5,0.7,0.3,0.1,0.2,0.6,3.1,0
2017,NBA,Rodney McGruder,mcgruro01,25.0,MIA,SG,78,65.0,25.2,2.4,5.9,0.413,0.9,2.8,0.332,1.5,3.1,0.488,0.492,0.6,0.9,0.62,1.2,2.1,3.3,1.6,0.6,0.2,0.7,1.8,6.4,0
2019,NBA,Rodney McGruder,mcgruro01,27.0,MIA,SG,66,45.0,23.5,2.8,7.0,0.403,1.2,3.4,0.351,1.6,3.6,0.453,0.489,0.8,1.1,0.722,0.9,2.7,3.6,1.7,0.5,0.2,1.0,1.7,7.6,0
2020,NBA,Rodney McGruder,mcgruro01,28.0,LAC,SG,56,4.0,15.6,1.3,3.2,0.398,0.4,1.6,0.27,0.9,1.6,0.522,0.464,0.3,0.6,0.559,0.5,2.2,2.7,0.6,0.5,0.1,0.4,1.3,3.3,0
2022,NBA,Rodney McGruder,mcgruro01,30.0,DET,SG,51,2.0,14.8,1.9,4.4,0.436,1.1,2.9,0.397,0.8,1.5,0.506,0.564,0.4,0.5,0.731,0.6,1.6,2.2,0.9,0.4,0.1,0.5,1.1,5.4,0
2023,NBA,Rodney McGruder,mcgruro01,31.0,DET,SG,32,12.0,16.4,1.9,4.8,0.408,1.3,3.0,0.423,0.7,1.7,0.382,0.543,0.6,0.7,0.818,0.6,1.7,2.3,0.9,0.5,0.0,0.3,1.2,5.7,0
2015,NBA,Rodney Stuckey,stuckro01,28.0,IND,PG,71,36.0,26.4,4.7,10.6,0.44,0.8,2.0,0.39,3.9,8.6,0.452,0.477,2.5,3.0,0.819,0.5,3.0,3.5,3.1,0.8,0.1,1.7,1.8,12.6,0
2016,NBA,Rodney Stuckey,stuckro01,29.0,IND,PG,58,1.0,22.0,3.2,7.6,0.413,0.3,1.4,0.241,2.8,6.2,0.453,0.436,2.3,2.7,0.829,0.3,2.4,2.7,2.4,0.7,0.1,1.3,1.3,8.9,0
2017,NBA,Rodney Stuckey,stuckro01,30.0,IND,PG,39,0.0,17.8,2.3,6.3,0.373,0.5,1.5,0.317,1.8,4.7,0.391,0.412,2.1,2.7,0.748,0.2,2.0,2.2,2.2,0.4,0.0,1.4,1.1,7.2,0
2020,NBA,Romeo Langford,langfro01,20.0,BOS,SG,32,2.0,11.6,0.9,2.5,0.35,0.2,0.8,0.185,0.7,1.7,0.434,0.381,0.6,0.8,0.72,0.5,0.8,1.3,0.4,0.3,0.3,0.3,1.0,2.5,0
2022,NBA,Romeo Langford,langfro01,22.0,2TM,SG,48,5.0,16.1,1.7,4.0,0.435,0.6,1.8,0.341,1.1,2.2,0.509,0.51,0.5,0.9,0.548,0.6,1.6,2.3,0.4,0.5,0.3,0.3,1.0,4.5,0
2023,NBA,Romeo Langford,langfro01,23.0,SAS,SG,43,21.0,19.6,2.8,6.0,0.467,0.4,1.4,0.262,2.4,4.6,0.53,0.498,0.9,1.3,0.696,1.3,1.3,2.7,1.2,0.6,0.3,0.7,1.6,6.9,0
2017,NBA,Ron Baker,bakerro01,23.0,NYK,SG,52,13.0,16.5,1.6,4.2,0.378,0.4,1.7,0.267,1.1,2.5,0.45,0.431,0.5,0.8,0.651,0.2,1.7,1.9,2.1,0.7,0.2,1.1,1.4,4.1,0
2018,NBA,Ron Baker,bakerro01,24.0,NYK,SG,29,1.0,13.3,0.7,2.0,0.339,0.4,1.1,0.333,0.3,0.9,0.346,0.432,0.7,0.9,0.769,0.2,0.9,1.0,1.6,0.9,0.2,0.6,1.1,2.4,0
2016,NBA,Rondae Hollis-Jefferson,holliro01,21.0,BRK,SF,29,17.0,21.2,2.2,4.8,0.457,0.1,0.5,0.286,2.0,4.3,0.476,0.471,1.3,1.8,0.712,1.3,4.0,5.3,1.5,1.3,0.6,0.9,2.1,5.8,0
2017,NBA,Rondae Hollis-Jefferson,holliro01,22.0,BRK,SF,78,50.0,22.6,3.0,6.9,0.434,0.2,0.9,0.224,2.8,6.1,0.463,0.447,2.4,3.2,0.751,1.2,4.6,5.8,2.0,1.1,0.6,1.5,2.3,8.7,0
2018,NBA,Rondae Hollis-Jefferson,holliro01,23.0,BRK,SF,68,59.0,28.2,5.0,10.6,0.472,0.2,0.8,0.241,4.8,9.9,0.491,0.481,3.7,4.6,0.788,1.5,5.3,6.8,2.5,1.0,0.7,1.8,2.1,13.9,0
2019,NBA,Rondae Hollis-Jefferson,holliro01,24.0,BRK,SF,59,21.0,20.9,3.4,8.3,0.411,0.2,0.8,0.184,3.2,7.4,0.436,0.42,2.0,3.1,0.645,1.4,3.8,5.3,1.6,0.7,0.5,1.2,1.8,8.9,0
2020,NBA,Rondae Hollis-Jefferson,holliro01,25.0,TOR,PF,60,6.0,18.7,2.6,5.5,0.471,0.1,0.4,0.13,2.5,5.1,0.497,0.476,1.8,2.4,0.734,1.8,2.9,4.7,1.8,0.8,0.4,1.0,1.9,7.0,0
2015,NBA,Ronnie Price,pricero01,31.0,LAL,PG,43,20.0,22.8,1.8,5.2,0.345,0.7,2.5,0.284,1.1,2.7,0.404,0.415,0.8,1.0,0.8,0.4,1.2,1.6,3.8,1.6,0.1,1.2,2.7,5.1,0
2016,NBA,Ronnie Price,pricero01,32.0,PHO,PG,62,18.0,19.5,1.9,4.9,0.384,1.1,3.2,0.347,0.8,1.7,0.453,0.497,0.5,0.7,0.756,0.4,1.2,1.6,2.4,1.2,0.2,1.1,2.6,5.3,0
2015,NBA,Roy Hibbert,hibbero01,28.0,IND,C,76,76.0,25.3,4.2,9.3,0.446,0.0,0.0,0.0,4.2,9.3,0.448,0.446,2.2,2.7,0.824,2.1,5.1,7.1,1.1,0.2,1.6,1.4,2.8,10.6,0
2016,NBA,Roy Hibbert,hibbero01,29.0,LAL,C,81,81.0,23.2,2.2,5.1,0.443,0.0,0.0,0.0,2.2,5.0,0.445,0.443,1.4,1.8,0.807,1.6,3.3,4.9,1.2,0.4,1.4,0.9,3.1,5.9,0
2017,NBA,Roy Hibbert,hibbero01,30.0,2TM,C,48,13.0,14.2,1.7,3.1,0.544,0.0,0.0,0.0,1.7,3.1,0.544,0.544,1.3,1.6,0.813,1.1,2.0,3.2,0.4,0.2,1.0,0.7,2.1,4.6,0
2018,NBA,Royce O'Neale,onealro01,24.0,UTA,SF,69,4.0,16.7,1.7,4.1,0.423,0.6,1.7,0.356,1.1,2.4,0.47,0.496,0.9,1.1,0.803,0.4,3.1,3.4,1.4,0.5,0.2,0.8,1.5,5.0,0
2019,NBA,Royce O'Neale,onealro01,25.0,UTA,SF,82,16.0,20.4,2.0,4.2,0.475,0.8,2.1,0.386,1.2,2.0,0.569,0.574,0.4,0.5,0.762,0.3,3.2,3.5,1.5,0.7,0.3,0.9,2.1,5.2,0
2020,NBA,Royce O'Neale,onealro01,26.0,UTA,SF,71,62.0,28.9,2.2,5.1,0.433,1.3,3.4,0.377,0.9,1.7,0.545,0.559,0.6,0.8,0.764,0.4,5.1,5.5,2.5,0.8,0.5,0.9,2.8,6.3,0
2021,NBA,Royce O'Neale,onealro01,27.0,UTA,SF,71,71.0,31.6,2.5,5.5,0.444,1.5,3.9,0.385,1.0,1.6,0.586,0.58,0.5,0.6,0.848,1.2,5.6,6.8,2.5,0.8,0.5,1.2,2.6,7.0,0
2022,NBA,Royce O'Neale,onealro01,28.0,UTA,SF,77,77.0,31.2,2.6,5.8,0.457,1.5,4.0,0.389,1.1,1.8,0.609,0.591,0.6,0.7,0.804,0.8,3.9,4.8,2.5,1.1,0.4,1.0,2.4,7.4,0
2023,NBA,Royce O'Neale,onealro01,29.0,BRK,SF,76,53.0,31.7,3.0,7.8,0.386,2.1,5.5,0.389,0.9,2.3,0.379,0.524,0.7,0.9,0.725,0.7,4.3,5.1,3.7,0.9,0.6,1.5,3.1,8.8,0
2024,NBA,Royce O'Neale,onealro01,30.0,2TM,SF,79,14.0,24.7,2.7,6.8,0.397,2.0,5.3,0.37,0.7,1.5,0.496,0.542,0.3,0.4,0.686,0.8,4.0,4.8,2.8,0.7,0.6,0.9,2.2,7.7,0
2015,NBA,Rudy Gay,gayru01,28.0,SAC,SF,68,67.0,35.4,7.5,16.4,0.455,1.2,3.2,0.359,6.3,13.2,0.479,0.491,5.0,5.8,0.858,1.4,4.4,5.9,3.7,1.0,0.6,2.7,2.3,21.1,0
2016,NBA,Rudy Gay,gayru01,29.0,SAC,SF,70,70.0,34.0,6.7,14.4,0.463,1.1,3.1,0.344,5.6,11.3,0.495,0.5,2.8,3.6,0.78,1.5,5.0,6.5,1.7,1.4,0.7,2.0,2.6,17.2,0
2017,NBA,Rudy Gay,gayru01,30.0,SAC,SF,30,30.0,33.8,6.7,14.7,0.455,1.4,3.8,0.372,5.3,11.0,0.483,0.502,3.9,4.6,0.855,1.2,5.2,6.3,2.8,1.5,0.9,2.5,2.6,18.7,0
2018,NBA,Rudy Gay,gayru01,31.0,SAS,PF,57,6.0,21.6,4.4,9.4,0.471,0.6,2.1,0.314,3.8,7.4,0.516,0.506,2.0,2.5,0.772,1.3,3.8,5.1,1.3,0.8,0.7,1.4,1.7,11.5,0
2019,NBA,Rudy Gay,gayru01,32.0,SAS,PF,69,51.0,26.7,5.4,10.8,0.504,1.1,2.7,0.402,4.4,8.1,0.537,0.554,1.7,2.1,0.816,0.9,5.9,6.8,2.6,0.8,0.5,1.7,2.3,13.7,0
2020,NBA,Rudy Gay,gayru01,33.0,SAS,PF,67,5.0,21.8,4.0,8.9,0.446,1.1,3.3,0.336,2.9,5.6,0.511,0.508,1.8,2.0,0.882,0.9,4.5,5.4,1.7,0.5,0.5,1.3,1.5,10.8,0
2021,NBA,Rudy Gay,gayru01,34.0,SAS,PF,63,1.0,21.6,4.2,10.0,0.42,1.7,4.4,0.381,2.5,5.6,0.451,0.505,1.3,1.6,0.804,0.7,4.1,4.8,1.4,0.7,0.6,1.0,1.8,11.4,0
2022,NBA,Rudy Gay,gayru01,35.0,UTA,PF,55,1.0,18.9,2.9,6.9,0.414,1.3,3.7,0.345,1.6,3.2,0.494,0.507,1.1,1.4,0.785,1.0,3.4,4.4,1.0,0.5,0.3,0.9,1.7,8.1,0
2023,NBA,Rudy Gay,gayru01,36.0,UTA,PF,56,0.0,14.6,1.9,5.1,0.38,0.6,2.3,0.254,1.4,2.8,0.484,0.437,0.8,0.9,0.857,0.6,2.3,2.9,1.0,0.3,0.3,0.7,1.2,5.2,0
2015,NBA,Rudy Gobert,goberru01,22.0,UTA,C,82,37.0,26.3,3.1,5.2,0.604,0.0,0.0,0.0,3.1,5.2,0.607,0.604,2.1,3.3,0.623,3.2,6.2,9.5,1.3,0.8,2.3,1.4,2.1,8.4,0
2016,NBA,Rudy Gobert,goberru01,23.0,UTA,C,61,60.0,31.7,3.2,5.8,0.559,0.0,0.0,0.0,3.2,5.8,0.559,0.559,2.6,4.6,0.569,3.4,7.5,11.0,1.5,0.7,2.2,1.9,2.7,9.1,0
2017,NBA,Rudy Gobert,goberru01,24.0,UTA,C,81,81.0,33.9,5.1,7.7,0.661,0.0,0.0,0.0,5.1,7.7,0.662,0.661,3.8,5.9,0.653,3.9,8.9,12.8,1.2,0.6,2.6,1.8,3.0,14.0,0
2018,NBA,Rudy Gobert,goberru01,25.0,UTA,C,56,56.0,32.4,4.9,7.9,0.622,0.0,0.0,0.0,4.9,7.9,0.622,0.622,3.6,5.3,0.682,2.9,7.8,10.7,1.4,0.8,2.3,1.9,2.7,13.5,0
2019,NBA,Rudy Gobert,goberru01,26.0,UTA,C,81,80.0,31.8,5.9,8.8,0.669,0.0,0.0,0.0,5.9,8.8,0.669,0.669,4.1,6.4,0.636,3.8,9.0,12.9,2.0,0.8,2.3,1.6,2.9,15.9,0
2020,NBA,Rudy Gobert,goberru01,27.0,UTA,C,68,68.0,34.3,5.7,8.2,0.693,0.0,0.0,0.0,5.7,8.2,0.693,0.693,3.7,5.9,0.63,3.4,10.1,13.5,1.5,0.8,2.0,1.9,3.2,15.1,1
2021,NBA,Rudy Gobert,goberru01,28.0,UTA,C,71,71.0,30.8,5.5,8.2,0.675,0.0,0.1,0.0,5.5,8.1,0.68,0.675,3.3,5.3,0.623,3.4,10.1,13.5,1.3,0.6,2.7,1.7,2.3,14.3,1
2022,NBA,Rudy Gobert,goberru01,29.0,UTA,C,66,66.0,32.1,5.5,7.7,0.713,0.0,0.1,0.0,5.5,7.6,0.718,0.713,4.6,6.7,0.69,3.7,11.0,14.7,1.1,0.7,2.1,1.8,2.7,15.6,1
2023,NBA,Rudy Gobert,goberru01,30.0,MIN,C,70,70.0,30.7,5.1,7.8,0.659,0.0,0.0,0.0,5.1,7.8,0.663,0.659,3.1,4.9,0.644,3.3,8.3,11.6,1.2,0.8,1.4,1.7,3.0,13.4,0
2024,NBA,Rudy Gobert,goberru01,31.0,MIN,C,76,76.0,34.1,5.3,8.1,0.661,0.0,0.0,0.0,5.3,8.0,0.664,0.661,3.3,5.1,0.638,3.8,9.2,12.9,1.3,0.7,2.1,1.6,3.1,14.0,0
2020,NBA,Rui Hachimura,hachiru01,21.0,WAS,PF,48,48.0,30.1,5.3,11.4,0.466,0.5,1.8,0.287,4.8,9.5,0.5,0.489,2.4,2.9,0.829,1.6,4.5,6.1,1.8,0.8,0.2,1.1,2.2,13.5,0
2021,NBA,Rui Hachimura,hachiru01,22.0,WAS,PF,57,57.0,31.5,5.4,11.4,0.478,0.8,2.4,0.328,4.6,9.0,0.519,0.513,2.2,2.8,0.77,0.9,4.6,5.5,1.4,0.8,0.1,1.2,2.1,13.8,0
2022,NBA,Rui Hachimura,hachiru01,23.0,WAS,PF,42,13.0,22.5,4.5,9.1,0.491,1.3,2.9,0.447,3.1,6.1,0.512,0.563,1.1,1.6,0.697,0.6,3.2,3.8,1.1,0.5,0.2,0.8,1.3,11.3,0
2023,NBA,Rui Hachimura,hachiru01,24.0,2TM,PF,63,9.0,23.3,4.5,9.3,0.486,0.8,2.5,0.319,3.7,6.7,0.55,0.53,1.4,1.9,0.739,0.8,3.7,4.5,0.9,0.3,0.4,0.8,1.1,11.2,0
2024,NBA,Rui Hachimura,hachiru01,25.0,LAL,PF,68,39.0,26.9,5.3,9.9,0.537,1.4,3.4,0.422,3.9,6.5,0.597,0.609,1.5,2.0,0.739,0.9,3.5,4.3,1.2,0.6,0.4,0.7,1.5,13.6,0
2015,NBA,Russell Westbrook,westbru01,26.0,OKC,PG,67,67.0,34.4,9.4,22.0,0.426,1.3,4.3,0.299,8.1,17.7,0.457,0.455,8.1,9.8,0.835,1.9,5.4,7.3,8.6,2.1,0.2,4.4,2.7,28.1,1
2016,NBA,Russell Westbrook,westbru01,27.0,OKC,PG,80,80.0,34.4,8.2,18.1,0.454,1.3,4.3,0.296,6.9,13.8,0.503,0.489,5.8,7.2,0.812,1.8,6.0,7.8,10.4,2.0,0.3,4.3,2.5,23.5,1
2017,NBA,Russell Westbrook,westbru01,28.0,OKC,PG,81,81.0,34.6,10.2,24.0,0.425,2.5,7.2,0.343,7.7,16.8,0.459,0.476,8.8,10.4,0.845,1.7,9.0,10.7,10.4,1.6,0.4,5.4,2.3,31.6,1
2018,NBA,Russell Westbrook,westbru01,29.0,OKC,PG,80,80.0,36.4,9.5,21.1,0.449,1.2,4.1,0.298,8.3,17.0,0.485,0.477,5.2,7.1,0.737,1.9,8.2,10.1,10.3,1.8,0.3,4.8,2.5,25.4,1
2019,NBA,Russell Westbrook,westbru01,30.0,OKC,PG,73,73.0,36.0,8.6,20.2,0.428,1.6,5.6,0.29,7.0,14.5,0.481,0.468,4.1,6.2,0.656,1.5,9.6,11.1,10.7,1.9,0.5,4.5,3.4,22.9,1
2020,NBA,Russell Westbrook,westbru01,31.0,HOU,PG,57,57.0,35.9,10.6,22.5,0.472,1.0,3.7,0.258,9.6,18.7,0.514,0.493,5.1,6.7,0.763,1.8,6.2,7.9,7.0,1.6,0.4,4.5,3.5,27.2,1
2021,NBA,Russell Westbrook,westbru01,32.0,WAS,PG,65,65.0,36.4,8.4,19.0,0.439,1.3,4.2,0.315,7.0,14.8,0.475,0.474,4.2,6.4,0.656,1.7,9.9,11.5,11.7,1.4,0.4,4.8,2.9,22.2,0
2022,NBA,Russell Westbrook,westbru01,33.0,LAL,PG,78,78.0,34.3,7.0,15.8,0.444,1.0,3.4,0.298,6.0,12.4,0.485,0.476,3.4,5.1,0.667,1.4,6.0,7.4,7.1,1.0,0.3,3.8,3.0,18.5,0
2023,NBA,Russell Westbrook,westbru01,34.0,2TM,PG,73,24.0,29.1,5.9,13.6,0.436,1.2,3.9,0.311,4.7,9.7,0.487,0.481,2.8,4.3,0.656,1.2,4.6,5.8,7.5,1.0,0.5,3.5,2.2,15.9,0
2024,NBA,Russell Westbrook,westbru01,35.0,LAC,PG,68,11.0,22.5,4.4,9.8,0.454,0.6,2.3,0.273,3.8,7.5,0.509,0.486,1.6,2.4,0.688,1.4,3.7,5.0,4.5,1.1,0.3,2.1,1.8,11.1,0
2015,NBA,Ryan Anderson,anderry01,26.0,NOP,PF,61,5.0,27.5,4.8,12.0,0.399,2.0,5.9,0.34,2.8,6.1,0.457,0.483,2.1,2.5,0.854,1.8,3.1,4.8,0.9,0.5,0.3,1.0,1.9,13.7,0
2016,NBA,Ryan Anderson,anderry01,27.0,NOP,PF,66,7.0,30.4,6.0,14.1,0.427,2.0,5.4,0.366,4.0,8.7,0.466,0.498,3.0,3.5,0.873,2.0,4.0,6.0,1.1,0.6,0.4,1.4,1.7,17.0,0
2017,NBA,Ryan Anderson,anderry01,28.0,HOU,PF,72,72.0,29.4,4.5,10.7,0.418,2.8,7.0,0.403,1.7,3.7,0.446,0.55,1.8,2.1,0.86,1.6,3.0,4.6,0.9,0.4,0.2,0.8,2.0,13.6,0
2018,NBA,Ryan Anderson,anderry01,29.0,HOU,PF,66,50.0,26.1,3.1,7.3,0.431,2.0,5.1,0.386,1.2,2.1,0.539,0.568,1.1,1.4,0.774,1.4,3.6,5.0,0.9,0.4,0.3,0.6,1.9,9.3,0
2019,NBA,Ryan Anderson,anderry01,30.0,2TM,PF,25,8.0,12.9,0.8,2.8,0.304,0.4,1.6,0.225,0.5,1.2,0.414,0.37,0.5,0.6,0.75,0.7,1.4,2.2,0.8,0.2,0.0,0.6,1.0,2.5,0
2018,NBA,Ryan Arcidiacono,arcidry01,23.0,CHI,PG,24,0.0,12.7,0.7,1.7,0.415,0.4,1.3,0.29,0.3,0.4,0.8,0.524,0.2,0.3,0.833,0.0,1.0,1.0,1.5,0.5,0.0,0.5,0.8,2.0,0
2019,NBA,Ryan Arcidiacono,arcidry01,24.0,CHI,PG,81,32.0,24.2,2.3,5.2,0.447,1.0,2.7,0.373,1.3,2.5,0.527,0.544,1.1,1.3,0.873,0.3,2.4,2.7,3.3,0.8,0.0,0.8,2.1,6.7,0
2020,NBA,Ryan Arcidiacono,arcidry01,25.0,CHI,PG,58,4.0,16.0,1.6,3.8,0.409,0.9,2.4,0.391,0.6,1.4,0.439,0.532,0.5,0.7,0.711,0.3,1.6,1.9,1.7,0.5,0.1,0.6,1.7,4.5,0
2021,NBA,Ryan Arcidiacono,arcidry01,26.0,CHI,PG,44,0.0,10.2,1.1,2.7,0.419,0.6,1.5,0.373,0.5,1.1,0.48,0.526,0.3,0.5,0.65,0.1,1.4,1.5,1.3,0.2,0.0,0.2,1.1,3.1,0
2023,NBA,Ryan Arcidiacono,arcidry01,28.0,2TM,PG,20,4.0,8.6,0.5,1.9,0.243,0.4,1.2,0.348,0.1,0.7,0.071,0.351,0.0,0.0,0.0,0.0,0.8,0.8,1.2,0.3,0.0,0.4,0.9,1.3,0
2024,NBA,Ryan Arcidiacono,arcidry01,29.0,NYK,PG,20,0.0,2.3,0.0,0.3,0.0,0.0,0.3,0.0,0.0,0.0,0.0,0.0,0.0,0.0,0.0,0.0,0.4,0.4,0.2,0.1,0.0,0.1,0.3,0.0,0
2019,NBA,Ryan Broekhoff,broekry01,28.0,DAL,SG,42,0.0,10.8,1.4,3.0,0.452,0.9,2.2,0.409,0.5,0.8,0.576,0.603,0.4,0.5,0.789,0.2,1.3,1.5,0.5,0.1,0.1,0.4,0.8,4.0,0
2015,NBA,Ryan Hollins,holliry01,30.0,SAC,C,46,9.0,9.6,1.2,1.8,0.646,0.0,0.0,0.0,1.2,1.8,0.646,0.646,0.7,1.2,0.574,0.8,1.5,2.2,0.3,0.1,0.4,0.5,1.4,3.0,0
2016,NBA,Ryan Hollins,holliry01,31.0,2TM,C,37,12.0,12.4,1.3,2.1,0.62,0.0,0.0,0.0,1.3,2.1,0.62,0.62,0.7,1.1,0.619,1.3,1.4,2.6,0.3,0.2,0.6,0.6,1.7,3.4,0
2015,NBA,Ryan Kelly,kellyry01,23.0,LAL,PF,52,34.0,23.7,2.0,5.9,0.337,0.9,2.6,0.336,1.1,3.4,0.337,0.409,1.5,1.8,0.832,0.3,2.6,2.8,1.8,0.6,0.5,0.7,2.3,6.4,0
2016,NBA,Ryan Kelly,kellyry01,24.0,LAL,PF,36,0.0,13.1,1.5,4.1,0.369,0.1,1.0,0.135,1.4,3.1,0.446,0.386,1.0,1.5,0.685,0.6,2.8,3.4,0.6,0.4,0.3,0.5,1.1,4.2,0
2021,NBA,Saben Lee,leesa01,21.0,DET,PG,48,7.0,16.3,2.1,4.4,0.471,0.2,0.5,0.348,1.9,3.9,0.487,0.49,1.3,1.9,0.685,0.4,1.6,2.0,3.6,0.7,0.3,1.1,1.6,5.6,0
2022,NBA,Saben Lee,leesa01,22.0,DET,PG,37,0.0,16.3,1.9,4.8,0.39,0.4,1.6,0.233,1.5,3.2,0.47,0.429,1.5,1.9,0.789,0.5,1.9,2.4,2.9,1.0,0.3,1.0,1.2,5.6,0
2023,NBA,Saben Lee,leesa01,23.0,2TM,PG,25,1.0,14.9,2.0,4.8,0.405,0.4,1.2,0.367,1.5,3.6,0.418,0.45,1.7,2.3,0.737,0.5,1.3,1.8,2.7,0.8,0.0,1.0,1.3,6.0,0
2024,NBA,Saben Lee,leesa01,24.0,PHO,PG,24,0.0,7.7,0.8,2.3,0.364,0.1,0.7,0.125,0.8,1.6,0.462,0.382,1.2,1.6,0.744,0.4,0.9,1.3,1.3,0.3,0.1,0.3,0.5,3.0,0
2021,NBA,Saddiq Bey,beysa01,21.0,DET,SF,70,53.0,27.3,4.0,9.9,0.404,2.5,6.6,0.38,1.5,3.3,0.45,0.53,1.8,2.1,0.844,0.6,3.9,4.5,1.4,0.7,0.2,0.9,1.6,12.2,0
2022,NBA,Saddiq Bey,beysa01,22.0,DET,SF,82,82.0,33.0,5.5,13.9,0.396,2.6,7.4,0.346,2.9,6.4,0.454,0.489,2.6,3.1,0.827,1.3,4.1,5.4,2.8,0.9,0.2,1.2,1.6,16.1,0
2023,NBA,Saddiq Bey,beysa01,23.0,2TM,SF,77,37.0,27.6,4.6,10.9,0.422,2.0,5.4,0.361,2.6,5.4,0.483,0.513,2.7,3.1,0.861,1.3,3.4,4.7,1.5,0.9,0.2,0.9,1.6,13.8,0
2024,NBA,Saddiq Bey,beysa01,24.0,ATL,SF,63,51.0,32.7,4.6,11.1,0.416,1.8,5.7,0.316,2.8,5.4,0.522,0.497,2.7,3.2,0.837,2.7,3.9,6.5,1.5,0.8,0.2,0.9,1.4,13.7,0
2016,NBA,Salah Mejri,mejrisa01,29.0,DAL,C,34,6.0,11.7,1.4,2.3,0.628,0.0,0.0,0.0,1.4,2.3,0.636,0.628,0.8,1.4,0.587,1.2,2.4,3.6,0.3,0.2,1.1,0.7,1.6,3.7,0
2017,NBA,Salah Mejri,mejrisa01,30.0,DAL,C,73,11.0,12.4,1.2,1.9,0.642,0.0,0.0,0.333,1.2,1.8,0.649,0.646,0.5,0.8,0.59,1.3,2.9,4.2,0.2,0.4,0.8,0.5,2.1,2.9,0
2018,NBA,Salah Mejri,mejrisa01,31.0,DAL,C,61,1.0,12.0,1.4,2.2,0.642,0.0,0.0,0.0,1.4,2.2,0.657,0.642,0.6,1.1,0.576,1.4,2.6,4.0,0.6,0.4,1.1,0.6,2.0,3.5,0
2019,NBA,Salah Mejri,mejrisa01,32.0,DAL,C,36,4.0,11.1,1.5,3.1,0.491,0.3,0.9,0.324,1.2,2.2,0.564,0.54,0.6,0.9,0.625,1.0,2.6,3.6,1.0,0.3,0.7,0.6,1.5,3.9,0
2017,NBA,Sam Dekker,dekkesa01,22.0,HOU,PF,77,2.0,18.4,2.6,5.6,0.473,0.8,2.4,0.321,1.9,3.1,0.591,0.543,0.5,0.9,0.559,1.2,2.5,3.7,1.0,0.5,0.3,0.5,1.1,6.5,0
2018,NBA,Sam Dekker,dekkesa01,23.0,LAC,PF,73,1.0,12.1,1.8,3.5,0.494,0.1,0.8,0.167,1.6,2.7,0.593,0.514,0.5,0.8,0.661,0.6,1.8,2.4,0.5,0.3,0.1,0.5,1.0,4.2,0
2019,NBA,Sam Dekker,dekkesa01,24.0,2TM,PF,47,5.0,16.8,2.6,5.4,0.469,0.4,1.3,0.306,2.1,4.1,0.521,0.506,0.6,1.0,0.609,1.1,2.0,3.1,1.0,0.8,0.1,0.5,1.0,6.1,0
2022,NBA,Sam Hauser,hausesa01,24.0,BOS,SF,26,0.0,6.1,0.9,1.9,0.46,0.7,1.7,0.432,0.2,0.2,0.667,0.65,0.0,0.0,0.0,0.2,0.9,1.1,0.4,0.0,0.1,0.1,0.3,2.5,0
2023,NBA,Sam Hauser,hausesa01,25.0,BOS,SF,80,8.0,16.1,2.3,5.0,0.455,1.8,4.2,0.418,0.5,0.8,0.656,0.631,0.2,0.2,0.706,0.4,2.1,2.6,0.9,0.4,0.3,0.4,1.2,6.4,0
2024,NBA,Sam Hauser,hausesa01,26.0,BOS,SF,79,13.0,22.0,3.2,7.1,0.446,2.5,5.9,0.424,0.7,1.2,0.559,0.623,0.2,0.2,0.895,0.6,2.9,3.5,1.0,0.5,0.3,0.4,1.3,9.0,0
2021,NBA,Sam Merrill,merrisa01,24.0,MIL,SG,30,2.0,7.8,1.1,2.4,0.444,0.7,1.6,0.447,0.4,0.8,0.44,0.59,0.1,0.1,1.0,0.2,0.8,1.0,0.7,0.3,0.0,0.3,0.6,3.0,0
2024,NBA,Sam Merrill,merrisa01,27.0,CLE,SG,61,1.0,17.5,2.6,6.4,0.402,2.3,5.8,0.404,0.2,0.6,0.385,0.584,0.4,0.5,0.929,0.4,1.6,2.0,1.8,0.3,0.1,0.3,1.2,8.0,0
2015,NBA,Samuel Dalembert,dalemsa01,33.0,NYK,C,32,21.0,17.0,1.8,4.1,0.438,0.0,0.0,0.0,1.8,4.1,0.438,0.438,0.4,0.6,0.7,1.7,3.6,5.3,0.9,0.4,1.3,1.2,2.2,4.0,0
2022,NBA,Sandro Mamukelashvili,mamuksa01,22.0,MIL,PF,41,3.0,9.9,1.4,2.8,0.496,0.5,1.3,0.423,0.9,1.5,0.556,0.591,0.4,0.5,0.818,0.9,1.1,2.0,0.5,0.2,0.2,0.4,0.7,3.8,0
2023,NBA,Sandro Mamukelashvili,mamuksa01,23.0,2TM,C,43,7.0,15.3,2.3,5.3,0.422,0.7,2.3,0.303,1.6,3.0,0.511,0.487,0.9,1.3,0.684,1.6,2.7,4.3,1.4,0.3,0.3,0.8,1.2,6.1,0
2024,NBA,Sandro Mamukelashvili,mamuksa01,24.0,SAS,C,46,5.0,9.8,1.6,3.4,0.471,0.4,1.4,0.297,1.2,2.0,0.593,0.532,0.5,0.7,0.735,1.0,2.2,3.2,1.1,0.2,0.3,0.4,0.8,4.1,0
2022,NBA,Santi Aldama,aldamsa01,21.0,MEM,PF,32,0.0,11.3,1.7,4.1,0.402,0.2,1.5,0.125,1.5,2.6,0.56,0.424,0.6,1.0,0.625,1.0,1.7,2.7,0.7,0.2,0.3,0.5,1.1,4.1,0
2023,NBA,Santi Aldama,aldamsa01,22.0,MEM,PF,77,20.0,21.8,3.2,6.8,0.47,1.2,3.5,0.353,2.0,3.4,0.591,0.56,1.4,1.9,0.75,1.1,3.7,4.8,1.3,0.6,0.6,0.8,1.9,9.0,0
2024,NBA,Santi Aldama,aldamsa01,23.0,MEM,PF,61,35.0,26.5,4.0,9.3,0.435,1.7,5.0,0.349,2.3,4.3,0.534,0.528,0.9,1.4,0.621,1.2,4.6,5.8,2.3,0.7,0.9,1.1,1.5,10.7,0
2016,NBA,Sasha Kaun,kaunsa01,30.0,CLE,C,25,0.0,3.8,0.4,0.7,0.529,0.0,0.0,0.0,0.4,0.7,0.529,0.529,0.2,0.4,0.455,0.5,0.6,1.0,0.1,0.2,0.2,0.3,0.4,0.9,0
2024,NBA,Sasha Vezenkov,vezenal01,28.0,SAC,PF,42,0.0,12.2,2.0,4.5,0.44,1.1,2.9,0.375,0.9,1.7,0.549,0.558,0.3,0.4,0.8,0.7,1.6,2.3,0.5,0.5,0.2,0.3,1.0,5.4,0
2016,NBA,Sasha Vujačić,vujacsa01,31.0,NYK,SG,61,25.0,14.9,1.7,4.5,0.383,0.9,2.3,0.364,0.9,2.2,0.403,0.477,0.5,0.6,0.821,0.4,2.0,2.4,1.4,0.6,0.1,0.7,1.4,4.9,0
2017,NBA,Sasha Vujačić,vujacsa01,32.0,NYK,SG,42,4.0,9.7,1.0,3.2,0.309,0.5,1.8,0.311,0.5,1.5,0.306,0.393,0.4,0.6,0.708,0.3,1.1,1.4,1.2,0.3,0.0,0.4,0.9,3.0,0
2024,NBA,Scoot Henderson,hendesc01,19.0,POR,PG,62,32.0,28.5,5.0,12.9,0.385,1.4,4.3,0.325,3.5,8.5,0.416,0.44,2.7,3.3,0.819,0.9,2.3,3.1,5.4,0.8,0.2,3.4,3.1,14.0,0
2022,NBA,Scottie Barnes,barnesc01,20.0,TOR,PF,74,74.0,35.4,6.2,12.6,0.492,0.8,2.6,0.301,5.4,10.0,0.543,0.524,2.1,2.9,0.735,2.6,4.9,7.5,3.5,1.1,0.7,1.8,2.6,15.3,0
2023,NBA,Scottie Barnes,barnesc01,21.0,TOR,SF,77,76.0,34.8,6.0,13.2,0.456,0.8,2.9,0.281,5.2,10.3,0.505,0.487,2.5,3.2,0.772,2.3,4.3,6.6,4.8,1.1,0.8,2.0,2.2,15.3,0
2024,NBA,Scottie Barnes,barnesc01,22.0,TOR,SG,60,60.0,34.9,7.5,15.7,0.475,1.7,4.9,0.341,5.8,10.8,0.536,0.528,3.3,4.2,0.781,2.4,5.9,8.2,6.1,1.3,1.5,2.8,2.0,19.9,1
2024,NBA,Scotty Pippen Jr.,pippesc02,23.0,MEM,PG,21,16.0,25.1,4.8,9.7,0.493,1.4,3.4,0.417,3.3,6.2,0.534,0.567,2.0,2.6,0.745,1.0,2.1,3.2,4.7,1.7,0.5,2.7,2.9,12.9,0
2016,NBA,Sean Kilpatrick,kilpase01,26.0,2TM,SG,31,0.0,19.9,4.0,8.7,0.456,1.3,3.7,0.342,2.7,5.0,0.538,0.528,1.9,2.2,0.896,0.4,1.4,1.8,0.9,0.4,0.1,1.0,1.2,11.1,0
2017,NBA,Sean Kilpatrick,kilpase01,27.0,BRK,SG,70,24.0,25.1,4.4,10.5,0.415,1.5,4.4,0.341,2.9,6.1,0.468,0.486,2.9,3.5,0.843,0.3,3.7,4.0,2.2,0.6,0.1,1.9,1.7,13.1,0
2018,NBA,Sean Kilpatrick,kilpase01,28.0,4TM,SG,52,1.0,12.3,2.1,5.7,0.374,0.9,2.8,0.319,1.2,2.9,0.427,0.452,1.2,1.4,0.889,0.1,1.6,1.7,0.9,0.3,0.1,0.7,0.6,6.3,0
2020,NBA,Sekou Doumbouya,doumbse01,19.0,DET,PF,38,19.0,19.8,2.4,6.2,0.39,0.7,2.6,0.286,1.7,3.6,0.464,0.449,0.8,1.2,0.674,0.5,2.6,3.1,0.5,0.5,0.2,0.9,2.1,6.4,0
2021,NBA,Sekou Doumbouya,doumbse01,20.0,DET,PF,56,11.0,15.5,1.9,5.0,0.379,0.5,2.1,0.226,1.4,3.0,0.485,0.426,0.8,1.1,0.703,0.7,1.9,2.6,0.8,0.4,0.2,0.8,1.7,5.1,0
2017,NBA,Semaj Christon,chrisse01,24.0,OKC,PG,64,1.0,15.2,1.2,3.5,0.345,0.2,1.0,0.19,1.0,2.5,0.406,0.372,0.3,0.5,0.548,0.3,1.1,1.4,2.0,0.4,0.1,0.7,1.2,2.9,0
2018,NBA,Semi Ojeleye,ojelese01,23.0,BOS,PF,73,0.0,15.8,0.9,2.6,0.346,0.5,1.7,0.32,0.3,0.9,0.397,0.452,0.3,0.6,0.61,0.5,1.7,2.2,0.3,0.3,0.1,0.3,1.2,2.7,0
2019,NBA,Semi Ojeleye,ojelese01,24.0,BOS,PF,56,3.0,10.6,1.2,2.8,0.424,0.5,1.6,0.315,0.7,1.2,0.565,0.513,0.4,0.7,0.615,0.4,1.1,1.5,0.4,0.2,0.1,0.3,0.8,3.3,0
2020,NBA,Semi Ojeleye,ojelese01,25.0,BOS,PF,69,6.0,14.7,1.2,2.8,0.408,0.7,1.8,0.378,0.5,1.0,0.464,0.531,0.4,0.5,0.875,0.4,1.7,2.1,0.5,0.3,0.1,0.3,1.2,3.4,0
2021,NBA,Semi Ojeleye,ojelese01,26.0,BOS,PF,56,15.0,17.0,1.6,3.9,0.403,1.0,2.8,0.367,0.6,1.1,0.492,0.534,0.4,0.6,0.75,0.6,2.1,2.6,0.7,0.3,0.0,0.4,1.0,4.6,0
2022,NBA,Semi Ojeleye,ojelese01,27.0,2TM,PF,30,0.0,13.5,1.0,3.3,0.303,0.5,1.7,0.3,0.5,1.6,0.306,0.379,0.8,1.0,0.793,0.9,1.6,2.5,0.3,0.2,0.2,0.3,1.0,3.3,0
2015,NBA,Serge Ibaka,ibakase01,25.0,OKC,PF,64,64.0,33.1,5.8,12.3,0.476,1.2,3.2,0.376,4.6,9.1,0.511,0.525,1.4,1.7,0.836,2.1,5.7,7.8,0.9,0.5,2.4,1.5,3.0,14.3,0
2016,NBA,Serge Ibaka,ibakase01,26.0,OKC,PF,78,78.0,32.1,5.3,11.1,0.479,0.8,2.4,0.326,4.6,8.8,0.52,0.513,1.2,1.6,0.752,1.8,5.0,6.8,0.8,0.5,1.9,1.4,2.7,12.6,0
2017,NBA,Serge Ibaka,ibakase01,27.0,2TM,PF,79,79.0,30.7,6.0,12.4,0.48,1.6,4.0,0.391,4.4,8.4,0.522,0.543,1.4,1.6,0.856,1.6,5.2,6.8,0.9,0.5,1.6,1.3,2.7,14.8,0
2018,NBA,Serge Ibaka,ibakase01,28.0,TOR,PF,76,76.0,27.5,5.0,10.3,0.483,1.4,3.9,0.36,3.6,6.4,0.559,0.552,1.2,1.6,0.797,1.0,5.3,6.3,0.8,0.4,1.3,1.2,2.8,12.6,0
2019,NBA,Serge Ibaka,ibakase01,29.0,TOR,C,74,51.0,27.2,6.3,11.9,0.529,0.7,2.3,0.29,5.6,9.6,0.586,0.557,1.8,2.4,0.763,2.1,6.0,8.1,1.3,0.4,1.4,1.5,2.9,15.0,0
2020,NBA,Serge Ibaka,ibakase01,30.0,TOR,C,55,27.0,27.0,6.2,12.2,0.512,1.3,3.3,0.385,5.0,8.9,0.559,0.564,1.6,2.3,0.718,2.1,6.1,8.2,1.4,0.5,0.8,2.0,2.8,15.4,0
2021,NBA,Serge Ibaka,ibakase01,31.0,LAC,C,41,39.0,23.3,4.5,8.9,0.51,1.0,2.8,0.339,3.6,6.1,0.588,0.563,1.0,1.3,0.811,1.8,4.9,6.7,1.8,0.2,1.1,1.1,1.9,11.1,0
2022,NBA,Serge Ibaka,ibakase01,32.0,2TM,C,54,12.0,16.2,2.7,5.5,0.5,0.7,1.8,0.374,2.1,3.6,0.563,0.563,0.6,0.8,0.727,1.1,3.5,4.6,0.9,0.2,0.6,0.8,1.9,6.8,0
2015,NBA,Sergey Karasev,karasse01,21.0,BRK,SG,33,16.0,16.8,1.6,4.1,0.403,0.5,1.6,0.296,1.2,2.4,0.475,0.463,0.9,1.2,0.763,0.7,1.3,2.0,1.4,0.7,0.0,0.7,1.4,4.6,0
2016,NBA,Sergey Karasev,karasse01,22.0,BRK,SF,40,5.0,10.0,0.8,1.9,0.405,0.3,0.9,0.297,0.5,0.9,0.514,0.48,0.7,0.7,0.929,0.2,1.3,1.5,0.9,0.2,0.1,0.6,0.7,2.4,0
2017,NBA,Sergio Rodríguez,rodrise01,30.0,PHI,PG,68,30.0,22.3,3.1,7.9,0.392,1.4,3.7,0.365,1.7,4.2,0.415,0.478,0.3,0.4,0.667,0.3,2.0,2.3,5.1,0.7,0.1,1.9,1.4,7.8,0
2016,NBA,Seth Curry,curryse01,25.0,SAC,PG,44,9.0,15.7,2.3,5.1,0.455,1.1,2.5,0.45,1.2,2.6,0.46,0.567,1.0,1.2,0.833,0.2,1.2,1.4,1.5,0.5,0.1,0.8,0.9,6.8,0
2017,NBA,Seth Curry,curryse01,26.0,DAL,PG,70,42.0,29.0,4.8,10.0,0.481,2.0,4.6,0.425,2.9,5.4,0.528,0.578,1.2,1.4,0.85,0.4,2.2,2.6,2.7,1.1,0.1,1.3,1.8,12.8,0
2019,NBA,Seth Curry,curryse01,28.0,POR,SG,74,2.0,18.9,2.9,6.3,0.456,1.5,3.4,0.45,1.3,2.9,0.463,0.577,0.6,0.7,0.846,0.4,1.3,1.6,0.9,0.5,0.2,0.8,1.3,7.9,0
2020,NBA,Seth Curry,curryse01,29.0,DAL,SG,64,25.0,24.6,4.4,9.0,0.495,2.3,5.0,0.452,2.2,4.0,0.549,0.621,1.3,1.5,0.825,0.4,1.8,2.3,1.9,0.6,0.1,1.0,1.8,12.4,0
2021,NBA,Seth Curry,curryse01,30.0,PHI,SG,57,57.0,28.7,4.5,9.7,0.467,2.2,4.9,0.45,2.3,4.8,0.485,0.582,1.2,1.4,0.896,0.2,2.2,2.4,2.7,0.8,0.1,1.1,1.7,12.5,0
2022,NBA,Seth Curry,curryse01,31.0,2TM,SG,64,64.0,33.4,5.6,11.5,0.487,2.5,5.8,0.422,3.2,5.7,0.553,0.594,1.3,1.5,0.872,0.3,2.8,3.1,3.6,0.8,0.2,1.7,2.3,15.0,0
2023,NBA,Seth Curry,curryse01,32.0,BRK,SG,61,7.0,19.9,3.4,7.4,0.463,1.5,3.8,0.405,1.9,3.6,0.525,0.568,0.8,0.9,0.927,0.2,1.4,1.6,1.6,0.6,0.1,0.8,1.6,9.2,0
2024,NBA,Seth Curry,curryse01,33.0,2TM,SG,44,4.0,14.0,1.8,4.6,0.392,0.9,2.5,0.352,1.0,2.2,0.438,0.485,0.6,0.7,0.903,0.4,1.1,1.5,1.0,0.5,0.1,0.5,0.9,5.1,0
2015,NBA,Shabazz Muhammad,muhamsh01,22.0,MIN,SG,38,13.0,22.8,5.1,10.4,0.489,0.5,1.3,0.392,4.6,9.1,0.503,0.514,2.7,3.8,0.717,1.7,2.4,4.1,1.2,0.5,0.2,0.9,1.3,13.5,0
2016,NBA,Shabazz Muhammad,muhamsh01,23.0,MIN,SF,82,0.0,20.5,3.9,8.3,0.465,0.5,1.9,0.289,3.3,6.5,0.516,0.498,2.3,3.0,0.764,1.2,2.0,3.3,0.6,0.3,0.1,0.9,1.1,10.5,0
2017,NBA,Shabazz Muhammad,muhamsh01,24.0,MIN,SF,78,1.0,19.4,3.7,7.7,0.482,0.6,1.9,0.338,3.1,5.8,0.528,0.523,1.9,2.4,0.774,1.1,1.7,2.8,0.4,0.3,0.1,0.7,1.1,9.9,0
2018,NBA,Shabazz Muhammad,muhamsh01,25.0,2TM,SG,43,2.0,9.7,2.0,4.4,0.447,0.2,0.6,0.259,1.8,3.7,0.478,0.465,0.9,1.2,0.78,0.5,1.2,1.8,0.3,0.2,0.1,0.1,0.7,5.0,0
2015,NBA,Shabazz Napier,napiesh01,23.0,MIA,PG,51,10.0,19.8,1.7,4.5,0.382,0.8,2.3,0.364,0.9,2.2,0.4,0.476,0.9,1.1,0.786,0.3,1.9,2.2,2.5,0.8,0.1,1.6,1.5,5.1,0
2016,NBA,Shabazz Napier,napiesh01,24.0,ORL,PG,55,0.0,10.9,1.2,3.7,0.338,0.6,1.9,0.327,0.6,1.8,0.351,0.423,0.6,0.8,0.733,0.2,0.8,1.0,1.8,0.4,0.0,0.8,0.7,3.7,0
2017,NBA,Shabazz Napier,napiesh01,25.0,POR,PG,53,2.0,9.7,1.4,3.5,0.399,0.6,1.7,0.37,0.7,1.7,0.429,0.492,0.7,0.9,0.776,0.2,1.0,1.2,1.3,0.6,0.0,0.8,0.7,4.1,0
2018,NBA,Shabazz Napier,napiesh01,26.0,POR,PG,74,9.0,20.7,3.0,7.2,0.42,1.1,2.9,0.376,1.9,4.2,0.45,0.497,1.6,1.9,0.841,0.4,1.9,2.3,2.0,1.1,0.2,1.2,1.1,8.7,0
2019,NBA,Shabazz Napier,napiesh01,27.0,BRK,PG,56,2.0,17.6,3.0,7.8,0.389,1.4,4.1,0.333,1.7,3.7,0.449,0.476,2.1,2.5,0.833,0.3,1.5,1.8,2.6,0.7,0.3,1.2,1.2,9.4,0
2020,NBA,Shabazz Napier,napiesh01,28.0,2TM,PG,56,32.0,24.0,3.4,8.1,0.412,1.4,4.3,0.317,2.0,3.9,0.519,0.496,2.3,2.7,0.824,0.5,2.4,2.8,4.7,1.2,0.2,2.3,1.8,10.3,0
2023,NBA,Shaedon Sharpe,sharpsh01,19.0,POR,SG,80,15.0,22.2,3.8,8.1,0.472,1.3,3.5,0.36,2.6,4.6,0.559,0.551,0.9,1.3,0.714,0.8,2.2,3.0,1.2,0.5,0.3,1.0,1.7,9.9,0
2024,NBA,Shaedon Sharpe,sharpsh01,20.0,POR,SG,32,25.0,33.1,5.5,13.6,0.406,1.9,5.6,0.333,3.6,7.9,0.457,0.475,3.1,3.7,0.824,1.3,3.7,5.0,2.9,0.9,0.4,2.3,2.8,15.9,0
2019,NBA,Shai Gilgeous-Alexander,gilgesh01,20.0,LAC,PG,82,73.0,26.5,4.2,8.7,0.476,0.6,1.7,0.367,3.5,7.0,0.503,0.512,1.9,2.4,0.8,0.7,2.1,2.8,3.3,1.2,0.5,1.7,2.1,10.8,0
2020,NBA,Shai Gilgeous-Alexander,gilgesh01,21.0,OKC,SG,70,70.0,34.7,6.8,14.5,0.471,1.2,3.6,0.347,5.6,10.9,0.512,0.514,4.1,5.1,0.807,0.7,5.2,5.9,3.3,1.1,0.7,1.9,1.7,19.0,0
2021,NBA,Shai Gilgeous-Alexander,gilgesh01,22.0,OKC,SG,35,35.0,33.7,8.2,16.1,0.508,2.0,4.9,0.418,6.2,11.3,0.547,0.571,5.3,6.5,0.808,0.5,4.2,4.7,5.9,0.8,0.7,3.0,2.0,23.7,0
2022,NBA,Shai Gilgeous-Alexander,gilgesh01,23.0,OKC,PG,56,56.0,34.7,8.5,18.8,0.453,1.6,5.3,0.3,6.9,13.5,0.514,0.496,5.9,7.2,0.81,0.7,4.3,5.0,5.9,1.3,0.8,2.8,2.5,24.5,0
2023,NBA,Shai Gilgeous-Alexander,gilgesh01,24.0,OKC,PG,68,68.0,35.5,10.4,20.3,0.51,0.9,2.5,0.345,9.5,17.8,0.533,0.531,9.8,10.9,0.905,0.9,4.0,4.8,5.5,1.6,1.0,2.8,2.8,31.4,1
2024,NBA,Shai Gilgeous-Alexander,gilgesh01,25.0,OKC,PG,75,75.0,34.0,10.6,19.8,0.535,1.3,3.6,0.353,9.3,16.2,0.576,0.567,7.6,8.7,0.874,0.9,4.7,5.5,6.2,2.0,0.9,2.2,2.5,30.1,1
2019,NBA,Shake Milton,miltosh01,22.0,PHI,SG,20,0.0,13.4,1.7,4.4,0.391,0.7,2.2,0.318,1.0,2.2,0.465,0.471,0.3,0.4,0.714,0.5,1.3,1.8,0.9,0.4,0.4,0.3,1.5,4.4,0
2020,NBA,Shake Milton,miltosh01,23.0,PHI,SG,40,24.0,20.1,3.4,6.9,0.484,1.5,3.4,0.43,1.9,3.6,0.535,0.588,1.3,1.6,0.785,0.4,1.8,2.2,2.6,0.5,0.2,1.2,2.3,9.4,0
2021,NBA,Shake Milton,miltosh01,24.0,PHI,SG,63,4.0,23.2,4.8,10.6,0.45,1.1,3.2,0.35,3.6,7.4,0.494,0.503,2.3,2.8,0.83,0.5,1.8,2.3,3.1,0.6,0.3,1.6,2.1,13.0,0
2022,NBA,Shake Milton,miltosh01,25.0,PHI,SG,55,6.0,21.4,3.1,7.3,0.429,0.8,2.4,0.323,2.4,4.9,0.481,0.483,1.1,1.3,0.836,0.5,2.0,2.6,2.5,0.5,0.3,0.8,1.8,8.2,0
2023,NBA,Shake Milton,miltosh01,26.0,PHI,SG,76,11.0,20.6,3.2,6.6,0.479,0.7,1.9,0.378,2.4,4.7,0.521,0.535,1.3,1.5,0.853,0.5,2.0,2.5,3.2,0.3,0.2,1.2,1.6,8.4,0
2024,NBA,Shake Milton,miltosh01,27.0,3TM,SG,48,0.0,12.1,1.6,4.1,0.405,0.4,1.3,0.281,1.3,2.7,0.466,0.451,0.8,1.0,0.816,0.3,1.3,1.6,1.3,0.4,0.1,0.6,1.1,4.5,0
2015,NBA,Shane Larkin,larkish01,22.0,NYK,PG,76,22.0,24.5,2.5,5.7,0.433,0.5,1.5,0.302,2.0,4.2,0.481,0.473,0.8,1.0,0.782,0.4,1.9,2.3,3.0,1.2,0.1,1.1,2.0,6.2,0
2016,NBA,Shane Larkin,larkish01,23.0,BRK,PG,78,17.0,22.4,2.8,6.4,0.442,0.5,1.4,0.361,2.3,5.1,0.464,0.481,1.1,1.4,0.776,0.4,1.9,2.3,4.4,1.2,0.2,1.9,1.6,7.3,0
2018,NBA,Shane Larkin,larkish01,25.0,BOS,PG,54,2.0,14.4,1.6,4.1,0.384,0.6,1.6,0.36,1.0,2.5,0.398,0.454,0.6,0.7,0.865,0.3,1.4,1.7,1.8,0.5,0.0,0.6,1.1,4.3,0
2018,NBA,Shaquille Harrison,harrish01,24.0,PHO,PG,23,2.0,16.7,2.6,5.4,0.476,0.3,1.1,0.231,2.3,4.3,0.541,0.5,1.2,1.7,0.737,0.4,2.3,2.7,2.4,1.1,0.3,1.0,1.8,6.6,0
2019,NBA,Shaquille Harrison,harrish01,25.0,CHI,SG,73,11.0,19.6,2.5,5.8,0.432,0.3,1.2,0.27,2.2,4.6,0.475,0.46,1.1,1.7,0.667,0.5,2.6,3.0,1.9,1.2,0.4,0.8,1.7,6.5,0
2020,NBA,Shaquille Harrison,harrish01,26.0,CHI,SG,43,10.0,11.3,1.8,3.8,0.467,0.4,1.0,0.381,1.4,2.9,0.496,0.515,0.9,1.2,0.78,0.5,1.5,2.0,1.1,0.8,0.4,0.4,1.3,4.9,0
2021,NBA,Shaquille Harrison,harrish01,27.0,2TM,SG,34,0.0,9.8,0.8,2.3,0.333,0.1,0.5,0.188,0.7,1.8,0.371,0.353,0.5,0.6,0.818,0.2,1.2,1.4,0.7,0.5,0.1,0.3,1.0,2.1,0
2015,NBA,Shaun Livingston,livinsh01,29.0,GSW,PG,78,2.0,18.8,2.5,5.1,0.5,0.0,0.0,0.0,2.5,5.1,0.503,0.5,0.8,1.2,0.714,0.6,1.8,2.3,3.3,0.6,0.3,1.3,1.4,5.9,0
2016,NBA,Shaun Livingston,livinsh01,30.0,GSW,PG,78,3.0,19.5,2.6,4.9,0.536,0.0,0.2,0.167,2.6,4.7,0.548,0.538,1.0,1.2,0.86,0.5,1.6,2.2,3.0,0.7,0.3,1.0,1.8,6.3,0
2017,NBA,Shaun Livingston,livinsh01,31.0,GSW,PG,76,3.0,17.7,2.3,4.2,0.547,0.0,0.0,0.333,2.3,4.1,0.55,0.549,0.6,0.8,0.7,0.4,1.6,2.0,1.8,0.5,0.3,0.8,1.6,5.1,0
2018,NBA,Shaun Livingston,livinsh01,32.0,GSW,PG,71,7.0,15.9,2.4,4.8,0.501,0.0,0.1,0.0,2.4,4.8,0.509,0.501,0.7,0.9,0.82,0.5,1.4,1.8,2.0,0.5,0.3,0.8,1.6,5.5,0
2019,NBA,Shaun Livingston,livinsh01,33.0,GSW,PG,64,0.0,15.1,1.7,3.3,0.519,0.0,0.0,0.0,1.7,3.3,0.524,0.519,0.6,0.8,0.784,0.7,1.2,1.8,1.8,0.5,0.4,0.6,1.2,4.0,0
2015,NBA,Shavlik Randolph,randosh01,31.0,2TM,PF,21,0.0,6.0,0.4,1.7,0.257,0.0,0.2,0.0,0.4,1.4,0.3,0.257,0.3,0.6,0.5,0.8,1.0,1.8,0.2,0.2,0.1,0.1,0.8,1.1,0
2015,NBA,Shawn Marion,mariosh01,36.0,CLE,SF,57,24.0,19.3,2.1,4.7,0.446,0.2,0.8,0.261,1.9,3.9,0.484,0.468,0.5,0.6,0.765,1.1,2.4,3.5,0.9,0.5,0.5,0.6,1.0,4.8,0
2015,NBA,Shawne Williams,willish03,28.0,2TM,SF,63,22.0,17.3,1.9,4.8,0.403,1.0,2.8,0.36,0.9,1.9,0.467,0.51,0.6,0.6,0.875,0.6,2.1,2.6,0.7,0.4,0.3,0.5,2.1,5.4,0
2015,NBA,Shayne Whittington,whittsh01,23.0,IND,PF,20,0.0,5.4,1.0,2.1,0.452,0.1,0.3,0.167,0.9,1.8,0.5,0.464,0.9,1.2,0.783,0.5,1.0,1.5,0.3,0.3,0.1,0.3,0.9,2.9,0
2017,NBA,Sheldon Mac,mcclesh01,24.0,WAS,SG,30,3.0,9.6,1.0,2.5,0.4,0.2,1.0,0.233,0.8,1.5,0.511,0.447,0.8,0.9,0.852,0.1,1.0,1.1,0.5,0.3,0.1,0.2,0.6,3.0,0
2015,NBA,Shelvin Mack,macksh01,24.0,ATL,PG,55,0.0,15.1,2.1,5.3,0.401,0.7,2.3,0.315,1.4,3.0,0.467,0.469,0.5,0.6,0.806,0.1,1.3,1.4,2.8,0.5,0.0,0.9,0.6,5.4,0
2016,NBA,Shelvin Mack,macksh01,25.0,2TM,PG,52,27.0,20.3,3.5,8.0,0.439,0.8,2.4,0.312,2.8,5.6,0.493,0.486,0.9,1.2,0.738,0.3,2.2,2.5,3.6,0.7,0.1,1.8,1.4,8.6,0
2017,NBA,Shelvin Mack,macksh01,26.0,UTA,PG,55,9.0,21.9,3.1,6.9,0.446,0.7,2.2,0.308,2.4,4.7,0.51,0.495,1.0,1.4,0.688,0.4,1.9,2.3,2.8,0.8,0.1,1.6,1.8,7.8,0
2018,NBA,Shelvin Mack,macksh01,27.0,ORL,PG,69,3.0,19.8,2.6,6.0,0.43,0.7,2.0,0.345,1.9,4.0,0.473,0.488,1.0,1.4,0.711,0.3,2.1,2.4,3.9,0.8,0.1,1.3,1.3,6.9,0
2019,NBA,Shelvin Mack,macksh01,28.0,2TM,PG,57,3.0,21.9,2.9,7.1,0.404,0.8,2.3,0.354,2.1,4.8,0.429,0.462,1.0,1.5,0.69,0.3,1.5,1.8,3.2,0.8,0.1,1.2,1.5,7.5,0
2023,NBA,Simone Fontecchio,fontesi01,27.0,UTA,SF,52,6.0,14.7,2.2,6.0,0.369,1.2,3.7,0.33,1.0,2.3,0.43,0.47,0.7,0.8,0.795,0.6,1.1,1.7,0.8,0.3,0.2,0.8,1.2,6.3,0
2024,NBA,Simone Fontecchio,fontesi01,28.0,2TM,SF,66,43.0,24.9,3.8,8.3,0.46,2.0,5.1,0.401,1.8,3.2,0.551,0.582,0.8,1.0,0.818,1.0,2.8,3.7,1.5,0.7,0.3,1.0,1.7,10.5,0
2018,NBA,Sindarius Thornwell,thornsi01,23.0,LAC,SG,73,16.0,15.8,1.4,3.2,0.429,0.3,0.8,0.377,1.1,2.4,0.448,0.479,0.8,1.2,0.67,0.5,1.5,1.9,0.9,0.7,0.3,0.7,1.7,3.9,0
2019,NBA,Sindarius Thornwell,thornsi01,24.0,LAC,SG,64,1.0,4.9,0.3,0.8,0.347,0.0,0.2,0.2,0.2,0.5,0.412,0.378,0.4,0.5,0.735,0.1,0.6,0.7,0.3,0.2,0.1,0.3,0.6,1.0,0
2021,NBA,Sindarius Thornwell,thornsi01,26.0,2TM,SG,21,1.0,10.3,0.7,2.2,0.326,0.3,1.1,0.304,0.4,1.1,0.348,0.402,0.2,0.4,0.5,0.1,0.7,0.9,1.0,0.6,0.1,0.3,0.7,2.0,0
2017,NBA,Skal Labissière,labissk01,20.0,SAC,PF,33,12.0,18.5,3.5,6.6,0.537,0.1,0.2,0.375,3.5,6.4,0.543,0.544,1.6,2.2,0.703,1.5,3.4,4.9,0.8,0.5,0.4,1.1,1.9,8.8,0
2018,NBA,Skal Labissière,labissk01,21.0,SAC,PF,60,29.0,20.7,3.4,7.6,0.448,0.3,0.9,0.353,3.1,6.8,0.459,0.467,1.6,2.0,0.805,1.7,3.2,4.8,1.2,0.4,0.8,1.2,2.2,8.7,0
2019,NBA,Skal Labissière,labissk01,22.0,2TM,PF,22,1.0,8.0,1.2,2.2,0.531,0.3,0.6,0.462,0.9,1.6,0.556,0.592,0.4,0.8,0.529,0.4,1.5,2.0,0.5,0.2,0.3,0.5,1.3,3.0,0
2020,NBA,Skal Labissière,labissk01,23.0,POR,C,33,1.0,17.2,2.5,4.5,0.551,0.1,0.4,0.231,2.4,4.1,0.582,0.561,0.8,1.0,0.758,2.0,3.2,5.1,1.3,0.2,0.9,0.9,2.7,5.8,0
2021,NBA,Skylar Mays,mayssk01,23.0,ATL,SG,33,0.0,8.2,1.3,3.0,0.449,0.4,1.2,0.35,0.9,1.8,0.517,0.52,0.7,0.8,0.88,0.3,0.8,1.1,0.9,0.4,0.1,0.3,0.5,3.8,0
2022,NBA,Skylar Mays,mayssk01,24.0,ATL,SG,28,5.0,7.9,1.1,2.3,0.5,0.3,0.9,0.32,0.9,1.4,0.615,0.563,0.3,0.3,0.889,0.2,0.7,0.9,0.6,0.3,0.0,0.4,0.3,2.9,0
2024,NBA,Skylar Mays,mayssk01,26.0,2TM,SG,38,5.0,11.4,1.7,4.2,0.396,0.4,1.4,0.296,1.2,2.8,0.448,0.447,0.3,0.4,0.765,0.3,0.9,1.1,2.2,0.6,0.1,0.5,0.7,4.1,0
2015,NBA,Solomon Hill,hillso01,23.0,IND,SF,82,78.0,29.0,3.1,7.7,0.396,0.8,2.5,0.327,2.2,5.2,0.43,0.45,1.9,2.4,0.824,0.9,3.0,3.8,2.2,0.8,0.2,1.4,2.2,8.9,0
2016,NBA,Solomon Hill,hillso01,24.0,IND,SF,59,3.0,14.7,1.6,3.5,0.447,0.4,1.3,0.324,1.2,2.3,0.515,0.505,0.6,0.7,0.857,0.7,2.2,2.8,1.0,0.6,0.2,0.6,1.2,4.2,0
2017,NBA,Solomon Hill,hillso01,25.0,NOP,SF,80,71.0,29.7,2.3,6.0,0.383,1.2,3.4,0.348,1.1,2.6,0.428,0.481,1.3,1.6,0.805,0.6,3.2,3.8,1.8,0.9,0.4,1.0,2.3,7.0,0
2019,NBA,Solomon Hill,hillso01,27.0,NOP,SF,44,15.0,20.0,1.5,4.0,0.382,0.7,2.3,0.317,0.8,1.8,0.468,0.472,0.5,0.7,0.719,0.8,2.3,3.0,1.3,0.5,0.2,0.7,1.8,4.3,0
2020,NBA,Solomon Hill,hillso01,28.0,2TM,PF,59,4.0,18.4,1.9,4.7,0.396,1.1,2.9,0.368,0.8,1.8,0.439,0.509,0.7,0.9,0.741,0.5,2.3,2.8,1.8,0.7,0.2,0.9,1.4,5.5,0
2021,NBA,Solomon Hill,hillso01,29.0,ATL,PF,71,16.0,21.3,1.5,4.2,0.359,1.0,3.0,0.321,0.5,1.2,0.453,0.473,0.5,0.6,0.761,0.6,2.4,3.0,1.1,0.7,0.2,0.6,1.6,4.5,0
2016,NBA,Sonny Weems,weemsso01,29.0,2TM,SF,43,0.0,11.6,1.0,2.6,0.382,0.3,1.0,0.366,0.6,1.6,0.391,0.45,0.2,0.3,0.533,0.2,1.1,1.2,1.1,0.2,0.0,1.0,1.1,2.5,0
2015,NBA,Spencer Dinwiddie,dinwisp01,21.0,DET,PG,34,1.0,13.4,1.5,5.0,0.302,0.4,1.9,0.185,1.1,3.1,0.375,0.337,0.9,1.0,0.912,0.1,1.3,1.4,3.1,0.6,0.2,1.0,1.6,4.3,0
2017,NBA,Spencer Dinwiddie,dinwisp01,23.0,BRK,PG,59,18.0,22.6,2.3,5.1,0.444,0.6,1.7,0.376,1.6,3.4,0.478,0.507,2.1,2.7,0.792,0.5,2.3,2.8,3.1,0.7,0.4,1.1,2.0,7.3,0
2018,NBA,Spencer Dinwiddie,dinwisp01,24.0,BRK,PG,80,58.0,28.8,4.1,10.5,0.387,1.8,5.4,0.326,2.3,5.1,0.452,0.471,2.7,3.4,0.813,0.5,2.7,3.2,6.6,0.9,0.3,1.6,2.3,12.6,0
2019,NBA,Spencer Dinwiddie,dinwisp01,25.0,BRK,PG,68,4.0,28.1,5.4,12.2,0.442,1.8,5.4,0.335,3.6,6.7,0.528,0.517,4.2,5.2,0.806,0.4,2.1,2.4,4.6,0.6,0.3,2.2,2.8,16.8,0
2020,NBA,Spencer Dinwiddie,dinwisp01,26.0,BRK,PG,64,49.0,31.2,6.6,16.0,0.415,1.9,6.3,0.308,4.7,9.7,0.485,0.476,5.4,7.0,0.778,0.5,3.0,3.5,6.8,0.6,0.3,2.7,2.8,20.6,0
2022,NBA,Spencer Dinwiddie,dinwisp01,28.0,2TM,PG,67,51.0,29.6,4.6,11.0,0.416,1.7,4.9,0.339,2.9,6.0,0.479,0.493,2.9,3.8,0.774,0.7,3.5,4.2,5.2,0.7,0.2,1.6,2.2,13.7,0
2023,NBA,Spencer Dinwiddie,dinwisp01,29.0,2TM,SG,79,79.0,34.5,5.8,13.3,0.438,2.3,6.2,0.369,3.5,7.1,0.498,0.524,3.4,4.2,0.812,0.4,3.1,3.4,6.5,0.8,0.3,1.8,2.4,17.3,0
2024,NBA,Spencer Dinwiddie,dinwisp01,30.0,2TM,PG,76,52.0,28.3,3.3,8.4,0.392,1.6,4.8,0.337,1.7,3.6,0.467,0.489,2.2,2.8,0.805,0.4,2.3,2.7,4.7,0.7,0.3,1.2,1.8,10.5,0
2015,NBA,Spencer Hawes,hawessp01,26.0,LAC,PF,73,15.0,17.5,2.2,5.7,0.393,0.8,2.4,0.313,1.5,3.3,0.452,0.459,0.6,0.9,0.647,0.4,3.1,3.5,1.2,0.3,0.7,0.8,2.4,5.8,0
2016,NBA,Spencer Hawes,hawessp01,27.0,CHO,PF,57,6.0,18.2,2.2,5.4,0.405,0.7,1.8,0.373,1.5,3.6,0.422,0.467,0.9,1.1,0.831,0.9,3.4,4.3,1.9,0.4,0.5,1.0,1.9,6.0,0
2017,NBA,Spencer Hawes,hawessp01,28.0,2TM,PF,54,1.0,14.8,2.5,5.1,0.484,0.5,1.5,0.309,2.0,3.6,0.556,0.529,0.8,1.0,0.846,0.7,2.8,3.5,1.5,0.3,0.6,0.9,1.4,6.2,0
2016,NBA,Stanley Johnson,johnsst04,19.0,DET,SF,73,6.0,23.1,3.1,8.2,0.375,0.9,2.8,0.307,2.2,5.4,0.41,0.428,1.1,1.4,0.784,0.8,3.4,4.2,1.6,0.8,0.2,1.6,2.4,8.1,0
2017,NBA,Stanley Johnson,johnsst04,20.0,DET,SF,77,1.0,17.8,1.7,4.7,0.353,0.6,2.0,0.292,1.1,2.7,0.398,0.415,0.5,0.7,0.679,0.5,2.0,2.5,1.4,0.7,0.3,0.9,1.6,4.4,0
2018,NBA,Stanley Johnson,johnsst04,21.0,DET,SF,69,50.0,27.4,3.0,8.1,0.375,1.0,3.4,0.286,2.1,4.7,0.439,0.435,1.6,2.1,0.772,0.5,3.2,3.7,1.6,1.4,0.2,1.1,2.4,8.7,0
2019,NBA,Stanley Johnson,johnsst04,22.0,2TM,SF,66,7.0,18.3,2.6,6.7,0.389,0.9,3.3,0.288,1.7,3.4,0.484,0.459,0.8,1.0,0.781,0.5,2.8,3.3,1.3,0.9,0.2,1.2,1.7,6.9,0
2020,NBA,Stanley Johnson,johnsst04,23.0,TOR,PF,25,0.0,6.0,0.9,2.4,0.373,0.3,1.0,0.292,0.6,1.4,0.429,0.432,0.4,0.6,0.563,0.3,1.2,1.5,0.8,0.2,0.2,0.6,0.6,2.4,0
2021,NBA,Stanley Johnson,johnsst04,24.0,TOR,PF,61,13.0,16.5,1.5,3.8,0.382,0.7,2.2,0.328,0.7,1.6,0.458,0.479,0.7,0.9,0.8,0.5,2.0,2.5,1.5,0.9,0.3,0.9,1.9,4.4,0
2022,NBA,Stanley Johnson,johnsst04,25.0,LAL,PF,48,27.0,22.8,2.4,5.2,0.466,0.7,2.2,0.314,1.8,3.0,0.575,0.532,1.1,1.5,0.716,0.7,2.5,3.2,1.7,0.9,0.3,0.7,2.3,6.7,0
2023,NBA,Stanley Johnson,johnsst04,26.0,SAS,SF,30,0.0,15.6,2.2,4.1,0.533,0.6,1.3,0.45,1.6,2.7,0.573,0.607,0.9,1.3,0.667,0.7,2.4,3.2,2.2,0.5,0.2,1.1,1.6,5.8,0
2024,NBA,Stanley Umude,umudest01,24.0,DET,SG,24,2.0,12.8,1.5,3.5,0.44,1.0,2.2,0.453,0.5,1.3,0.419,0.583,1.2,1.3,0.906,0.3,1.8,2.1,0.5,0.3,0.3,0.6,1.7,5.3,0
2015,NBA,Stephen Curry,curryst01,26.0,GSW,PG,80,80.0,32.7,8.2,16.8,0.487,3.6,8.1,0.443,4.6,8.7,0.528,0.594,3.9,4.2,0.914,0.7,3.6,4.3,7.7,2.0,0.2,3.1,2.0,23.8,1
2016,NBA,Stephen Curry,curryst01,27.0,GSW,PG,79,79.0,34.2,10.2,20.2,0.504,5.1,11.2,0.454,5.1,9.0,0.566,0.63,4.6,5.1,0.908,0.9,4.6,5.4,6.7,2.1,0.2,3.3,2.0,30.1,1
2017,NBA,Stephen Curry,curryst01,28.0,GSW,PG,79,79.0,33.4,8.5,18.3,0.468,4.1,10.0,0.411,4.4,8.3,0.537,0.58,4.1,4.6,0.898,0.8,3.7,4.5,6.6,1.8,0.2,3.0,2.3,25.3,1
2018,NBA,Stephen Curry,curryst01,29.0,GSW,PG,51,51.0,32.0,8.4,16.9,0.495,4.2,9.8,0.423,4.2,7.1,0.595,0.618,5.5,5.9,0.921,0.7,4.4,5.1,6.1,1.6,0.2,3.0,2.2,26.4,1
2019,NBA,Stephen Curry,curryst01,30.0,GSW,PG,69,69.0,33.8,9.2,19.4,0.472,5.1,11.7,0.437,4.0,7.7,0.525,0.604,3.8,4.2,0.916,0.7,4.7,5.3,5.2,1.3,0.4,2.8,2.4,27.3,1
2021,NBA,Stephen Curry,curryst01,32.0,GSW,PG,63,63.0,34.2,10.4,21.7,0.482,5.3,12.7,0.421,5.1,9.0,0.569,0.605,5.7,6.3,0.916,0.5,5.0,5.5,5.8,1.2,0.1,3.4,1.9,32.0,1
2022,NBA,Stephen Curry,curryst01,33.0,GSW,PG,64,64.0,34.5,8.4,19.1,0.437,4.5,11.7,0.38,3.9,7.4,0.527,0.554,4.3,4.7,0.923,0.5,4.7,5.2,6.3,1.3,0.4,3.2,2.0,25.5,1
2023,NBA,Stephen Curry,curryst01,34.0,GSW,PG,56,56.0,34.7,10.0,20.2,0.493,4.9,11.4,0.427,5.1,8.8,0.579,0.614,4.6,5.0,0.915,0.7,5.4,6.1,6.3,0.9,0.4,3.2,2.1,29.4,1
2024,NBA,Stephen Curry,curryst01,35.0,GSW,PG,74,74.0,32.7,8.8,19.5,0.45,4.8,11.8,0.408,4.0,7.7,0.515,0.573,4.0,4.4,0.923,0.5,4.0,4.5,5.1,0.7,0.4,2.8,1.6,26.4,1
2018,NBA,Sterling Brown,brownst02,22.0,MIL,SG,54,4.0,14.4,1.5,3.8,0.4,0.6,1.7,0.352,0.9,2.1,0.439,0.478,0.4,0.4,0.875,0.5,2.1,2.6,0.5,0.6,0.2,0.5,1.5,4.0,0
2019,NBA,Sterling Brown,brownst02,23.0,MIL,SG,58,7.0,17.8,2.5,5.4,0.465,0.9,2.5,0.361,1.6,2.8,0.558,0.55,0.5,0.7,0.69,0.5,2.7,3.2,1.4,0.4,0.1,0.8,1.5,6.4,0
2020,NBA,Sterling Brown,brownst02,24.0,MIL,SF,52,1.0,14.8,1.8,4.9,0.371,0.8,2.6,0.324,1.0,2.3,0.425,0.457,0.6,0.8,0.8,0.6,2.9,3.5,1.0,0.6,0.1,0.8,1.0,5.1,0
2021,NBA,Sterling Brown,brownst02,25.0,HOU,SG,51,14.0,24.1,2.9,6.6,0.448,1.8,4.2,0.423,1.2,2.4,0.492,0.584,0.5,0.6,0.806,0.7,3.6,4.4,1.4,0.7,0.2,0.8,1.9,8.2,0
2022,NBA,Sterling Brown,brownst02,26.0,DAL,SG,49,3.0,12.8,1.2,3.2,0.381,0.6,1.9,0.304,0.6,1.3,0.492,0.471,0.3,0.3,0.933,0.5,2.5,3.0,0.7,0.3,0.1,0.5,1.1,3.3,0
2015,NBA,Steve Blake,blakest01,34.0,POR,PG,81,0.0,18.9,1.5,4.0,0.373,1.0,2.7,0.352,0.6,1.3,0.417,0.491,0.4,0.5,0.707,0.2,1.5,1.7,3.6,0.5,0.1,1.3,1.5,4.3,0
2016,NBA,Steve Blake,blakest01,35.0,DET,PG,58,2.0,17.0,1.6,4.1,0.388,0.9,2.6,0.344,0.7,1.5,0.461,0.496,0.3,0.3,0.8,0.2,1.4,1.5,3.4,0.4,0.1,1.4,1.2,4.4,0
2015,NBA,Steve Novak,novakst01,31.0,2TM,PF,35,0.0,5.6,0.6,1.6,0.393,0.5,1.4,0.396,0.1,0.2,0.375,0.563,0.0,0.1,0.0,0.1,0.6,0.6,0.3,0.0,0.1,0.1,0.7,1.8,0
2015,NBA,Steven Adams,adamsst01,21.0,OKC,C,70,67.0,25.3,3.1,5.7,0.544,0.0,0.0,0.0,3.1,5.7,0.547,0.544,1.5,2.9,0.502,2.8,4.6,7.5,0.9,0.5,1.2,1.4,3.2,7.7,0
2016,NBA,Steven Adams,adamsst01,22.0,OKC,C,80,80.0,25.2,3.3,5.3,0.613,0.0,0.0,0.0,3.3,5.3,0.613,0.613,1.4,2.5,0.582,2.7,3.9,6.7,0.8,0.5,1.1,1.1,2.8,8.0,0
2017,NBA,Steven Adams,adamsst01,23.0,OKC,C,80,80.0,29.9,4.7,8.2,0.571,0.0,0.0,0.0,4.7,8.2,0.572,0.571,2.0,3.2,0.611,3.5,4.2,7.7,1.1,1.1,1.0,1.8,2.4,11.3,0
2018,NBA,Steven Adams,adamsst01,24.0,OKC,C,76,76.0,32.7,5.9,9.4,0.629,0.0,0.0,0.0,5.9,9.3,0.631,0.629,2.1,3.8,0.559,5.1,4.0,9.0,1.2,1.2,1.0,1.7,2.8,13.9,0
2019,NBA,Steven Adams,adamsst01,25.0,OKC,C,80,80.0,33.4,6.0,10.1,0.595,0.0,0.0,0.0,6.0,10.1,0.596,0.595,1.8,3.7,0.5,4.9,4.6,9.5,1.6,1.5,1.0,1.7,2.6,13.9,0
2020,NBA,Steven Adams,adamsst01,26.0,OKC,C,63,63.0,26.7,4.5,7.6,0.592,0.0,0.0,0.333,4.5,7.5,0.594,0.593,1.9,3.2,0.582,3.3,6.0,9.3,2.3,0.8,1.1,1.5,1.9,10.9,0
2021,NBA,Steven Adams,adamsst01,27.0,NOP,C,58,58.0,27.7,3.3,5.3,0.614,0.0,0.1,0.0,3.3,5.3,0.62,0.614,1.0,2.3,0.444,3.7,5.2,8.9,1.9,0.9,0.7,1.3,1.9,7.6,0
2022,NBA,Steven Adams,adamsst01,28.0,MEM,C,76,75.0,26.3,2.8,5.1,0.547,0.0,0.0,0.0,2.8,5.0,0.548,0.547,1.4,2.6,0.543,4.6,5.4,10.0,3.4,0.9,0.8,1.5,2.0,6.9,0
2023,NBA,Steven Adams,adamsst01,29.0,MEM,C,42,42.0,27.0,3.7,6.3,0.597,0.0,0.0,0.0,3.7,6.2,0.599,0.597,1.1,3.1,0.364,5.1,6.5,11.5,2.3,0.9,1.1,1.9,2.3,8.6,0
2019,NBA,Svi Mykhailiuk,mykhasv01,21.0,2TM,SF,42,0.0,10.5,1.1,3.3,0.329,0.7,2.1,0.326,0.4,1.2,0.333,0.432,0.3,0.5,0.6,0.2,0.6,0.9,0.9,0.3,0.0,0.5,0.6,3.2,0
2020,NBA,Svi Mykhailiuk,mykhasv01,22.0,DET,SF,56,27.0,22.6,3.0,7.2,0.41,2.1,5.1,0.404,0.9,2.1,0.425,0.552,1.0,1.3,0.814,0.3,1.6,1.9,1.9,0.7,0.1,1.1,1.6,9.0,0
2021,NBA,Svi Mykhailiuk,mykhasv01,23.0,2TM,SF,66,14.0,20.1,3.2,7.7,0.411,1.6,4.8,0.334,1.6,2.9,0.536,0.515,0.6,0.8,0.76,0.4,2.1,2.5,1.7,0.8,0.2,1.3,1.0,8.5,0
2022,NBA,Svi Mykhailiuk,mykhasv01,24.0,TOR,SF,56,5.0,12.8,1.6,4.2,0.389,0.7,2.4,0.306,0.9,1.8,0.5,0.476,0.6,0.7,0.865,0.4,1.3,1.6,0.8,0.5,0.1,0.6,1.0,4.6,0
2023,NBA,Svi Mykhailiuk,mykhasv01,25.0,2TM,SF,32,8.0,14.6,2.4,5.4,0.445,1.3,3.1,0.424,1.1,2.3,0.473,0.566,0.8,1.2,0.667,0.5,1.2,1.7,1.7,0.5,0.1,0.8,0.7,6.9,0
2024,NBA,Svi Mykhailiuk,mykhasv01,26.0,BOS,SF,41,2.0,10.1,1.4,3.3,0.416,1.0,2.6,0.389,0.4,0.7,0.517,0.569,0.1,0.2,0.667,0.3,1.0,1.2,0.9,0.3,0.0,0.3,0.5,4.0,0
2018,NBA,T.J. Leaf,leaftj01,20.0,IND,PF,53,0.0,8.7,1.2,2.6,0.471,0.3,0.8,0.429,0.9,1.8,0.489,0.537,0.2,0.3,0.625,0.5,1.0,1.5,0.2,0.1,0.1,0.2,0.8,2.9,0
2019,NBA,T.J. Leaf,leaftj01,21.0,IND,PF,58,1.0,9.0,1.7,3.2,0.541,0.1,0.5,0.258,1.6,2.6,0.599,0.563,0.3,0.5,0.613,0.7,1.4,2.2,0.4,0.2,0.3,0.2,0.6,3.9,0
2020,NBA,T.J. Leaf,leaftj01,22.0,IND,PF,28,1.0,7.9,1.3,3.1,0.419,0.2,0.6,0.278,1.1,2.4,0.456,0.448,0.3,0.6,0.438,0.8,1.7,2.5,0.3,0.4,0.1,0.3,0.8,3.0,0
2016,NBA,T.J. McConnell,mccontj01,23.0,PHI,PG,81,17.0,19.8,2.7,5.7,0.47,0.4,1.1,0.348,2.3,4.6,0.499,0.503,0.3,0.5,0.634,0.5,2.6,3.1,4.5,1.2,0.1,1.7,1.4,6.1,0
2017,NBA,T.J. McConnell,mccontj01,24.0,PHI,PG,81,51.0,26.3,2.9,6.3,0.461,0.1,0.7,0.2,2.8,5.6,0.492,0.472,0.9,1.1,0.811,0.5,2.6,3.1,6.6,1.7,0.1,2.0,1.7,6.9,0
2018,NBA,T.J. McConnell,mccontj01,25.0,PHI,PG,76,1.0,22.4,2.8,5.5,0.499,0.4,0.8,0.435,2.4,4.7,0.51,0.531,0.4,0.5,0.795,0.5,2.5,3.0,4.0,1.2,0.2,1.5,1.6,6.3,0
2019,NBA,T.J. McConnell,mccontj01,26.0,PHI,PG,76,3.0,19.3,2.9,5.5,0.525,0.2,0.6,0.333,2.7,5.0,0.546,0.542,0.4,0.5,0.784,0.4,1.9,2.3,3.4,1.0,0.2,1.2,1.4,6.4,0
2020,NBA,T.J. McConnell,mccontj01,27.0,IND,PG,71,3.0,18.7,3.0,5.8,0.516,0.1,0.2,0.294,2.9,5.5,0.525,0.522,0.5,0.6,0.833,0.5,2.1,2.7,5.0,0.8,0.2,1.4,1.0,6.5,0
2021,NBA,T.J. McConnell,mccontj01,28.0,IND,PG,69,3.0,26.0,4.0,7.1,0.559,0.2,0.7,0.313,3.8,6.4,0.586,0.574,0.5,0.7,0.688,0.8,2.9,3.7,6.6,1.9,0.3,2.0,1.6,8.6,0
2022,NBA,T.J. McConnell,mccontj01,29.0,IND,PG,27,8.0,24.1,3.7,7.7,0.481,0.4,1.2,0.303,3.3,6.5,0.514,0.505,0.7,0.9,0.826,0.7,2.6,3.3,4.9,1.1,0.4,1.1,2.0,8.5,0
2023,NBA,T.J. McConnell,mccontj01,30.0,IND,PG,75,6.0,20.3,3.8,6.9,0.543,0.3,0.8,0.441,3.4,6.2,0.556,0.568,0.8,0.9,0.853,0.6,2.5,3.1,5.3,1.1,0.1,1.9,1.4,8.7,0
2024,NBA,T.J. McConnell,mccontj01,31.0,IND,PG,71,4.0,18.2,4.6,8.4,0.556,0.3,0.6,0.409,4.4,7.7,0.568,0.572,0.7,0.9,0.79,0.5,2.2,2.7,5.5,1.0,0.1,1.5,1.1,10.2,0
2015,NBA,T.J. Warren,warretj01,21.0,PHO,SF,40,1.0,15.4,2.8,5.4,0.528,0.1,0.5,0.238,2.7,4.8,0.56,0.54,0.4,0.5,0.737,1.0,1.1,2.1,0.6,0.5,0.2,0.7,1.3,6.1,0
2016,NBA,T.J. Warren,warretj01,22.0,PHO,SF,47,4.0,22.8,4.7,9.4,0.501,0.6,1.5,0.4,4.1,7.9,0.52,0.533,1.0,1.4,0.703,1.2,1.9,3.1,0.9,0.8,0.3,0.7,2.0,11.0,0
2017,NBA,T.J. Warren,warretj01,23.0,PHO,SF,66,59.0,31.0,6.1,12.3,0.495,0.4,1.5,0.265,5.7,10.8,0.527,0.511,1.8,2.3,0.773,1.9,3.2,5.1,1.1,1.2,0.6,0.9,2.7,14.4,0
2018,NBA,T.J. Warren,warretj01,24.0,PHO,SF,65,65.0,33.0,8.1,16.4,0.498,0.3,1.4,0.222,7.8,15.0,0.523,0.507,3.0,3.9,0.757,1.9,3.2,5.1,1.3,1.0,0.6,1.3,2.3,19.6,0
2019,NBA,T.J. Warren,warretj01,25.0,PHO,SF,43,36.0,31.6,6.9,14.2,0.486,1.8,4.2,0.428,5.1,10.0,0.51,0.549,2.3,2.9,0.815,0.7,3.3,4.0,1.5,1.2,0.7,1.2,2.8,18.0,0
2020,NBA,T.J. Warren,warretj01,26.0,IND,SF,67,67.0,32.9,8.0,14.9,0.536,1.4,3.4,0.403,6.6,11.5,0.575,0.581,2.5,3.0,0.819,1.0,3.2,4.2,1.5,1.2,0.5,1.3,2.8,19.8,0
2023,NBA,T.J. Warren,warretj01,29.0,2TM,PF,42,0.0,16.4,3.1,6.4,0.489,0.5,1.6,0.328,2.6,4.8,0.542,0.53,0.7,0.8,0.8,0.6,2.3,2.9,1.0,0.5,0.3,0.5,1.5,7.5,0
2015,NBA,Taj Gibson,gibsota01,29.0,CHI,PF,62,17.0,27.3,4.1,8.2,0.502,0.0,0.0,0.0,4.1,8.2,0.502,0.502,2.1,3.0,0.717,2.6,3.8,6.4,1.1,0.6,1.2,1.2,2.6,10.3,0
2016,NBA,Taj Gibson,gibsota01,30.0,CHI,PF,73,55.0,26.5,3.6,6.8,0.526,0.0,0.0,0.0,3.6,6.8,0.529,0.526,1.4,2.0,0.692,2.8,4.1,6.9,1.5,0.6,1.1,1.1,2.5,8.6,0
2017,NBA,Taj Gibson,gibsota01,31.0,2TM,PF,78,71.0,25.5,4.7,9.1,0.515,0.0,0.2,0.231,4.6,8.9,0.52,0.517,1.4,2.0,0.715,2.0,4.2,6.2,0.9,0.5,0.8,1.3,2.1,10.8,0
2018,NBA,Taj Gibson,gibsota01,32.0,MIN,PF,82,82.0,33.2,5.2,9.0,0.577,0.1,0.4,0.2,5.1,8.6,0.595,0.581,1.7,2.3,0.768,2.4,4.8,7.1,1.2,0.8,0.7,1.1,2.7,12.2,0
2019,NBA,Taj Gibson,gibsota01,33.0,MIN,PF,70,57.0,24.1,4.3,7.7,0.566,0.2,0.5,0.324,4.2,7.2,0.583,0.576,1.9,2.5,0.757,2.5,4.1,6.5,1.2,0.8,0.6,1.0,2.7,10.8,0
2020,NBA,Taj Gibson,gibsota01,34.0,NYK,C,62,56.0,16.5,2.7,4.6,0.584,0.1,0.2,0.286,2.6,4.4,0.599,0.591,0.7,0.9,0.732,1.8,2.5,4.3,0.8,0.4,0.5,0.8,2.0,6.1,0
2021,NBA,Taj Gibson,gibsota01,35.0,NYK,C,45,3.0,20.8,2.2,3.5,0.627,0.1,0.3,0.2,2.1,3.2,0.671,0.636,0.9,1.2,0.727,2.2,3.4,5.6,0.8,0.7,1.1,0.5,2.2,5.4,0
2022,NBA,Taj Gibson,gibsota01,36.0,NYK,C,52,4.0,18.2,1.7,3.2,0.518,0.3,0.7,0.395,1.4,2.5,0.555,0.563,0.8,1.0,0.808,1.7,2.7,4.4,0.6,0.4,0.8,0.5,2.6,4.4,0
2023,NBA,Taj Gibson,gibsota01,37.0,WAS,C,49,2.0,9.8,1.3,2.6,0.52,0.2,0.5,0.333,1.2,2.1,0.564,0.552,0.6,0.9,0.714,0.7,1.2,1.9,0.7,0.3,0.2,0.5,1.7,3.4,0
2024,NBA,Taj Gibson,gibsota01,38.0,2TM,PF,20,1.0,10.2,0.8,1.9,0.405,0.1,0.5,0.2,0.7,1.4,0.481,0.432,0.1,0.1,1.0,0.6,1.3,1.9,0.6,0.2,0.4,0.3,1.6,1.7,0
2021,NBA,Talen Horton-Tucker,hortota01,20.0,LAL,SG,65,4.0,20.1,3.4,7.5,0.458,0.6,2.0,0.282,2.9,5.5,0.522,0.496,1.5,2.0,0.775,0.4,2.2,2.6,2.8,1.0,0.3,1.6,2.0,9.0,0
2022,NBA,Talen Horton-Tucker,hortota01,21.0,LAL,SG,60,19.0,25.2,3.7,9.0,0.416,0.8,3.0,0.269,2.9,5.9,0.492,0.462,1.7,2.1,0.8,0.6,2.6,3.2,2.7,1.0,0.5,1.4,2.5,10.0,0
2023,NBA,Talen Horton-Tucker,hortota01,22.0,UTA,SG,65,20.0,20.2,4.0,9.4,0.419,0.9,3.1,0.286,3.1,6.3,0.485,0.467,1.9,2.6,0.75,0.6,2.6,3.2,3.8,0.6,0.4,1.9,1.7,10.7,0
2024,NBA,Talen Horton-Tucker,hortota01,23.0,UTA,PG,51,11.0,19.8,3.6,9.1,0.396,1.2,3.6,0.33,2.4,5.5,0.438,0.46,1.7,2.1,0.807,0.4,2.0,2.4,3.5,0.9,0.4,1.3,1.8,10.1,0
2023,NBA,Tari Eason,easonta01,21.0,HOU,PF,82,5.0,21.5,3.6,8.0,0.448,0.7,2.1,0.343,2.9,6.0,0.486,0.493,1.3,1.8,0.752,2.4,3.7,6.0,1.1,1.2,0.6,1.2,2.3,9.3,0
2024,NBA,Tari Eason,easonta01,22.0,HOU,PF,22,0.0,21.8,4.0,8.6,0.466,0.8,2.3,0.36,3.2,6.3,0.504,0.513,1.0,1.5,0.636,2.1,4.9,7.0,1.2,1.4,0.9,0.9,2.3,9.8,0
2015,NBA,Tarik Black,blackta01,23.0,2TM,C,63,39.0,19.0,2.5,4.3,0.575,0.0,0.0,0.0,2.5,4.3,0.577,0.575,1.0,1.9,0.551,2.3,3.6,5.8,0.7,0.3,0.4,0.8,2.5,6.0,0
2016,NBA,Tarik Black,blackta01,24.0,LAL,C,39,0.0,12.7,1.5,2.7,0.548,0.0,0.0,0.0,1.5,2.7,0.548,0.548,0.5,1.2,0.422,1.1,2.9,4.0,0.4,0.4,0.5,0.6,2.0,3.4,0
2017,NBA,Tarik Black,blackta01,25.0,LAL,C,67,16.0,16.3,2.2,4.4,0.51,0.0,0.0,0.5,2.2,4.4,0.51,0.512,1.2,1.6,0.752,2.1,3.0,5.1,0.6,0.4,0.7,0.9,2.6,5.7,0
2018,NBA,Tarik Black,blackta01,26.0,HOU,C,51,2.0,10.5,1.5,2.5,0.591,0.0,0.2,0.091,1.5,2.3,0.638,0.594,0.6,1.2,0.46,1.2,2.0,3.2,0.3,0.4,0.6,0.7,2.1,3.5,0
2017,NBA,Taurean Prince,princta02,22.0,ATL,SF,59,10.0,16.6,1.9,4.8,0.4,0.6,1.7,0.324,1.4,3.1,0.443,0.458,1.3,1.6,0.787,0.4,2.2,2.7,0.9,0.7,0.5,1.0,1.6,5.7,0
2018,NBA,Taurean Prince,princta02,23.0,ATL,SF,82,82.0,30.0,5.1,11.9,0.426,2.1,5.6,0.385,2.9,6.3,0.461,0.516,1.9,2.2,0.844,0.6,4.1,4.7,2.6,1.0,0.5,2.3,2.0,14.1,0
2019,NBA,Taurean Prince,princta02,24.0,ATL,SF,55,47.0,28.2,4.8,10.8,0.441,2.2,5.7,0.39,2.5,5.1,0.498,0.545,1.7,2.1,0.819,0.4,3.2,3.6,2.1,1.0,0.3,1.8,2.6,13.5,0
2020,NBA,Taurean Prince,princta02,25.0,BRK,PF,64,61.0,29.0,4.3,11.5,0.376,2.3,6.7,0.339,2.1,4.8,0.429,0.475,1.1,1.4,0.798,0.8,5.2,6.0,1.8,0.9,0.4,2.0,2.5,12.1,0
2021,NBA,Taurean Prince,princta02,26.0,2TM,PF,41,10.0,22.1,3.2,8.0,0.401,1.5,3.8,0.4,1.7,4.2,0.401,0.495,1.6,1.9,0.855,0.5,3.0,3.5,1.9,0.7,0.6,1.1,1.8,9.5,0
2022,NBA,Taurean Prince,princta02,27.0,MIN,PF,69,8.0,17.1,2.6,5.7,0.454,1.2,3.3,0.376,1.3,2.3,0.565,0.564,0.9,1.2,0.756,0.4,2.1,2.5,1.0,0.7,0.3,0.8,1.7,7.3,0
2023,NBA,Taurean Prince,princta02,28.0,MIN,PF,54,4.0,22.1,3.3,7.0,0.467,1.4,3.6,0.381,1.9,3.4,0.557,0.565,1.2,1.4,0.844,0.3,2.2,2.4,1.6,0.5,0.3,1.3,2.3,9.1,0
2024,NBA,Taurean Prince,princta02,29.0,LAL,PF,78,49.0,27.0,3.2,7.3,0.442,1.8,4.6,0.396,1.4,2.8,0.519,0.566,0.6,0.9,0.735,0.3,2.7,2.9,1.5,0.7,0.4,0.9,1.9,8.9,0
2024,NBA,Taylor Hendricks,hendrta01,20.0,UTA,PF,40,23.0,21.4,2.7,6.0,0.45,1.3,3.5,0.379,1.4,2.5,0.55,0.56,0.6,0.7,0.793,1.2,3.5,4.6,0.8,0.7,0.8,0.7,1.9,7.3,0
2015,NBA,Tayshaun Prince,princta01,34.0,3TM,SF,58,16.0,24.1,3.1,6.9,0.44,0.5,1.2,0.463,2.5,5.8,0.436,0.479,0.8,1.1,0.754,0.9,2.7,3.6,1.6,0.5,0.3,0.6,0.9,7.5,0
2016,NBA,Tayshaun Prince,princta01,35.0,MIN,SF,77,44.0,19.0,1.3,3.0,0.445,0.1,0.3,0.174,1.3,2.7,0.476,0.454,0.2,0.2,0.684,0.4,1.5,1.9,0.9,0.5,0.2,0.4,0.8,2.9,0
2020,NBA,Terance Mann,mannte01,23.0,LAC,SF,41,6.0,8.8,0.9,1.9,0.468,0.2,0.5,0.35,0.7,1.4,0.508,0.513,0.4,0.7,0.667,0.2,1.1,1.3,1.3,0.3,0.1,0.4,1.1,2.4,0
2021,NBA,Terance Mann,mannte01,24.0,LAC,SG,67,10.0,18.9,2.7,5.2,0.509,0.6,1.4,0.418,2.1,3.9,0.541,0.563,1.2,1.4,0.83,0.8,2.8,3.6,1.6,0.4,0.2,0.6,1.9,7.0,0
2022,NBA,Terance Mann,mannte01,25.0,LAC,SF,81,33.0,28.6,4.1,8.5,0.484,0.9,2.6,0.365,3.2,6.0,0.535,0.539,1.6,2.0,0.78,1.3,4.0,5.2,2.6,0.7,0.3,1.0,2.2,10.8,0
2023,NBA,Terance Mann,mannte01,26.0,LAC,SG,81,36.0,23.1,3.4,6.5,0.519,1.0,2.4,0.389,2.4,4.0,0.598,0.593,1.1,1.5,0.78,1.0,2.5,3.4,2.3,0.5,0.3,1.0,1.8,8.8,0
2024,NBA,Terance Mann,mannte01,27.0,LAC,SG,75,71.0,25.0,3.4,6.6,0.515,0.9,2.7,0.348,2.4,3.9,0.633,0.587,1.1,1.3,0.832,1.2,2.2,3.4,1.6,0.6,0.2,0.6,1.9,8.8,0
2020,NBA,Terence Davis,daviste02,22.0,TOR,SG,72,4.0,16.8,2.8,6.1,0.456,1.3,3.4,0.388,1.5,2.7,0.541,0.564,0.7,0.8,0.864,0.7,2.6,3.3,1.6,0.5,0.2,1.1,1.7,7.5,0
2021,NBA,Terence Davis,daviste02,23.0,2TM,SG,61,4.0,17.6,3.2,7.5,0.428,1.6,4.4,0.367,1.6,3.1,0.513,0.535,0.7,0.9,0.818,0.3,2.2,2.5,1.4,0.7,0.2,1.0,1.6,8.7,0
2022,NBA,Terence Davis,daviste02,24.0,SAC,SG,30,11.0,17.9,3.8,8.9,0.423,1.6,5.0,0.329,2.1,3.9,0.542,0.515,1.2,1.5,0.818,0.4,2.8,3.1,1.3,0.8,0.4,1.1,2.3,10.4,0
2023,NBA,Terence Davis,daviste02,25.0,SAC,SG,64,5.0,13.1,2.4,5.7,0.423,1.4,3.8,0.366,1.0,1.9,0.537,0.545,0.5,0.7,0.791,0.3,1.9,2.2,1.0,0.7,0.2,0.8,1.6,6.7,0
2018,NBA,Terrance Ferguson,fergute01,19.0,OKC,SG,61,12.0,12.5,1.1,2.8,0.414,0.7,2.0,0.333,0.5,0.8,0.612,0.533,0.1,0.2,0.9,0.3,0.5,0.8,0.3,0.4,0.2,0.2,1.4,3.1,0
2019,NBA,Terrance Ferguson,fergute01,20.0,OKC,SG,74,74.0,26.1,2.5,5.8,0.429,1.4,3.9,0.366,1.1,1.9,0.56,0.552,0.5,0.7,0.725,0.4,1.5,1.9,1.0,0.5,0.2,0.6,3.1,6.9,0
2020,NBA,Terrance Ferguson,fergute01,21.0,OKC,SF,56,38.0,22.4,1.4,3.9,0.355,0.9,3.0,0.292,0.5,0.9,0.558,0.466,0.3,0.4,0.75,0.4,0.9,1.3,0.9,0.5,0.3,0.6,2.8,3.9,0
2015,NBA,Terrence Jones,joneste01,23.0,HOU,PF,33,24.0,26.9,4.8,9.1,0.528,0.4,1.1,0.351,4.4,7.9,0.553,0.55,1.7,2.8,0.606,2.4,4.3,6.7,1.1,0.5,1.8,1.1,2.4,11.7,0
2016,NBA,Terrence Jones,joneste01,24.0,HOU,PF,50,11.0,20.9,3.3,7.3,0.452,0.5,1.6,0.316,2.8,5.8,0.49,0.486,1.5,2.3,0.664,1.2,3.0,4.2,0.8,0.5,0.8,1.0,1.7,8.7,0
2017,NBA,Terrence Jones,joneste01,25.0,2TM,PF,54,12.0,23.5,4.3,9.1,0.47,0.4,1.4,0.253,3.9,7.7,0.508,0.489,1.9,3.1,0.606,1.2,4.5,5.7,1.1,0.7,1.0,0.9,1.2,10.8,0
2015,NBA,Terrence Ross,rosste01,23.0,TOR,SF,82,61.0,25.5,3.8,9.2,0.41,1.8,4.8,0.372,2.0,4.4,0.452,0.507,0.5,0.7,0.786,0.4,2.4,2.8,1.0,0.6,0.3,0.8,1.7,9.8,0
2016,NBA,Terrence Ross,rosste01,24.0,TOR,SF,73,7.0,23.9,3.7,8.6,0.431,1.8,4.6,0.386,1.9,3.9,0.484,0.536,0.7,0.8,0.79,0.3,2.2,2.5,0.8,0.7,0.3,0.6,1.6,9.9,0
2017,NBA,Terrence Ross,rosste01,25.0,2TM,SF,78,24.0,25.1,4.2,9.6,0.437,1.8,5.0,0.363,2.4,4.6,0.518,0.532,0.8,1.0,0.831,0.2,2.4,2.6,1.1,1.1,0.4,0.9,1.8,11.0,0
2018,NBA,Terrence Ross,rosste01,26.0,ORL,SG,24,20.0,25.0,3.2,8.0,0.398,1.3,3.9,0.323,1.9,4.1,0.469,0.476,1.1,1.5,0.75,0.4,2.6,3.0,1.6,1.1,0.5,1.2,1.9,8.7,0
2019,NBA,Terrence Ross,rosste01,27.0,ORL,SG,81,0.0,26.5,5.4,12.7,0.428,2.7,7.0,0.383,2.8,5.7,0.484,0.534,1.6,1.8,0.875,0.3,3.1,3.5,1.7,0.9,0.4,1.1,1.5,15.1,0
2020,NBA,Terrence Ross,rosste01,28.0,ORL,SG,69,0.0,27.4,4.9,12.3,0.403,2.6,7.3,0.351,2.4,5.0,0.48,0.508,2.3,2.7,0.853,0.2,3.0,3.2,1.2,1.1,0.3,1.0,1.6,14.7,0
2021,NBA,Terrence Ross,rosste01,29.0,ORL,SG,46,2.0,29.3,5.5,13.4,0.412,1.9,5.7,0.337,3.6,7.7,0.469,0.485,2.6,3.0,0.87,0.3,3.1,3.4,2.3,1.0,0.5,1.6,1.9,15.6,0
2022,NBA,Terrence Ross,rosste01,30.0,ORL,SG,63,0.0,23.0,3.5,8.8,0.397,1.2,4.2,0.292,2.3,4.6,0.493,0.467,1.8,2.1,0.862,0.3,2.2,2.6,1.8,0.4,0.2,1.2,1.1,10.0,0
2023,NBA,Terrence Ross,rosste01,31.0,2TM,SG,63,9.0,21.1,3.2,7.4,0.43,1.5,4.1,0.368,1.7,3.3,0.507,0.532,0.4,0.5,0.794,0.3,2.1,2.4,1.5,0.6,0.2,0.7,1.5,8.3,0
2016,NBA,Terry Rozier,roziete01,21.0,BOS,PG,39,0.0,8.0,0.7,2.7,0.274,0.2,0.7,0.222,0.6,2.0,0.291,0.302,0.2,0.3,0.8,0.6,1.0,1.6,0.9,0.2,0.0,0.5,0.6,1.8,0
2017,NBA,Terry Rozier,roziete01,22.0,BOS,PG,74,0.0,17.1,2.0,5.6,0.367,0.8,2.4,0.318,1.3,3.1,0.405,0.437,0.7,0.9,0.773,0.5,2.5,3.1,1.8,0.6,0.1,0.6,0.9,5.5,0
2018,NBA,Terry Rozier,roziete01,23.0,BOS,PG,80,16.0,25.9,4.0,10.0,0.395,1.9,5.0,0.381,2.0,5.0,0.41,0.491,1.4,1.9,0.772,0.8,3.9,4.7,2.9,1.0,0.2,1.0,1.5,11.3,0
2019,NBA,Terry Rozier,roziete01,24.0,BOS,PG,79,14.0,22.7,3.3,8.4,0.387,1.5,4.3,0.353,1.8,4.2,0.422,0.477,0.9,1.2,0.785,0.4,3.5,3.9,2.9,0.9,0.3,0.9,1.3,9.0,0
2020,NBA,Terry Rozier,roziete01,25.0,CHO,PG,63,63.0,34.3,6.3,14.9,0.423,2.7,6.7,0.407,3.6,8.2,0.436,0.514,2.6,3.0,0.874,0.8,3.6,4.4,4.1,1.0,0.2,2.2,2.0,18.0,0
2021,NBA,Terry Rozier,roziete01,26.0,CHO,SG,69,69.0,34.5,7.4,16.4,0.45,3.2,8.3,0.389,4.2,8.2,0.512,0.548,2.4,2.9,0.817,0.7,3.7,4.4,4.2,1.3,0.4,1.9,1.7,20.4,0
2022,NBA,Terry Rozier,roziete01,27.0,CHO,SG,73,73.0,33.7,7.1,16.0,0.444,3.0,8.1,0.374,4.1,7.9,0.516,0.539,2.1,2.4,0.852,0.8,3.5,4.3,4.5,1.3,0.3,1.3,1.6,19.3,0
2023,NBA,Terry Rozier,roziete01,28.0,CHO,SG,63,63.0,35.3,7.8,18.9,0.415,2.6,8.0,0.327,5.2,10.8,0.48,0.484,2.8,3.5,0.809,0.8,3.3,4.1,5.1,1.2,0.3,2.1,1.9,21.1,0
2024,NBA,Terry Rozier,roziete01,29.0,2TM,SG,61,60.0,33.4,7.2,16.4,0.443,2.4,6.7,0.363,4.8,9.6,0.498,0.518,2.8,3.2,0.869,0.6,3.5,4.0,5.6,1.0,0.3,1.7,1.7,19.8,0
2022,NBA,Terry Taylor,taylote01,22.0,IND,PF,33,7.0,21.6,4.1,6.7,0.614,0.4,1.2,0.316,3.7,5.5,0.676,0.641,1.1,1.5,0.706,2.9,2.3,5.2,1.2,0.4,0.2,0.7,1.8,9.6,0
2023,NBA,Terry Taylor,taylote01,23.0,2TM,PF,31,2.0,8.5,1.3,2.4,0.52,0.2,0.6,0.263,1.1,1.8,0.607,0.553,0.2,0.4,0.545,0.9,0.6,1.5,0.3,0.1,0.2,0.3,0.8,2.9,0
2024,NBA,Terry Taylor,taylote01,24.0,CHI,PF,31,0.0,6.1,0.6,1.3,0.513,0.1,0.3,0.222,0.6,1.0,0.6,0.538,0.1,0.2,0.8,0.5,0.6,1.2,0.3,0.2,0.1,0.2,0.5,1.5,0
2015,NBA,Thabo Sefolosha,sefolth01,30.0,ATL,SF,52,7.0,18.8,2.0,4.8,0.418,0.5,1.5,0.321,1.5,3.3,0.462,0.468,0.9,1.1,0.776,1.0,3.3,4.3,1.4,1.0,0.4,0.7,1.3,5.3,0
2016,NBA,Thabo Sefolosha,sefolth01,31.0,ATL,SF,75,11.0,23.4,2.5,5.0,0.505,0.6,1.7,0.339,1.9,3.3,0.589,0.562,0.8,1.3,0.626,0.7,3.8,4.5,1.4,1.1,0.5,0.9,1.5,6.4,0
2017,NBA,Thabo Sefolosha,sefolth01,32.0,ATL,SF,62,42.0,25.7,2.8,6.4,0.441,0.7,1.9,0.342,2.1,4.4,0.484,0.492,0.9,1.2,0.733,0.9,3.5,4.4,1.7,1.5,0.5,0.9,1.6,7.2,0
2018,NBA,Thabo Sefolosha,sefolth01,33.0,UTA,SF,38,6.0,21.2,3.1,6.3,0.492,0.8,2.2,0.381,2.3,4.1,0.551,0.558,1.2,1.4,0.815,0.8,3.5,4.2,0.9,1.4,0.3,0.8,1.6,8.2,0
2019,NBA,Thabo Sefolosha,sefolth01,34.0,UTA,SF,50,2.0,12.2,1.4,3.0,0.477,0.7,1.6,0.436,0.7,1.4,0.521,0.591,0.3,0.4,0.636,0.2,2.3,2.5,0.5,0.9,0.1,0.5,0.8,3.8,0
2020,NBA,Thabo Sefolosha,sefolth01,35.0,HOU,PF,41,0.0,10.6,0.9,2.2,0.407,0.4,1.3,0.278,0.5,0.9,0.595,0.489,0.1,0.2,0.375,0.5,1.8,2.3,0.6,0.6,0.3,0.4,1.0,2.2,0
2015,NBA,Thaddeus Young,youngth01,26.0,2TM,PF,76,68.0,32.0,5.9,12.7,0.466,0.5,1.5,0.33,5.4,11.2,0.484,0.486,1.7,2.6,0.655,1.7,3.7,5.4,2.3,1.6,0.3,1.5,2.3,14.1,0
2016,NBA,Thaddeus Young,youngth01,27.0,BRK,PF,73,73.0,33.0,6.8,13.2,0.514,0.1,0.4,0.233,6.7,12.8,0.523,0.518,1.4,2.2,0.644,2.4,6.6,9.0,1.9,1.5,0.5,1.9,2.5,15.1,0
2017,NBA,Thaddeus Young,youngth01,28.0,IND,PF,74,74.0,30.2,4.9,9.3,0.527,0.6,1.6,0.381,4.3,7.7,0.557,0.56,0.6,1.2,0.523,1.8,4.3,6.1,1.6,1.5,0.4,1.3,1.8,11.0,0
2018,NBA,Thaddeus Young,youngth01,29.0,IND,PF,81,81.0,32.2,5.2,10.7,0.487,0.7,2.2,0.32,4.5,8.4,0.531,0.521,0.7,1.1,0.598,2.3,4.0,6.3,1.9,1.7,0.4,1.3,2.2,11.8,0
2019,NBA,Thaddeus Young,youngth01,30.0,IND,PF,81,81.0,30.7,5.5,10.4,0.527,0.6,1.8,0.349,4.8,8.6,0.564,0.557,1.1,1.7,0.644,2.4,4.1,6.5,2.5,1.5,0.4,1.5,2.4,12.6,0
2020,NBA,Thaddeus Young,youngth01,31.0,CHI,PF,64,16.0,24.9,4.2,9.4,0.448,1.2,3.5,0.356,3.0,5.9,0.501,0.513,0.7,1.1,0.583,1.5,3.5,4.9,1.8,1.4,0.4,1.6,2.1,10.3,0
2021,NBA,Thaddeus Young,youngth01,32.0,CHI,PF,68,23.0,24.3,5.4,9.7,0.559,0.2,0.7,0.267,5.3,9.1,0.58,0.568,1.0,1.7,0.628,2.5,3.8,6.2,4.3,1.1,0.6,2.0,2.2,12.1,0
2022,NBA,Thaddeus Young,youngth01,33.0,2TM,PF,52,1.0,16.3,2.7,5.2,0.518,0.3,0.9,0.354,2.4,4.3,0.554,0.55,0.4,0.9,0.469,1.5,2.5,4.0,2.0,1.0,0.3,1.0,1.6,6.2,0
2023,NBA,Thaddeus Young,youngth01,34.0,TOR,PF,54,9.0,14.7,2.0,3.7,0.545,0.1,0.6,0.176,1.9,3.0,0.622,0.561,0.3,0.5,0.692,1.3,1.8,3.1,1.4,1.0,0.1,0.8,1.6,4.4,0
2024,NBA,Thaddeus Young,youngth01,35.0,2TM,PF,33,6.0,13.3,2.0,3.3,0.602,0.0,0.2,0.143,1.9,3.1,0.634,0.606,0.2,0.5,0.4,1.4,1.7,3.1,1.7,0.7,0.2,0.5,1.5,4.2,0
2020,NBA,Thanasis Antetokounmpo,antetth01,27.0,MIL,SF,20,2.0,6.5,1.2,2.4,0.5,0.0,0.5,0.0,1.2,1.9,0.632,0.5,0.4,0.9,0.412,0.6,0.6,1.2,0.8,0.4,0.1,0.6,0.9,2.8,0
2021,NBA,Thanasis Antetokounmpo,antetth01,28.0,MIL,SF,57,3.0,9.7,1.2,2.4,0.489,0.1,0.5,0.241,1.1,1.9,0.556,0.515,0.4,0.9,0.51,0.9,1.2,2.2,0.8,0.4,0.2,0.8,1.3,2.9,0
2022,NBA,Thanasis Antetokounmpo,antetth01,29.0,MIL,SF,48,6.0,9.9,1.5,2.7,0.547,0.0,0.3,0.143,1.4,2.4,0.596,0.555,0.6,1.0,0.63,0.8,1.3,2.1,0.5,0.3,0.3,0.5,1.4,3.6,0
2023,NBA,Thanasis Antetokounmpo,antetth01,30.0,MIL,PF,37,0.0,5.6,0.5,1.2,0.435,0.0,0.2,0.0,0.5,1.0,0.526,0.435,0.3,0.6,0.5,0.4,0.8,1.2,0.4,0.1,0.1,0.3,0.6,1.4,0
2024,NBA,Thanasis Antetokounmpo,antetth01,31.0,MIL,PF,34,0.0,4.6,0.5,0.9,0.533,0.0,0.0,0.0,0.5,0.9,0.552,0.533,0.0,0.1,0.0,0.2,0.2,0.4,0.5,0.2,0.1,0.4,0.7,0.9,0
2020,NBA,Theo Pinson,pinsoth01,24.0,BRK,SG,33,0.0,11.1,1.4,4.7,0.29,0.5,2.4,0.188,0.9,2.3,0.4,0.339,0.5,0.5,0.938,0.3,1.3,1.6,1.7,0.5,0.1,1.0,1.1,3.6,0
2023,NBA,Theo Pinson,pinsoth01,27.0,DAL,SG,40,1.0,8.1,0.8,2.2,0.356,0.6,1.6,0.355,0.2,0.6,0.36,0.483,0.3,0.3,0.846,0.3,1.3,1.6,1.2,0.2,0.0,0.3,0.9,2.4,0
2019,NBA,Thomas Bryant,bryanth01,21.0,WAS,C,72,53.0,20.8,4.3,7.0,0.616,0.5,1.4,0.333,3.8,5.6,0.685,0.648,1.5,1.9,0.781,1.6,4.7,6.3,1.3,0.3,0.9,0.8,1.8,10.5,0
2020,NBA,Thomas Bryant,bryanth01,22.0,WAS,C,46,36.0,24.9,5.3,9.1,0.581,0.8,2.0,0.407,4.5,7.1,0.63,0.626,1.9,2.5,0.741,2.1,5.1,7.2,1.8,0.5,1.1,1.2,2.2,13.2,0
2022,NBA,Thomas Bryant,bryanth01,24.0,WAS,C,27,9.0,16.3,2.9,5.5,0.52,0.4,1.6,0.286,2.4,3.9,0.613,0.561,1.3,1.5,0.875,1.0,3.0,4.0,0.9,0.2,0.8,0.7,1.6,7.4,0
2023,NBA,Thomas Bryant,bryanth01,25.0,2TM,C,59,26.0,18.3,3.9,6.3,0.623,0.4,1.0,0.441,3.5,5.3,0.658,0.659,1.6,2.1,0.738,1.5,4.3,5.7,0.5,0.3,0.5,0.6,1.7,9.8,0
2024,NBA,Thomas Bryant,bryanth01,26.0,MIA,C,38,4.0,11.6,2.3,3.9,0.577,0.1,0.6,0.182,2.2,3.3,0.646,0.591,1.1,1.2,0.872,1.1,2.7,3.7,0.6,0.3,0.4,0.6,1.2,5.7,0
2015,NBA,Thomas Robinson,robinth01,23.0,2TM,PF,54,4.0,14.8,2.3,4.8,0.485,0.0,0.0,0.0,2.3,4.8,0.488,0.485,1.0,2.0,0.528,1.8,3.9,5.6,0.6,0.6,0.4,1.1,1.9,5.7,0
2016,NBA,Thomas Robinson,robinth01,24.0,BRK,PF,71,7.0,12.9,1.8,4.1,0.447,0.0,0.0,0.0,1.8,4.1,0.448,0.447,0.7,1.5,0.431,1.9,3.1,5.1,0.6,0.5,0.5,1.0,1.6,4.3,0
2017,NBA,Thomas Robinson,robinth01,25.0,LAL,PF,48,1.0,11.7,2.2,4.1,0.536,0.0,0.0,0.0,2.2,4.1,0.538,0.536,0.6,1.4,0.47,1.8,2.9,4.6,0.6,0.5,0.2,1.0,1.6,5.0,0
2017,NBA,Thon Maker,makerth01,19.0,MIL,C,57,34.0,9.9,1.5,3.2,0.459,0.5,1.3,0.378,1.0,1.9,0.514,0.536,0.6,0.9,0.653,0.7,1.3,2.0,0.4,0.2,0.5,0.3,1.5,4.0,0
2018,NBA,Thon Maker,makerth01,20.0,MIL,C,74,12.0,16.7,1.8,4.3,0.411,0.4,1.4,0.298,1.3,2.9,0.467,0.46,0.9,1.3,0.699,1.0,2.0,3.0,0.6,0.5,0.7,0.6,2.2,4.8,0
2019,NBA,Thon Maker,makerth01,21.0,2TM,PF,64,5.0,15.2,1.7,4.2,0.407,0.8,2.4,0.32,0.9,1.8,0.522,0.498,0.9,1.3,0.667,0.6,2.5,3.2,0.7,0.3,0.8,0.5,1.6,5.0,0
2020,NBA,Thon Maker,makerth01,22.0,DET,C,60,14.0,12.9,1.6,3.2,0.482,0.4,1.1,0.344,1.2,2.2,0.55,0.539,1.2,1.8,0.664,0.9,1.9,2.8,0.7,0.4,0.7,0.8,1.7,4.7,0
2021,NBA,Théo Maledon,maledth01,19.0,OKC,PG,65,49.0,27.4,3.5,9.4,0.368,1.6,4.8,0.335,1.9,4.6,0.402,0.454,1.6,2.1,0.748,0.4,2.9,3.2,3.5,0.9,0.2,2.2,1.9,10.1,0
2022,NBA,Théo Maledon,maledth01,20.0,OKC,PG,51,7.0,17.8,2.3,6.2,0.375,0.9,2.9,0.293,1.5,3.3,0.449,0.445,1.5,2.0,0.79,0.4,2.2,2.6,2.2,0.6,0.2,1.3,1.3,7.1,0
2023,NBA,Théo Maledon,maledth01,21.0,CHO,PG,44,7.0,19.4,2.3,5.8,0.402,0.6,2.2,0.295,1.7,3.6,0.465,0.457,1.4,1.7,0.851,0.3,2.5,2.8,3.5,0.8,0.3,1.3,1.4,6.7,0
2015,NBA,Tiago Splitter,splitti01,30.0,SAS,C,52,35.0,19.8,3.3,5.8,0.558,0.0,0.0,0.0,3.3,5.8,0.558,0.558,1.7,2.3,0.75,1.8,3.1,4.8,1.5,0.7,0.7,1.2,2.0,8.2,0
2016,NBA,Tiago Splitter,splitti01,31.0,ATL,C,36,2.0,16.1,2.3,4.3,0.523,0.0,0.1,0.0,2.3,4.3,0.529,0.523,1.1,1.3,0.813,1.3,2.1,3.3,0.8,0.6,0.3,0.7,2.0,5.6,0
2015,NBA,Tim Duncan,duncati01,38.0,SAS,C,77,77.0,28.9,5.4,10.6,0.512,0.0,0.1,0.286,5.4,10.5,0.514,0.513,3.0,4.0,0.74,2.2,6.9,9.1,3.0,0.8,2.0,1.7,2.1,13.9,1
2016,NBA,Tim Duncan,duncati01,39.0,SAS,C,61,60.0,25.2,3.5,7.2,0.488,0.0,0.0,0.0,3.5,7.2,0.49,0.488,1.5,2.1,0.702,1.9,5.4,7.3,2.7,0.8,1.3,1.5,2.0,8.6,0
2016,NBA,Tim Frazier,fraziti01,25.0,2TM,PG,51,2.0,14.5,1.9,4.5,0.419,0.3,0.9,0.333,1.6,3.5,0.442,0.454,1.0,1.5,0.716,0.5,1.6,2.2,3.2,0.6,0.0,1.3,1.4,5.1,0
2017,NBA,Tim Frazier,fraziti01,26.0,NOP,PG,65,35.0,23.5,2.5,6.2,0.403,0.6,2.0,0.313,1.9,4.2,0.446,0.453,1.5,2.0,0.76,0.5,2.1,2.7,5.2,0.9,0.1,1.6,2.0,7.1,0
2018,NBA,Tim Frazier,fraziti01,27.0,WAS,PG,59,11.0,14.2,1.2,2.9,0.395,0.3,0.9,0.304,0.9,2.0,0.44,0.445,0.4,0.5,0.767,0.3,1.6,1.9,3.3,0.8,0.1,1.0,1.6,3.0,0
2019,NBA,Tim Frazier,fraziti01,28.0,2TM,PG,59,19.0,19.0,2.0,4.4,0.444,0.6,1.7,0.366,1.3,2.7,0.494,0.515,0.7,0.9,0.759,0.7,2.2,2.8,4.2,0.5,0.1,1.3,1.9,5.3,0
2020,NBA,Tim Frazier,fraziti01,29.0,DET,PG,27,11.0,13.1,1.3,3.5,0.362,0.4,1.1,0.333,0.9,2.4,0.375,0.415,0.7,0.9,0.792,0.3,0.9,1.2,3.4,0.5,0.1,1.3,1.6,3.6,0
2015,NBA,Tim Hardaway Jr.,hardati02,22.0,NYK,SG,70,30.0,24.0,4.0,10.2,0.389,1.7,5.1,0.342,2.3,5.2,0.435,0.474,1.8,2.2,0.801,0.2,2.1,2.2,1.8,0.3,0.2,1.2,1.7,11.5,0
2016,NBA,Tim Hardaway Jr.,hardati02,23.0,ATL,SG,51,1.0,16.9,2.2,5.2,0.43,0.9,2.8,0.338,1.3,2.4,0.537,0.521,1.0,1.1,0.893,0.1,1.5,1.7,1.0,0.4,0.1,0.5,0.9,6.4,0
2017,NBA,Tim Hardaway Jr.,hardati02,24.0,ATL,SG,79,30.0,27.3,5.3,11.5,0.455,1.9,5.3,0.357,3.4,6.3,0.537,0.537,2.1,2.7,0.766,0.4,2.4,2.8,2.3,0.7,0.2,1.3,1.3,14.5,0
2018,NBA,Tim Hardaway Jr.,hardati02,25.0,NYK,SG,57,54.0,33.1,6.3,15.0,0.421,2.3,7.2,0.317,4.0,7.8,0.516,0.496,2.6,3.1,0.816,0.6,3.4,3.9,2.7,1.1,0.2,1.6,2.2,17.5,0
2019,NBA,Tim Hardaway Jr.,hardati02,26.0,2TM,SG,65,63.0,31.6,6.0,15.3,0.393,2.5,7.3,0.34,3.5,7.9,0.442,0.474,3.6,4.2,0.841,0.5,2.9,3.4,2.4,0.8,0.1,1.6,2.2,18.1,0
2020,NBA,Tim Hardaway Jr.,hardati02,27.0,DAL,SG,71,58.0,29.5,5.4,12.5,0.434,2.9,7.2,0.398,2.5,5.2,0.485,0.55,2.1,2.6,0.819,0.4,2.9,3.3,1.9,0.6,0.1,1.0,1.8,15.8,0
2021,NBA,Tim Hardaway Jr.,hardati02,28.0,DAL,SG,70,31.0,28.4,5.8,13.0,0.447,3.0,7.6,0.391,2.9,5.5,0.524,0.56,2.0,2.5,0.816,0.3,3.0,3.3,1.8,0.4,0.2,0.9,1.6,16.6,0
2022,NBA,Tim Hardaway Jr.,hardati02,29.0,DAL,SG,42,20.0,29.6,5.0,12.6,0.394,2.4,7.2,0.336,2.5,5.4,0.473,0.491,1.9,2.5,0.757,0.3,3.4,3.7,2.2,0.9,0.1,0.8,1.8,14.2,0
2023,NBA,Tim Hardaway Jr.,hardati02,30.0,DAL,SF,71,45.0,30.3,4.8,11.9,0.401,3.0,7.7,0.385,1.8,4.2,0.431,0.527,1.8,2.3,0.77,0.3,3.2,3.5,1.8,0.7,0.2,0.8,1.7,14.4,0
2024,NBA,Tim Hardaway Jr.,hardati02,31.0,DAL,SF,79,12.0,26.8,5.0,12.4,0.402,2.7,7.6,0.353,2.3,4.8,0.478,0.51,1.8,2.1,0.852,0.3,2.9,3.2,1.8,0.5,0.1,0.9,1.3,14.4,0
2015,NBA,Timofey Mozgov,mozgoti01,28.0,2TM,C,81,80.0,25.2,3.9,7.0,0.555,0.0,0.1,0.333,3.9,6.9,0.557,0.557,1.9,2.7,0.718,2.5,4.8,7.3,0.7,0.4,1.2,1.4,2.8,9.7,0
2016,NBA,Timofey Mozgov,mozgoti01,29.0,CLE,C,76,48.0,17.4,2.7,4.7,0.565,0.0,0.1,0.143,2.7,4.6,0.574,0.567,0.9,1.3,0.716,1.4,3.0,4.4,0.4,0.3,0.8,0.9,2.1,6.3,0
2017,NBA,Timofey Mozgov,mozgoti01,30.0,LAL,C,54,52.0,20.4,3.1,6.1,0.515,0.0,0.0,0.0,3.1,6.1,0.517,0.515,1.2,1.4,0.808,1.9,3.0,4.9,0.8,0.3,0.6,1.3,2.5,7.4,0
2018,NBA,Timofey Mozgov,mozgoti01,31.0,BRK,C,31,13.0,11.6,1.7,3.0,0.559,0.1,0.6,0.222,1.5,2.4,0.64,0.581,0.7,1.0,0.767,1.0,2.1,3.2,0.4,0.2,0.4,1.1,1.3,4.2,0
2017,NBA,Timothé Luwawu-Cabarrot,luwawti01,21.0,PHI,SF,69,19.0,17.2,2.1,5.2,0.402,0.7,2.3,0.311,1.4,2.9,0.475,0.471,1.5,1.8,0.854,0.4,1.8,2.2,1.1,0.5,0.1,1.1,2.2,6.4,0
2018,NBA,Timothé Luwawu-Cabarrot,luwawti01,22.0,PHI,SF,52,7.0,15.5,1.9,5.1,0.375,1.0,3.0,0.335,0.9,2.1,0.431,0.474,0.9,1.1,0.793,0.3,1.1,1.4,1.0,0.2,0.1,0.7,1.9,5.8,0
2019,NBA,Timothé Luwawu-Cabarrot,luwawti01,23.0,2TM,SF,50,7.0,13.4,1.6,4.4,0.376,0.7,2.3,0.31,0.9,2.0,0.451,0.459,0.6,0.8,0.756,0.2,1.7,1.9,0.5,0.4,0.2,0.4,1.5,4.6,0
2020,NBA,Timothé Luwawu-Cabarrot,luwawti01,24.0,BRK,SF,47,2.0,18.1,2.5,5.7,0.435,1.3,3.4,0.388,1.2,2.3,0.505,0.55,1.5,1.7,0.852,0.6,2.1,2.7,0.6,0.4,0.1,0.8,2.3,7.8,0
2021,NBA,Timothé Luwawu-Cabarrot,luwawti01,25.0,BRK,SF,58,7.0,18.1,2.2,6.1,0.365,1.3,4.1,0.314,0.9,2.0,0.47,0.471,0.6,0.7,0.814,0.5,1.7,2.2,1.2,0.6,0.1,0.7,1.7,6.4,0
2022,NBA,Timothé Luwawu-Cabarrot,luwawti01,26.0,ATL,SF,52,18.0,13.2,1.4,3.6,0.398,0.8,2.3,0.361,0.6,1.2,0.469,0.516,0.7,0.8,0.854,0.3,1.3,1.6,0.8,0.3,0.1,0.4,1.5,4.4,0
2015,NBA,Tobias Harris,harrito02,22.0,ORL,SF,68,63.0,34.8,6.5,14.0,0.466,1.3,3.5,0.364,5.2,10.4,0.5,0.512,2.8,3.6,0.788,1.1,5.3,6.3,1.8,1.0,0.5,1.7,2.0,17.1,0
2016,NBA,Tobias Harris,harrito02,23.0,2TM,PF,76,74.0,33.1,5.5,11.7,0.469,1.1,3.1,0.335,4.4,8.6,0.518,0.514,2.7,3.2,0.831,1.3,5.4,6.7,2.2,0.9,0.5,1.4,2.0,14.7,0
2017,NBA,Tobias Harris,harrito02,24.0,DET,PF,82,48.0,31.3,6.2,13.0,0.481,1.3,3.8,0.347,4.9,9.1,0.537,0.532,2.3,2.8,0.841,0.8,4.3,5.1,1.7,0.7,0.5,1.2,1.6,16.1,0
2018,NBA,Tobias Harris,harrito02,25.0,2TM,PF,80,80.0,33.4,7.0,15.3,0.46,2.3,5.6,0.411,4.7,9.7,0.488,0.535,2.2,2.7,0.829,0.7,4.7,5.5,2.4,0.9,0.4,1.3,2.1,18.6,0
2019,NBA,Tobias Harris,harrito02,26.0,2TM,PF,82,82.0,34.7,7.5,15.3,0.487,1.9,4.8,0.397,5.5,10.5,0.528,0.549,3.2,3.7,0.866,0.8,7.0,7.9,2.8,0.6,0.5,1.8,2.2,20.0,0
2020,NBA,Tobias Harris,harrito02,27.0,PHI,PF,72,72.0,34.3,7.7,16.3,0.471,1.8,5.0,0.367,5.9,11.3,0.517,0.527,2.4,3.0,0.806,1.0,5.9,6.9,3.2,0.7,0.6,1.4,2.3,19.6,0
2021,NBA,Tobias Harris,harrito02,28.0,PHI,PF,62,62.0,32.5,7.6,14.9,0.512,1.3,3.4,0.394,6.3,11.5,0.546,0.556,2.9,3.3,0.892,1.0,5.8,6.8,3.5,0.9,0.8,1.7,1.9,19.5,0
2022,NBA,Tobias Harris,harrito02,29.0,PHI,PF,73,73.0,34.8,6.8,14.0,0.482,1.4,3.8,0.367,5.4,10.2,0.525,0.532,2.3,2.8,0.842,1.1,5.7,6.8,3.5,0.6,0.6,1.6,2.2,17.2,0
2023,NBA,Tobias Harris,harrito02,30.0,PHI,SF,74,74.0,32.9,5.7,11.4,0.501,1.7,4.4,0.389,4.0,7.0,0.57,0.575,1.5,1.7,0.876,0.9,4.8,5.7,2.5,0.9,0.5,1.2,2.0,14.7,0
2024,NBA,Tobias Harris,harrito02,31.0,PHI,PF,70,70.0,33.8,6.6,13.6,0.487,1.3,3.7,0.353,5.3,9.9,0.537,0.535,2.7,3.0,0.878,1.1,5.3,6.5,3.1,1.0,0.7,1.3,1.6,17.2,0
2017,NBA,Tomáš Satoranský,satorto01,25.0,WAS,SG,57,3.0,12.6,1.1,2.6,0.415,0.2,0.6,0.243,0.9,1.9,0.473,0.446,0.4,0.6,0.697,0.4,1.0,1.5,1.6,0.5,0.1,0.7,1.1,2.7,0
2018,NBA,Tomáš Satoranský,satorto01,26.0,WAS,SG,73,30.0,22.5,2.8,5.3,0.523,0.6,1.4,0.465,2.1,3.9,0.544,0.585,1.0,1.3,0.781,1.0,2.2,3.2,3.9,0.7,0.2,1.1,1.8,7.2,0
2019,NBA,Tomáš Satoranský,satorto01,27.0,WAS,PG,80,54.0,27.1,3.2,6.6,0.485,0.8,2.0,0.395,2.4,4.6,0.524,0.545,1.6,2.0,0.819,1.0,2.5,3.5,5.0,1.0,0.2,1.5,2.2,8.9,0
2020,NBA,Tomáš Satoranský,satorto01,28.0,CHI,SG,65,64.0,28.9,3.6,8.5,0.43,1.0,3.1,0.322,2.7,5.4,0.491,0.488,1.6,1.9,0.876,1.2,2.7,3.9,5.4,1.2,0.1,2.0,2.1,9.9,0
2021,NBA,Tomáš Satoranský,satorto01,29.0,CHI,SG,58,18.0,22.5,2.9,5.7,0.514,0.7,2.0,0.356,2.2,3.6,0.602,0.578,1.2,1.4,0.848,0.5,1.9,2.4,4.7,0.7,0.2,1.7,1.5,7.7,0
2022,NBA,Tomáš Satoranský,satorto01,30.0,3TM,SG,55,13.0,16.5,1.3,3.5,0.377,0.2,1.0,0.208,1.1,2.5,0.442,0.406,0.8,1.0,0.796,0.5,1.8,2.3,3.3,0.5,0.1,0.8,1.3,3.6,0
2016,NBA,Toney Douglas,douglto01,29.0,NOP,PG,61,18.0,20.7,3.0,7.3,0.411,1.3,3.3,0.399,1.7,4.0,0.421,0.502,1.4,1.6,0.848,0.4,1.9,2.3,2.6,1.1,0.1,1.0,2.1,8.7,0
2017,NBA,Toney Douglas,douglto01,30.0,MEM,PG,24,0.0,16.4,1.8,4.9,0.368,0.3,1.8,0.167,1.5,3.1,0.48,0.397,1.0,1.2,0.828,0.5,2.0,2.5,2.3,0.8,0.2,0.9,2.1,4.9,0
2015,NBA,Tony Allen,allento01,33.0,MEM,SG,63,41.0,26.2,3.6,7.2,0.495,0.2,0.5,0.345,3.4,6.8,0.505,0.505,1.3,2.0,0.627,1.6,2.8,4.4,1.4,2.0,0.5,1.4,2.6,8.6,0
2016,NBA,Tony Allen,allento01,34.0,MEM,SG,64,57.0,25.3,3.4,7.3,0.458,0.2,0.7,0.357,3.1,6.7,0.468,0.474,1.4,2.2,0.652,1.6,3.0,4.6,1.1,1.7,0.3,1.2,2.7,8.4,0
2017,NBA,Tony Allen,allento01,35.0,MEM,SG,71,66.0,27.0,3.9,8.4,0.461,0.2,0.8,0.278,3.6,7.6,0.479,0.473,1.1,1.8,0.615,2.3,3.2,5.5,1.4,1.6,0.4,1.4,2.5,9.1,0
2018,NBA,Tony Allen,allento01,36.0,NOP,SF,22,0.0,12.4,2.0,4.1,0.484,0.2,0.5,0.333,1.8,3.6,0.506,0.505,0.5,1.0,0.524,0.9,1.2,2.1,0.4,0.5,0.1,0.9,2.2,4.7,0
2020,NBA,Tony Bradley,bradlto01,22.0,UTA,C,58,3.0,11.4,2.2,3.3,0.667,0.1,0.1,1.0,2.1,3.2,0.661,0.675,0.5,0.8,0.652,1.9,2.7,4.6,0.4,0.2,0.6,0.5,2.0,4.9,0
2021,NBA,Tony Bradley,bradlto01,23.0,2TM,C,42,8.0,16.3,3.1,4.7,0.665,0.0,0.1,0.0,3.1,4.6,0.675,0.665,0.9,1.3,0.691,2.0,3.7,5.7,0.9,0.4,0.7,0.8,1.5,7.1,0
2022,NBA,Tony Bradley,bradlto01,24.0,CHI,C,55,7.0,10.0,1.3,2.2,0.585,0.0,0.0,0.0,1.3,2.2,0.585,0.585,0.3,0.5,0.655,1.2,2.2,3.4,0.5,0.2,0.6,0.6,1.1,3.0,0
2015,NBA,Tony Parker,parketo01,32.0,SAS,PG,68,68.0,28.7,5.9,12.2,0.486,0.6,1.3,0.427,5.4,10.9,0.493,0.508,1.9,2.4,0.783,0.2,1.7,1.9,4.9,0.6,0.0,2.1,1.6,14.4,0
2016,NBA,Tony Parker,parketo01,33.0,SAS,PG,72,72.0,27.5,4.9,9.9,0.493,0.4,0.9,0.415,4.5,9.0,0.501,0.512,1.8,2.4,0.76,0.2,2.2,2.4,5.3,0.8,0.2,1.8,1.6,11.9,0
2017,NBA,Tony Parker,parketo01,34.0,SAS,PG,63,63.0,25.2,4.2,9.0,0.466,0.4,1.1,0.333,3.8,7.9,0.484,0.486,1.3,1.9,0.726,0.1,1.7,1.8,4.5,0.5,0.0,1.4,1.5,10.1,0
2018,NBA,Tony Parker,parketo01,35.0,SAS,PG,55,21.0,19.5,3.2,7.1,0.459,0.2,0.7,0.27,3.1,6.4,0.479,0.472,1.0,1.4,0.705,0.1,1.6,1.7,3.5,0.5,0.0,1.2,0.9,7.7,0
2019,NBA,Tony Parker,parketo01,36.0,CHO,PG,56,0.0,17.9,3.8,8.3,0.46,0.2,0.9,0.255,3.6,7.4,0.485,0.474,1.6,2.2,0.734,0.3,1.2,1.5,3.7,0.4,0.1,1.3,0.9,9.5,0
2015,NBA,Tony Snell,snellto01,23.0,CHI,SF,72,22.0,19.6,2.2,5.2,0.429,1.0,2.7,0.371,1.2,2.4,0.494,0.527,0.6,0.8,0.8,0.4,2.0,2.4,0.9,0.4,0.2,0.7,1.2,6.0,0
2016,NBA,Tony Snell,snellto01,24.0,CHI,SF,64,33.0,20.3,2.0,5.3,0.372,0.9,2.4,0.361,1.1,2.9,0.38,0.454,0.5,0.5,0.909,0.3,2.8,3.1,1.0,0.3,0.3,0.8,1.6,5.3,0
2017,NBA,Tony Snell,snellto01,25.0,MIL,SG,80,80.0,29.2,3.1,6.8,0.455,1.8,4.4,0.406,1.3,2.3,0.548,0.588,0.6,0.7,0.81,0.3,2.8,3.1,1.2,0.7,0.2,0.7,1.6,8.5,0
2018,NBA,Tony Snell,snellto01,26.0,MIL,SG,75,59.0,27.4,2.5,5.7,0.435,1.4,3.6,0.403,1.0,2.1,0.49,0.562,0.5,0.6,0.792,0.1,1.8,1.9,1.3,0.6,0.4,0.5,1.5,6.9,0
2019,NBA,Tony Snell,snellto01,27.0,MIL,SF,74,12.0,17.6,2.2,4.9,0.452,1.1,2.8,0.397,1.1,2.1,0.522,0.564,0.5,0.6,0.881,0.4,1.7,2.1,0.9,0.4,0.2,0.3,1.2,6.0,0
2020,NBA,Tony Snell,snellto01,28.0,DET,SF,59,57.0,27.8,2.9,6.5,0.445,1.7,4.3,0.402,1.2,2.2,0.531,0.579,0.5,0.5,1.0,0.2,1.7,1.9,2.2,0.5,0.3,0.5,1.7,8.0,0
2021,NBA,Tony Snell,snellto01,29.0,ATL,SG,47,23.0,21.1,1.9,3.6,0.515,1.3,2.3,0.569,0.6,1.3,0.419,0.696,0.2,0.2,1.0,0.4,2.0,2.4,1.3,0.3,0.2,0.4,1.6,5.3,0
2022,NBA,Tony Snell,snellto01,30.0,2TM,SG,53,12.0,15.5,1.3,3.2,0.404,0.8,2.4,0.352,0.5,0.8,0.558,0.535,0.1,0.1,1.0,0.3,1.6,1.9,0.5,0.3,0.2,0.4,1.3,3.5,0
2015,NBA,Tony Wroten,wroteto01,21.0,PHI,PG,30,15.0,29.8,5.8,14.5,0.403,1.2,4.7,0.261,4.6,9.7,0.473,0.446,4.0,6.0,0.667,0.7,2.1,2.9,5.2,1.6,0.3,3.8,2.4,16.9,0
2018,NBA,Torrey Craig,craigto01,27.0,DEN,SF,39,5.0,16.1,1.6,3.5,0.453,0.4,1.5,0.293,1.2,2.0,0.57,0.515,0.6,0.9,0.629,1.0,2.2,3.3,0.6,0.3,0.4,0.5,1.6,4.2,0
2019,NBA,Torrey Craig,craigto01,28.0,DEN,SF,75,37.0,20.0,2.1,4.8,0.442,0.8,2.5,0.324,1.3,2.3,0.569,0.526,0.7,0.9,0.7,1.2,2.3,3.5,1.0,0.5,0.6,0.6,2.3,5.7,0
2020,NBA,Torrey Craig,craigto01,29.0,DEN,SF,58,27.0,18.5,2.1,4.6,0.461,0.8,2.4,0.326,1.4,2.3,0.603,0.545,0.4,0.6,0.611,1.1,2.2,3.3,0.8,0.4,0.6,0.4,2.3,5.4,0
2021,NBA,Torrey Craig,craigto01,30.0,2TM,SF,50,8.0,16.1,2.2,4.5,0.48,0.8,2.1,0.368,1.4,2.4,0.579,0.566,0.3,0.4,0.773,1.1,2.8,3.9,1.0,0.6,0.5,0.5,1.7,5.5,0
2022,NBA,Torrey Craig,craigto01,31.0,2TM,SF,78,16.0,20.5,2.6,5.7,0.454,1.0,3.0,0.329,1.6,2.7,0.594,0.541,0.5,0.7,0.75,1.1,2.9,4.0,1.2,0.6,0.5,0.9,1.9,6.6,0
2023,NBA,Torrey Craig,craigto01,32.0,PHO,PF,79,60.0,24.7,2.9,6.3,0.456,1.3,3.2,0.395,1.6,3.1,0.518,0.556,0.4,0.6,0.711,1.8,3.6,5.4,1.5,0.6,0.8,0.9,2.3,7.4,0
2024,NBA,Torrey Craig,craigto01,33.0,CHI,SF,53,14.0,19.8,2.0,4.7,0.43,1.1,2.9,0.392,0.9,1.8,0.49,0.55,0.5,0.7,0.75,1.3,2.8,4.1,1.1,0.6,0.4,0.6,2.1,5.7,0
2024,NBA,Toumani Camara,camarto01,23.0,POR,PF,70,49.0,24.8,2.8,6.3,0.45,0.8,2.5,0.337,2.0,3.8,0.523,0.516,1.1,1.4,0.758,2.0,2.9,4.9,1.2,0.9,0.5,1.2,2.5,7.5,0
2019,NBA,Trae Young,youngtr01,20.0,ATL,PG,81,81.0,30.9,6.5,15.5,0.418,1.9,6.0,0.324,4.6,9.6,0.477,0.48,4.2,5.1,0.829,0.8,2.9,3.7,8.1,0.9,0.2,3.8,1.7,19.1,0
2020,NBA,Trae Young,youngtr01,21.0,ATL,PG,60,60.0,35.3,9.1,20.8,0.437,3.4,9.5,0.361,5.7,11.4,0.501,0.519,8.0,9.3,0.86,0.5,3.7,4.3,9.3,1.1,0.1,4.8,1.7,29.6,1
2021,NBA,Trae Young,youngtr01,22.0,ATL,PG,63,63.0,33.7,7.7,17.7,0.438,2.2,6.3,0.343,5.6,11.3,0.491,0.499,7.7,8.7,0.886,0.6,3.3,3.9,9.4,0.8,0.2,4.1,1.8,25.3,0
2022,NBA,Trae Young,youngtr01,23.0,ATL,PG,76,76.0,34.9,9.4,20.3,0.46,3.1,8.0,0.382,6.3,12.3,0.512,0.536,6.6,7.3,0.904,0.7,3.1,3.7,9.7,0.9,0.1,4.0,1.7,28.4,1
2023,NBA,Trae Young,youngtr01,24.0,ATL,PG,73,73.0,34.8,8.2,19.0,0.429,2.1,6.3,0.335,6.1,12.7,0.476,0.485,7.8,8.8,0.886,0.8,2.2,3.0,10.2,1.1,0.1,4.1,1.4,26.2,0
2024,NBA,Trae Young,youngtr01,25.0,ATL,PG,54,54.0,36.0,8.0,18.7,0.43,3.2,8.7,0.373,4.8,10.0,0.479,0.516,6.4,7.5,0.855,0.4,2.3,2.8,10.8,1.3,0.2,4.4,2.0,25.7,1
2015,NBA,Travis Wear,weartr01,24.0,NYK,SF,51,1.0,13.2,1.6,4.1,0.402,0.2,0.6,0.367,1.4,3.5,0.408,0.428,0.4,0.5,0.769,0.6,1.5,2.1,0.8,0.3,0.2,0.7,1.1,3.9,0
2024,NBA,Trayce Jackson-Davis,jackstr02,23.0,GSW,PF,68,16.0,16.6,3.4,4.9,0.702,0.0,0.0,0.0,3.4,4.9,0.704,0.702,1.1,1.9,0.561,2.0,3.0,5.0,1.2,0.4,1.1,0.7,1.6,7.9,0
2021,NBA,Tre Jones,jonestr01,21.0,SAS,PG,37,1.0,7.3,1.0,2.1,0.474,0.1,0.1,0.6,0.9,2.0,0.466,0.494,0.5,0.5,0.895,0.2,0.4,0.6,1.1,0.2,0.0,0.4,0.4,2.5,0
2022,NBA,Tre Jones,jonestr01,22.0,SAS,PG,69,11.0,16.6,2.4,4.9,0.49,0.1,0.7,0.196,2.3,4.2,0.542,0.504,1.0,1.3,0.78,0.4,1.8,2.2,3.4,0.6,0.1,0.7,1.1,6.0,0
2023,NBA,Tre Jones,jonestr01,23.0,SAS,PG,68,65.0,29.2,5.0,10.9,0.459,0.7,2.3,0.285,4.4,8.6,0.506,0.489,2.2,2.5,0.86,0.8,2.8,3.6,6.6,1.3,0.1,1.6,1.4,12.9,0
2024,NBA,Tre Jones,jonestr01,24.0,SAS,PG,77,48.0,27.8,3.9,7.8,0.505,0.8,2.5,0.335,3.1,5.3,0.584,0.558,1.3,1.5,0.856,0.8,3.0,3.8,6.2,1.0,0.1,1.5,1.2,10.0,0
2022,NBA,Tre Mann,manntr01,20.0,OKC,PG,60,26.0,22.8,3.9,9.8,0.393,1.6,4.5,0.36,2.2,5.3,0.421,0.476,1.1,1.4,0.793,0.4,2.4,2.9,1.5,0.8,0.2,1.2,1.7,10.4,0
2023,NBA,Tre Mann,manntr01,21.0,OKC,PG,67,5.0,17.7,2.9,7.5,0.393,1.2,3.8,0.315,1.7,3.6,0.475,0.474,0.6,0.8,0.764,0.4,1.9,2.3,1.8,0.6,0.2,0.9,1.5,7.7,0
2024,NBA,Tre Mann,manntr01,22.0,2TM,PG,41,28.0,24.1,3.5,7.7,0.459,1.1,3.1,0.373,2.4,4.6,0.516,0.533,1.1,1.4,0.763,0.5,3.1,3.6,4.0,1.2,0.1,1.6,1.2,9.3,0
2021,NBA,Tremont Waters,watertr01,23.0,BOS,PG,26,3.0,9.2,1.3,3.2,0.405,0.6,1.5,0.395,0.7,1.8,0.413,0.494,0.6,0.7,0.941,0.2,0.6,0.8,2.4,0.6,0.0,1.0,0.7,3.8,0
2022,NBA,Trendon Watford,watfotr01,21.0,POR,SF,48,10.0,18.1,3.0,5.6,0.532,0.2,0.8,0.237,2.8,4.8,0.581,0.549,1.5,2.0,0.755,1.2,3.0,4.1,1.7,0.5,0.6,0.9,2.4,7.6,0
2023,NBA,Trendon Watford,watfotr01,22.0,POR,PF,62,12.0,19.1,2.9,5.2,0.56,0.4,1.0,0.391,2.5,4.2,0.602,0.599,1.2,1.6,0.72,0.7,3.2,3.8,2.1,0.5,0.2,1.1,1.9,7.4,0
2024,NBA,Trendon Watford,watfotr01,23.0,BRK,PF,63,2.0,13.6,2.6,4.9,0.527,0.4,1.1,0.397,2.2,3.9,0.564,0.571,1.2,1.5,0.794,0.8,2.3,3.1,1.3,0.4,0.3,1.0,1.7,6.9,0
2021,NBA,Trent Forrest,forretr01,22.0,UTA,PG,30,0.0,10.1,1.1,2.4,0.451,0.2,0.9,0.192,0.9,1.5,0.6,0.486,0.6,0.6,1.0,0.4,1.1,1.5,1.5,0.3,0.1,0.7,0.7,2.9,0
2022,NBA,Trent Forrest,forretr01,23.0,UTA,PG,60,6.0,12.8,1.3,2.6,0.49,0.1,0.5,0.185,1.2,2.1,0.555,0.506,0.6,0.8,0.792,0.4,1.3,1.7,1.8,0.5,0.1,0.8,0.7,3.3,0
2023,NBA,Trent Forrest,forretr01,24.0,ATL,SG,23,3.0,12.0,1.1,2.6,0.417,0.0,0.1,0.0,1.1,2.5,0.431,0.417,0.1,0.1,0.667,0.2,1.4,1.6,1.7,0.3,0.1,0.7,0.7,2.3,0
2024,NBA,Trent Forrest,forretr01,25.0,ATL,SG,38,0.0,10.9,0.9,2.4,0.378,0.1,0.3,0.2,0.8,2.1,0.4,0.389,0.3,0.4,0.765,0.3,1.1,1.3,2.4,0.3,0.1,0.5,0.7,2.2,0
2017,NBA,Treveon Graham,grahatr01,23.0,CHO,SG,27,1.0,7.0,0.7,1.5,0.475,0.3,0.6,0.6,0.4,0.9,0.4,0.588,0.4,0.6,0.667,0.2,0.6,0.8,0.2,0.2,0.0,0.1,0.7,2.1,0
2018,NBA,Treveon Graham,grahatr01,24.0,CHO,SG,63,2.0,16.7,1.5,3.5,0.434,0.6,1.5,0.412,0.9,2.0,0.452,0.525,0.7,0.9,0.695,0.7,1.3,1.9,0.9,0.5,0.0,0.4,1.7,4.3,0
2019,NBA,Treveon Graham,grahatr01,25.0,BRK,SG,35,21.0,20.4,1.8,5.5,0.335,1.1,3.7,0.297,0.7,1.8,0.413,0.435,0.5,0.6,0.818,0.7,2.4,3.1,1.0,0.4,0.2,0.5,1.9,5.3,0
2020,NBA,Treveon Graham,grahatr01,26.0,2TM,SF,55,20.0,16.9,1.6,4.4,0.36,0.6,2.2,0.275,1.0,2.2,0.443,0.428,0.7,1.0,0.643,0.9,1.8,2.7,0.8,0.4,0.1,0.5,1.9,4.4,0
2015,NBA,Trevor Ariza,arizatr01,29.0,HOU,SF,82,82.0,35.7,4.5,11.1,0.402,2.4,6.8,0.35,2.1,4.3,0.485,0.509,1.5,1.7,0.853,0.9,4.7,5.6,2.5,1.9,0.2,1.7,2.3,12.8,0
2016,NBA,Trevor Ariza,arizatr01,30.0,HOU,SF,81,81.0,35.3,4.4,10.6,0.416,2.3,6.2,0.371,2.1,4.4,0.478,0.523,1.6,2.0,0.783,0.8,3.7,4.5,2.3,2.0,0.3,1.4,2.2,12.7,0
2017,NBA,Trevor Ariza,arizatr01,31.0,HOU,SF,80,80.0,34.7,4.1,10.0,0.409,2.4,6.9,0.344,1.7,3.0,0.556,0.528,1.2,1.6,0.738,0.7,5.1,5.7,2.2,1.8,0.3,0.9,1.7,11.7,0
2018,NBA,Trevor Ariza,arizatr01,32.0,HOU,SF,67,67.0,33.9,4.0,9.7,0.412,2.5,6.9,0.368,1.5,2.8,0.519,0.542,1.1,1.3,0.854,0.5,3.9,4.4,1.6,1.5,0.2,0.8,2.0,11.7,0
2019,NBA,Trevor Ariza,arizatr01,33.0,2TM,SF,69,69.0,34.0,4.3,10.7,0.399,2.1,6.3,0.334,2.2,4.4,0.493,0.498,1.9,2.4,0.793,0.7,4.7,5.4,3.7,1.3,0.3,1.5,1.9,12.5,0
2020,NBA,Trevor Ariza,arizatr01,34.0,2TM,SF,53,21.0,28.2,2.7,6.1,0.438,1.5,3.9,0.372,1.2,2.2,0.556,0.557,1.2,1.4,0.838,0.6,4.0,4.6,1.7,1.3,0.3,1.1,2.1,8.0,0
2021,NBA,Trevor Ariza,arizatr01,35.0,MIA,SF,30,27.0,28.0,3.3,8.0,0.411,1.7,4.8,0.35,1.6,3.3,0.5,0.515,1.1,1.5,0.773,0.9,3.9,4.8,1.8,1.0,0.6,0.7,1.8,9.4,0
2022,NBA,Trevor Ariza,arizatr01,36.0,LAL,SF,24,11.0,19.3,1.4,4.1,0.333,0.8,3.1,0.27,0.5,1.0,0.52,0.434,0.4,0.8,0.556,0.4,3.0,3.4,1.1,0.5,0.3,0.5,0.8,4.0,0
2015,NBA,Trevor Booker,booketr01,27.0,UTA,PF,79,5.0,19.8,2.9,5.9,0.487,0.4,1.1,0.345,2.5,4.8,0.518,0.518,1.1,1.9,0.581,1.8,3.3,5.0,1.1,0.5,0.5,1.1,1.8,7.2,0
2016,NBA,Trevor Booker,booketr01,28.0,UTA,PF,79,2.0,20.7,2.4,4.9,0.49,0.2,0.5,0.293,2.3,4.4,0.513,0.505,0.9,1.3,0.67,2.1,3.6,5.7,1.1,0.7,0.5,1.0,2.1,5.9,0
2017,NBA,Trevor Booker,booketr01,29.0,BRK,PF,71,43.0,24.7,4.3,8.3,0.516,0.4,1.1,0.321,3.9,7.2,0.546,0.537,1.0,1.5,0.673,2.0,6.0,8.0,1.9,1.1,0.4,1.8,2.1,10.0,0
2018,NBA,Trevor Booker,booketr01,30.0,3TM,PF,68,7.0,17.0,2.6,5.0,0.516,0.1,0.5,0.242,2.5,4.6,0.545,0.528,1.0,1.4,0.71,1.7,3.0,4.7,1.2,0.4,0.3,0.9,1.8,6.3,0
2015,NBA,Trey Burke,burketr01,22.0,UTA,PG,76,43.0,30.1,4.9,13.2,0.368,1.6,5.1,0.318,3.2,8.1,0.4,0.43,1.4,1.9,0.752,0.4,2.3,2.7,4.3,0.9,0.2,1.6,1.6,12.8,0
2016,NBA,Trey Burke,burketr01,23.0,UTA,PG,64,0.0,21.3,4.1,9.9,0.413,1.4,4.0,0.344,2.7,5.9,0.46,0.483,1.0,1.3,0.817,0.3,1.5,1.8,2.3,0.5,0.1,1.3,1.3,10.6,0
2017,NBA,Trey Burke,burketr01,24.0,WAS,PG,57,0.0,12.3,2.0,4.5,0.455,0.5,1.2,0.443,1.5,3.2,0.459,0.516,0.4,0.5,0.759,0.1,0.7,0.8,1.8,0.2,0.1,0.8,0.9,5.0,0
2018,NBA,Trey Burke,burketr01,25.0,NYK,PG,36,9.0,21.8,5.4,10.7,0.503,1.1,2.9,0.362,4.3,7.8,0.556,0.552,1.0,1.6,0.649,0.4,1.6,2.0,4.7,0.7,0.1,1.2,1.2,12.8,0
2019,NBA,Trey Burke,burketr01,26.0,2TM,PG,58,8.0,19.4,4.1,9.4,0.431,1.0,2.7,0.352,3.1,6.7,0.463,0.482,1.8,2.1,0.831,0.5,1.2,1.7,2.7,0.6,0.1,0.8,1.0,10.9,0
2020,NBA,Trey Burke,burketr01,27.0,2TM,PG,33,1.0,15.8,2.8,6.3,0.45,1.0,2.3,0.427,1.9,4.1,0.463,0.526,0.7,0.9,0.793,0.5,1.0,1.5,2.5,0.5,0.1,0.6,1.0,7.4,0
2021,NBA,Trey Burke,burketr01,28.0,DAL,PG,62,1.0,14.7,2.4,5.7,0.428,0.9,2.6,0.354,1.5,3.0,0.492,0.51,0.8,0.9,0.895,0.2,0.7,0.9,1.3,0.6,0.1,0.5,1.0,6.6,0
2022,NBA,Trey Burke,burketr01,29.0,DAL,PG,42,0.0,10.5,2.0,5.1,0.391,0.6,2.0,0.317,1.4,3.2,0.436,0.451,0.5,0.5,0.87,0.1,0.7,0.8,1.4,0.3,0.0,0.6,0.9,5.1,0
2024,NBA,Trey Jemison,jemistr01,24.0,2TM,C,25,14.0,22.9,3.0,5.4,0.551,0.0,0.0,0.0,3.0,5.4,0.551,0.551,0.8,1.0,0.84,2.6,2.8,5.4,1.1,0.5,1.1,1.4,2.8,6.8,0
2016,NBA,Trey Lyles,lylestr01,20.0,UTA,PF,80,33.0,17.3,2.4,5.5,0.438,0.6,1.6,0.383,1.8,3.9,0.461,0.494,0.7,1.0,0.695,0.7,3.0,3.7,0.7,0.3,0.2,0.8,1.4,6.1,0
2017,NBA,Trey Lyles,lylestr01,21.0,UTA,PF,71,4.0,16.3,2.2,6.2,0.362,0.9,2.9,0.319,1.3,3.3,0.4,0.436,0.8,1.1,0.722,0.7,2.6,3.3,1.0,0.4,0.3,0.9,1.4,6.2,0
2018,NBA,Trey Lyles,lylestr01,22.0,DEN,PF,73,2.0,19.1,3.7,7.5,0.491,1.1,3.0,0.381,2.6,4.5,0.563,0.566,1.4,2.0,0.706,0.8,4.0,4.8,1.2,0.4,0.5,0.8,1.5,9.9,0
2019,NBA,Trey Lyles,lylestr01,23.0,DEN,PF,64,2.0,17.5,3.2,7.7,0.418,0.8,3.1,0.255,2.4,4.6,0.529,0.47,1.3,1.8,0.698,0.7,3.2,3.8,1.4,0.5,0.4,1.1,1.5,8.5,0
2020,NBA,Trey Lyles,lylestr01,24.0,SAS,PF,63,53.0,20.2,2.4,5.4,0.446,1.0,2.7,0.387,1.4,2.8,0.503,0.541,0.5,0.7,0.733,1.1,4.6,5.7,1.1,0.4,0.4,0.6,1.6,6.4,0
2021,NBA,Trey Lyles,lylestr01,25.0,SAS,PF,23,9.0,15.6,1.9,3.9,0.478,0.6,1.7,0.35,1.3,2.2,0.58,0.556,0.7,1.0,0.652,0.4,3.3,3.7,0.6,0.3,0.0,0.3,0.6,5.0,0
2022,NBA,Trey Lyles,lylestr01,26.0,2TM,PF,75,23.0,20.5,3.5,7.5,0.466,0.9,2.8,0.321,2.6,4.7,0.552,0.526,2.6,3.2,0.802,1.2,3.9,5.1,1.2,0.4,0.4,1.0,1.6,10.5,0
2023,NBA,Trey Lyles,lylestr01,27.0,SAC,PF,74,0.0,16.9,2.5,5.5,0.458,1.2,3.2,0.363,1.4,2.3,0.595,0.565,1.4,1.7,0.815,0.9,3.1,4.1,0.9,0.4,0.4,0.9,1.3,7.6,0
2024,NBA,Trey Lyles,lylestr01,28.0,SAC,PF,58,0.0,20.0,2.5,5.5,0.445,1.4,3.8,0.384,1.0,1.8,0.578,0.576,0.8,1.2,0.7,1.1,3.4,4.4,1.2,0.3,0.3,0.7,1.5,7.2,0
2022,NBA,Trey Murphy III,murphtr02,21.0,NOP,SF,62,1.0,13.9,1.8,4.5,0.394,1.1,3.0,0.382,0.6,1.5,0.418,0.522,0.7,0.8,0.882,0.8,1.6,2.4,0.6,0.4,0.1,0.3,1.0,5.4,0
2023,NBA,Trey Murphy III,murphtr02,22.0,NOP,SF,79,65.0,31.0,4.9,10.1,0.484,2.6,6.3,0.406,2.3,3.8,0.611,0.61,2.2,2.4,0.905,0.7,2.8,3.6,1.4,1.1,0.5,0.8,2.0,14.5,0
2024,NBA,Trey Murphy III,murphtr02,23.0,NOP,SF,57,23.0,29.6,4.8,10.9,0.443,3.0,7.8,0.38,1.9,3.1,0.602,0.579,2.2,2.6,0.815,0.7,4.2,4.9,2.2,0.9,0.5,0.6,1.2,14.8,0
2015,NBA,Tristan Thompson,thomptr01,23.0,CLE,PF,82,15.0,26.8,3.3,6.0,0.547,0.0,0.0,0.0,3.3,6.0,0.547,0.547,1.9,3.0,0.641,3.3,4.7,8.0,0.5,0.4,0.7,1.0,2.3,8.5,0
2016,NBA,Tristan Thompson,thomptr01,24.0,CLE,PF,82,34.0,27.7,3.0,5.1,0.588,0.0,0.0,0.0,3.0,5.1,0.588,0.588,1.8,3.0,0.616,3.3,5.7,9.0,0.8,0.5,0.6,0.7,2.5,7.8,0
2017,NBA,Tristan Thompson,thomptr01,25.0,CLE,C,78,78.0,29.9,3.4,5.6,0.6,0.0,0.0,0.0,3.4,5.6,0.604,0.6,1.4,2.7,0.498,3.7,5.5,9.2,1.0,0.5,1.1,0.8,2.3,8.1,0
2018,NBA,Tristan Thompson,thomptr01,26.0,CLE,C,53,22.0,20.2,2.5,4.4,0.562,0.0,0.0,0.0,2.5,4.4,0.562,0.562,0.8,1.5,0.544,2.4,4.3,6.6,0.6,0.3,0.3,0.7,1.9,5.8,0
2019,NBA,Tristan Thompson,thomptr01,27.0,CLE,C,43,40.0,27.9,4.7,8.8,0.529,0.0,0.0,0.0,4.7,8.8,0.529,0.529,1.6,2.5,0.642,4.0,6.2,10.2,2.0,0.7,0.4,1.4,2.1,10.9,0
2020,NBA,Tristan Thompson,thomptr01,28.0,CLE,C,57,51.0,30.2,5.1,9.9,0.512,0.2,0.4,0.391,4.9,9.5,0.518,0.52,1.7,2.8,0.615,4.0,6.2,10.1,2.1,0.6,0.9,1.8,2.2,12.0,0
2021,NBA,Tristan Thompson,thomptr01,29.0,BOS,C,54,43.0,23.8,3.1,6.0,0.518,0.0,0.1,0.0,3.1,6.0,0.523,0.518,1.3,2.2,0.592,3.1,5.0,8.1,1.2,0.4,0.6,1.1,2.2,7.6,0
2022,NBA,Tristan Thompson,thomptr01,30.0,3TM,C,57,6.0,15.7,2.5,4.7,0.528,0.0,0.1,0.333,2.5,4.6,0.53,0.53,1.1,2.0,0.526,2.1,2.9,5.1,0.6,0.4,0.4,0.8,1.7,6.0,0
2024,NBA,Tristan Thompson,thomptr01,32.0,CLE,C,49,0.0,11.2,1.5,2.4,0.608,0.0,0.0,0.0,1.5,2.4,0.613,0.608,0.3,1.1,0.288,1.5,2.1,3.6,1.0,0.2,0.3,0.6,1.2,3.3,0
2019,NBA,Troy Brown Jr.,browntr01,19.0,WAS,SF,52,10.0,14.0,1.9,4.5,0.415,0.4,1.3,0.319,1.4,3.2,0.455,0.462,0.6,0.9,0.681,0.7,2.1,2.8,1.5,0.4,0.1,0.6,1.1,4.8,0
2020,NBA,Troy Brown Jr.,browntr01,20.0,WAS,SF,69,22.0,25.8,4.0,9.0,0.439,0.9,2.6,0.341,3.1,6.4,0.479,0.488,1.6,2.0,0.784,1.1,4.4,5.6,2.6,1.2,0.1,1.1,1.9,10.4,0
2021,NBA,Troy Brown Jr.,browntr01,21.0,2TM,SF,34,0.0,15.4,1.8,4.2,0.431,0.6,2.1,0.314,1.2,2.2,0.541,0.507,0.4,0.6,0.714,0.6,2.5,3.1,0.9,0.3,0.2,0.6,1.4,4.7,0
2022,NBA,Troy Brown Jr.,browntr01,22.0,CHI,SF,66,7.0,16.0,1.6,3.9,0.419,0.7,2.0,0.353,0.9,1.9,0.488,0.51,0.3,0.4,0.769,0.6,2.5,3.1,1.0,0.5,0.1,0.4,0.9,4.3,0
2023,NBA,Troy Brown Jr.,browntr01,23.0,LAL,SF,76,45.0,24.5,2.6,6.1,0.43,1.4,3.7,0.381,1.2,2.4,0.505,0.545,0.4,0.5,0.872,0.8,3.2,4.1,1.3,0.8,0.2,0.6,1.6,7.1,0
2024,NBA,Troy Brown Jr.,browntr01,24.0,2TM,SF,59,15.0,14.0,1.4,3.8,0.372,0.8,2.4,0.333,0.6,1.4,0.435,0.476,0.5,0.6,0.865,0.4,2.0,2.4,1.0,0.4,0.1,0.5,0.7,4.2,0
2015,NBA,Troy Daniels,danietr01,23.0,3TM,SG,47,0.0,8.4,1.3,3.5,0.37,0.9,2.5,0.364,0.4,1.0,0.383,0.5,0.2,0.3,0.846,0.2,0.5,0.7,0.5,0.1,0.0,0.4,0.9,3.7,0
2016,NBA,Troy Daniels,danietr01,24.0,CHO,SG,43,0.0,11.1,2.1,4.3,0.476,1.4,2.8,0.484,0.7,1.5,0.462,0.634,0.1,0.2,0.556,0.2,1.2,1.3,0.5,0.3,0.1,0.6,0.9,5.6,0
2017,NBA,Troy Daniels,danietr01,25.0,MEM,SG,67,3.0,17.7,2.8,7.4,0.374,2.1,5.3,0.389,0.7,2.1,0.336,0.513,0.6,0.8,0.796,0.3,1.2,1.5,0.7,0.3,0.1,0.7,1.3,8.2,0
2018,NBA,Troy Daniels,danietr01,26.0,PHO,SG,79,15.0,20.5,2.9,7.3,0.403,2.3,5.8,0.4,0.6,1.5,0.419,0.563,0.7,0.8,0.875,0.2,1.5,1.6,0.6,0.3,0.1,0.7,1.7,8.9,0
2019,NBA,Troy Daniels,danietr01,27.0,PHO,SG,51,1.0,14.9,2.2,5.4,0.411,1.5,3.8,0.381,0.8,1.6,0.481,0.545,0.4,0.5,0.783,0.3,1.2,1.4,0.5,0.5,0.1,0.5,1.5,6.2,0
2020,NBA,Troy Daniels,danietr01,28.0,2TM,SG,47,0.0,11.3,1.5,4.0,0.387,1.0,2.8,0.348,0.6,1.1,0.481,0.511,0.2,0.3,0.625,0.3,0.9,1.1,0.4,0.2,0.1,0.3,0.8,4.3,0
2017,NBA,Troy Williams,willitr02,22.0,2TM,SF,30,16.0,18.6,2.4,5.6,0.437,0.6,2.1,0.29,1.8,3.5,0.524,0.491,0.7,1.1,0.656,0.5,1.8,2.3,0.8,0.9,0.3,1.1,2.0,6.2,0
2018,NBA,Troy Williams,willitr02,23.0,2TM,SF,21,1.0,14.6,2.4,5.2,0.468,0.5,1.8,0.289,1.9,3.4,0.563,0.518,1.0,1.4,0.667,1.0,2.0,3.0,0.8,1.0,0.2,0.9,1.6,6.3,0
2019,NBA,Troy Williams,willitr02,24.0,SAC,SF,21,0.0,14.9,2.1,4.7,0.449,0.7,2.1,0.318,1.4,2.6,0.556,0.52,0.4,0.7,0.6,0.6,2.2,2.8,0.5,0.5,0.4,0.4,1.8,5.3,0
2020,NBA,Ty Jerome,jeromty01,22.0,PHO,SG,31,0.0,10.6,1.2,3.6,0.336,0.5,1.6,0.28,0.8,2.0,0.381,0.398,0.4,0.5,0.75,0.2,1.3,1.5,1.4,0.5,0.1,0.6,0.9,3.3,0
2021,NBA,Ty Jerome,jeromty01,23.0,OKC,SG,33,1.0,23.9,3.9,8.7,0.446,2.2,5.1,0.423,1.7,3.6,0.479,0.57,0.8,1.0,0.765,0.3,2.5,2.8,3.6,0.6,0.2,1.4,1.8,10.7,0
2022,NBA,Ty Jerome,jeromty01,24.0,OKC,SG,48,4.0,16.7,2.6,6.8,0.378,1.1,3.9,0.29,1.5,3.0,0.493,0.46,0.8,1.0,0.809,0.4,1.2,1.6,2.3,0.6,0.1,0.8,1.5,7.1,0
2023,NBA,Ty Jerome,jeromty01,25.0,GSW,SG,45,2.0,18.1,2.6,5.4,0.488,0.8,2.0,0.389,1.8,3.4,0.546,0.56,0.8,0.9,0.927,0.2,1.6,1.7,3.0,0.5,0.1,0.7,1.4,6.9,0
2015,NBA,Ty Lawson,lawsoty01,27.0,DEN,PG,75,75.0,35.5,5.4,12.3,0.436,0.9,2.7,0.341,4.5,9.6,0.463,0.474,3.5,4.8,0.73,0.6,2.6,3.1,9.6,1.2,0.1,2.5,1.7,15.2,0
2016,NBA,Ty Lawson,lawsoty01,28.0,2TM,PG,66,13.0,21.4,2.1,5.4,0.393,0.5,1.6,0.333,1.6,3.7,0.419,0.444,0.9,1.3,0.686,0.4,1.4,1.8,3.6,0.8,0.1,1.4,1.3,5.7,0
2017,NBA,Ty Lawson,lawsoty01,29.0,SAC,PG,69,24.0,25.1,3.4,7.6,0.454,0.5,1.7,0.288,2.9,5.9,0.502,0.487,2.5,3.1,0.797,0.6,2.0,2.6,4.8,1.1,0.1,1.9,1.7,9.9,0
2023,NBA,TyTy Washington Jr.,washity02,21.0,HOU,PG,31,2.0,14.0,1.9,5.2,0.363,0.6,2.6,0.238,1.3,2.6,0.488,0.422,0.3,0.6,0.556,0.1,1.4,1.5,1.5,0.5,0.1,0.5,0.9,4.7,0
2018,NBA,Tyler Cavanaugh,cavanty01,23.0,ATL,PF,39,1.0,13.3,1.7,3.9,0.441,0.8,2.3,0.36,0.9,1.6,0.556,0.546,0.4,0.5,0.81,1.2,2.1,3.3,0.7,0.2,0.1,0.4,1.6,4.7,0
2021,NBA,Tyler Cook,cookty01,23.0,2TM,SF,32,1.0,13.7,2.2,3.2,0.67,0.0,0.1,0.5,2.1,3.2,0.673,0.675,0.5,1.1,0.486,0.9,2.1,3.0,0.5,0.3,0.1,0.7,1.1,4.9,0
2022,NBA,Tyler Cook,cookty01,24.0,CHI,PF,20,2.0,10.0,1.2,1.9,0.605,0.0,0.0,0.0,1.2,1.9,0.605,0.605,1.1,1.6,0.656,0.8,1.9,2.7,0.2,0.2,0.2,0.4,1.4,3.4,0
2018,NBA,Tyler Dorsey,dorsety01,21.0,ATL,SG,56,5.0,17.4,2.6,6.8,0.377,1.3,3.6,0.362,1.3,3.3,0.393,0.471,0.8,1.1,0.714,0.3,2.0,2.3,1.4,0.3,0.1,0.7,1.1,7.2,0
2019,NBA,Tyler Dorsey,dorsety01,22.0,2TM,SG,48,11.0,14.5,2.2,5.5,0.405,0.9,2.8,0.333,1.3,2.8,0.477,0.489,0.8,1.3,0.623,0.6,1.8,2.4,1.2,0.3,0.0,0.6,1.1,6.2,0
2015,NBA,Tyler Ennis,ennisty01,20.0,2TM,PG,33,1.0,12.5,1.6,4.4,0.361,0.4,1.3,0.279,1.2,3.1,0.396,0.403,0.2,0.2,0.714,0.2,0.8,1.1,2.2,0.5,0.2,1.3,1.1,3.7,0
2016,NBA,Tyler Ennis,ennisty01,21.0,MIL,PG,46,7.0,14.2,1.8,4.1,0.449,0.3,0.8,0.333,1.5,3.2,0.48,0.484,0.5,0.7,0.735,0.3,1.3,1.6,2.1,0.5,0.0,1.0,1.4,4.5,0
2017,NBA,Tyler Ennis,ennisty01,22.0,2TM,PG,53,2.0,11.1,1.7,3.9,0.433,0.5,1.3,0.386,1.2,2.6,0.457,0.498,0.4,0.5,0.84,0.2,0.7,0.8,1.6,0.5,0.0,0.8,1.1,4.3,0
2018,NBA,Tyler Ennis,ennisty01,23.0,LAL,PG,54,11.0,12.6,1.7,4.1,0.42,0.3,1.0,0.25,1.5,3.1,0.476,0.451,0.4,0.5,0.759,0.4,1.4,1.8,1.9,0.6,0.2,0.7,1.4,4.1,0
2015,NBA,Tyler Hansbrough,hansbty01,29.0,TOR,PF,74,8.0,14.3,1.2,2.2,0.521,0.0,0.1,0.143,1.1,2.1,0.538,0.524,1.3,1.9,0.698,1.4,2.1,3.6,0.3,0.4,0.2,0.3,1.9,3.6,0
2016,NBA,Tyler Hansbrough,hansbty01,30.0,CHO,PF,44,0.0,7.8,0.7,1.6,0.451,0.0,0.1,0.667,0.7,1.5,0.441,0.465,0.9,1.5,0.585,0.9,1.1,2.0,0.2,0.3,0.2,0.3,1.3,2.4,0
2020,NBA,Tyler Herro,herroty01,20.0,MIA,SG,55,8.0,27.4,4.9,11.5,0.428,2.1,5.4,0.389,2.8,6.1,0.462,0.52,1.6,1.8,0.87,0.3,3.8,4.1,2.2,0.6,0.2,1.6,1.4,13.5,0
2021,NBA,Tyler Herro,herroty01,21.0,MIA,SG,54,15.0,30.3,5.7,12.9,0.439,2.0,5.5,0.36,3.7,7.4,0.498,0.516,1.7,2.2,0.803,0.5,4.5,5.0,3.4,0.6,0.3,1.9,1.3,15.1,0
2022,NBA,Tyler Herro,herroty01,22.0,MIA,SG,66,10.0,32.6,7.6,17.0,0.447,2.7,6.7,0.399,4.9,10.3,0.477,0.525,2.9,3.3,0.868,0.5,4.5,5.0,4.0,0.7,0.1,2.6,1.4,20.7,0
2023,NBA,Tyler Herro,herroty01,23.0,MIA,SG,67,67.0,34.9,7.3,16.6,0.439,3.0,8.0,0.378,4.2,8.5,0.497,0.531,2.5,2.7,0.934,0.4,5.0,5.4,4.2,0.8,0.2,2.4,1.5,20.1,0
2024,NBA,Tyler Herro,herroty01,24.0,MIA,SG,42,40.0,33.5,7.7,17.5,0.441,3.1,7.9,0.396,4.6,9.6,0.478,0.531,2.3,2.6,0.856,0.5,4.8,5.3,4.5,0.7,0.1,2.2,1.5,20.8,0
2015,NBA,Tyler Johnson,johnsty01,22.0,MIA,SG,32,2.0,18.8,2.2,5.2,0.419,0.6,1.5,0.375,1.6,3.7,0.437,0.473,1.0,1.5,0.681,0.4,2.1,2.5,1.3,1.0,0.3,0.9,1.3,5.9,0
2016,NBA,Tyler Johnson,johnsty01,23.0,MIA,SG,36,5.0,24.0,3.3,6.8,0.486,0.8,2.0,0.38,2.5,4.8,0.529,0.541,1.4,1.8,0.797,0.8,2.3,3.0,2.2,0.7,0.4,1.3,1.8,8.7,0
2017,NBA,Tyler Johnson,johnsty01,24.0,MIA,PG,73,0.0,29.8,4.9,11.3,0.433,1.3,3.4,0.372,3.6,7.9,0.46,0.49,2.7,3.5,0.768,0.7,3.3,4.0,3.2,1.2,0.6,1.2,2.4,13.7,0
2018,NBA,Tyler Johnson,johnsty01,25.0,MIA,PG,72,39.0,28.5,4.3,9.9,0.435,1.7,4.5,0.367,2.6,5.4,0.491,0.518,1.5,1.8,0.822,0.5,3.0,3.4,2.3,0.8,0.5,1.1,2.1,11.7,0
2019,NBA,Tyler Johnson,johnsty01,26.0,2TM,PG,57,22.0,26.8,3.8,9.2,0.413,1.6,4.6,0.346,2.2,4.7,0.477,0.498,1.7,2.2,0.748,0.6,2.4,3.0,2.9,0.9,0.5,1.4,1.7,10.9,0
2020,NBA,Tyler Johnson,johnsty01,27.0,2TM,SG,39,7.0,18.2,2.5,6.4,0.388,1.0,3.1,0.319,1.5,3.4,0.45,0.464,1.1,1.3,0.84,0.5,1.5,1.9,1.9,0.4,0.2,0.7,1.5,7.0,0
2021,NBA,Tyler Johnson,johnsty01,28.0,BRK,SG,39,3.0,17.5,1.8,4.7,0.393,1.2,3.4,0.364,0.6,1.3,0.471,0.525,0.5,0.5,0.857,0.2,1.8,2.0,1.2,0.4,0.0,0.4,1.1,5.4,0
2019,NBA,Tyler Lydon,lydonty01,22.0,DEN,PF,25,0.0,3.8,0.4,0.7,0.5,0.2,0.4,0.4,0.2,0.3,0.625,0.611,0.0,0.1,0.333,0.3,0.4,0.7,0.2,0.1,0.0,0.2,0.4,0.9,0
2017,NBA,Tyler Ulis,ulisty01,21.0,PHO,PG,61,15.0,18.4,3.0,7.2,0.421,0.3,1.3,0.266,2.7,5.9,0.455,0.445,0.9,1.2,0.775,0.3,1.2,1.6,3.7,0.8,0.1,1.3,1.2,7.3,0
2018,NBA,Tyler Ulis,ulisty01,22.0,PHO,PG,71,43.0,23.4,3.0,7.8,0.388,0.6,2.1,0.288,2.4,5.7,0.425,0.426,1.2,1.4,0.832,0.3,1.5,1.8,4.4,1.0,0.1,1.8,1.7,7.8,0
2015,NBA,Tyler Zeller,zellety01,25.0,BOS,C,82,59.0,21.1,4.1,7.5,0.549,0.0,0.0,0.0,4.1,7.5,0.549,0.549,1.9,2.3,0.823,1.8,3.9,5.7,1.4,0.2,0.6,0.9,2.5,10.2,0
2016,NBA,Tyler Zeller,zellety01,26.0,BOS,C,60,3.0,11.8,2.3,4.8,0.476,0.0,0.0,0.0,2.3,4.8,0.476,0.476,1.5,1.8,0.815,1.0,1.9,3.0,0.5,0.2,0.4,0.8,1.6,6.1,0
2017,NBA,Tyler Zeller,zellety01,27.0,BOS,C,51,5.0,10.3,1.5,3.1,0.494,0.0,0.0,0.0,1.5,3.1,0.497,0.494,0.4,0.8,0.564,0.8,1.6,2.4,0.8,0.1,0.4,0.4,1.2,3.5,0
2018,NBA,Tyler Zeller,zellety01,28.0,2TM,C,66,34.0,16.8,2.8,5.1,0.56,0.2,0.4,0.357,2.7,4.6,0.578,0.575,0.9,1.2,0.722,1.7,3.0,4.6,0.7,0.2,0.5,0.7,1.9,6.7,0
2015,NBA,Tyreke Evans,evansty01,25.0,NOP,SG,79,76.0,34.1,6.6,14.7,0.447,0.9,2.9,0.304,5.7,11.9,0.482,0.477,2.6,3.7,0.694,1.0,4.2,5.3,6.6,1.3,0.5,3.1,2.5,16.6,0
2016,NBA,Tyreke Evans,evansty01,26.0,NOP,SG,25,25.0,30.6,5.4,12.6,0.433,1.3,3.4,0.388,4.1,9.2,0.45,0.486,3.0,3.7,0.796,0.8,4.4,5.2,6.6,1.3,0.3,2.9,2.6,15.2,0
2017,NBA,Tyreke Evans,evansty01,27.0,2TM,SF,40,6.0,19.7,3.8,9.3,0.405,1.1,3.0,0.356,2.7,6.3,0.429,0.462,1.7,2.3,0.75,0.3,3.1,3.4,3.1,0.9,0.2,1.5,1.5,10.3,0
2018,NBA,Tyreke Evans,evansty01,28.0,MEM,PG,52,32.0,30.9,7.0,15.6,0.452,2.2,5.5,0.399,4.8,10.1,0.482,0.523,3.2,4.0,0.785,0.8,4.3,5.1,5.2,1.1,0.3,2.3,1.8,19.4,0
2019,NBA,Tyreke Evans,evansty01,29.0,IND,SG,69,18.0,20.3,3.7,9.6,0.389,1.1,3.1,0.356,2.6,6.4,0.405,0.448,1.7,2.3,0.719,0.5,2.4,2.9,2.4,0.8,0.3,1.7,1.7,10.2,0
2021,NBA,Tyrese Haliburton,halibty01,20.0,SAC,PG,58,20.0,30.1,5.0,10.7,0.472,2.1,5.1,0.409,2.9,5.6,0.529,0.569,0.8,1.0,0.857,0.7,2.3,3.0,5.3,1.3,0.5,1.6,1.4,13.0,0
2022,NBA,Tyrese Haliburton,halibty01,21.0,2TM,PG,77,77.0,35.0,5.6,11.8,0.473,2.1,5.1,0.414,3.5,6.8,0.517,0.562,2.1,2.5,0.842,0.8,3.2,4.0,8.2,1.7,0.6,2.6,1.6,15.3,0
2023,NBA,Tyrese Haliburton,halibty01,22.0,IND,PG,56,56.0,33.6,7.4,15.0,0.49,2.9,7.2,0.4,4.5,7.8,0.572,0.586,3.1,3.6,0.871,0.6,3.1,3.7,10.4,1.6,0.4,2.5,1.2,20.7,1
2024,NBA,Tyrese Haliburton,halibty01,23.0,IND,PG,69,68.0,32.2,7.2,15.2,0.477,2.8,7.8,0.364,4.4,7.4,0.595,0.57,2.8,3.3,0.855,0.5,3.4,3.9,10.9,1.2,0.7,2.3,1.1,20.1,1
2021,NBA,Tyrese Maxey,maxeyty01,20.0,PHI,SG,61,8.0,15.3,3.2,7.0,0.462,0.5,1.7,0.301,2.7,5.3,0.512,0.498,1.0,1.1,0.871,0.2,1.5,1.7,2.0,0.4,0.2,0.7,1.3,8.0,0
2022,NBA,Tyrese Maxey,maxeyty01,21.0,PHI,PG,75,74.0,35.3,6.4,13.3,0.485,1.8,4.1,0.427,4.7,9.1,0.512,0.552,2.8,3.3,0.866,0.3,2.9,3.2,4.3,0.7,0.4,1.2,2.1,17.5,0
2023,NBA,Tyrese Maxey,maxeyty01,22.0,PHI,SG,60,41.0,33.6,7.3,15.2,0.481,2.7,6.2,0.434,4.7,9.1,0.513,0.568,3.0,3.6,0.845,0.4,2.6,2.9,3.5,0.8,0.1,1.3,2.2,20.3,0
2024,NBA,Tyrese Maxey,maxeyty01,23.0,PHI,PG,70,70.0,37.5,9.1,20.3,0.45,3.0,8.1,0.373,6.1,12.1,0.501,0.524,4.7,5.4,0.868,0.5,3.2,3.7,6.2,1.0,0.5,1.7,2.2,25.9,1
2018,NBA,Tyrone Wallace,wallaty01,23.0,LAC,PG,30,19.0,28.4,3.7,8.2,0.445,0.3,1.3,0.25,3.3,6.9,0.483,0.466,2.0,2.6,0.782,0.7,2.8,3.5,2.4,0.9,0.4,1.5,2.8,9.7,0
2019,NBA,Tyrone Wallace,wallaty01,24.0,LAC,PG,62,0.0,10.1,1.5,3.5,0.424,0.1,0.3,0.211,1.4,3.2,0.444,0.433,0.5,0.9,0.526,0.3,1.3,1.6,0.7,0.3,0.1,0.6,1.3,3.5,0
2015,NBA,Tyson Chandler,chandty01,32.0,DAL,C,75,75.0,30.5,3.9,5.9,0.666,0.0,0.0,0.0,3.9,5.9,0.666,0.666,2.5,3.4,0.72,3.9,7.6,11.5,1.1,0.6,1.2,1.4,2.3,10.3,0
2016,NBA,Tyson Chandler,chandty01,33.0,PHO,C,66,60.0,24.5,2.8,4.8,0.583,0.0,0.0,0.0,2.8,4.7,0.585,0.583,1.6,2.6,0.62,2.7,6.1,8.7,1.0,0.5,0.7,1.4,2.2,7.2,0
2017,NBA,Tyson Chandler,chandty01,34.0,PHO,C,47,46.0,27.6,3.3,4.9,0.671,0.0,0.0,0.0,3.3,4.9,0.671,0.671,1.9,2.6,0.734,3.3,8.2,11.5,0.6,0.7,0.5,1.4,2.7,8.4,0
2018,NBA,Tyson Chandler,chandty01,35.0,PHO,C,46,46.0,25.0,2.6,4.1,0.647,0.0,0.0,0.0,2.6,4.1,0.647,0.647,1.3,2.0,0.624,2.9,6.2,9.1,1.2,0.3,0.6,1.3,2.3,6.5,0
2019,NBA,Tyson Chandler,chandty01,36.0,2TM,C,55,6.0,15.9,1.1,1.8,0.616,0.0,0.0,0.0,1.1,1.8,0.622,0.616,0.9,1.6,0.586,1.7,3.9,5.6,0.7,0.4,0.4,0.8,2.0,3.1,0
2020,NBA,Tyson Chandler,chandty01,37.0,HOU,C,26,5.0,8.4,0.5,0.7,0.778,0.0,0.0,0.0,0.5,0.7,0.778,0.778,0.2,0.5,0.462,1.0,1.6,2.5,0.2,0.2,0.3,0.3,1.2,1.3,0
2016,NBA,Tyus Jones,jonesty01,19.0,MIN,PG,37,0.0,15.5,1.5,4.2,0.359,0.4,1.4,0.302,1.1,2.8,0.388,0.41,0.8,1.1,0.718,0.2,1.1,1.3,2.9,0.8,0.1,0.9,0.9,4.2,0
2017,NBA,Tyus Jones,jonesty01,20.0,MIN,PG,60,0.0,12.9,1.3,3.0,0.414,0.4,1.2,0.356,0.8,1.8,0.454,0.486,0.6,0.7,0.767,0.2,1.0,1.1,2.6,0.8,0.1,0.6,0.8,3.5,0
2018,NBA,Tyus Jones,jonesty01,21.0,MIN,PG,82,11.0,17.9,1.8,4.0,0.457,0.5,1.6,0.349,1.3,2.4,0.528,0.526,0.9,1.0,0.877,0.2,1.4,1.6,2.8,1.2,0.1,0.7,1.3,5.1,0
2019,NBA,Tyus Jones,jonesty01,22.0,MIN,PG,68,23.0,22.9,2.7,6.6,0.415,0.6,1.9,0.317,2.1,4.7,0.453,0.46,0.9,1.0,0.841,0.3,1.6,2.0,4.8,1.2,0.1,0.7,1.1,6.9,0
2020,NBA,Tyus Jones,jonesty01,23.0,MEM,PG,65,6.0,19.0,3.0,6.6,0.459,0.7,1.9,0.379,2.3,4.7,0.492,0.514,0.7,0.9,0.741,0.1,1.4,1.6,4.4,0.9,0.1,0.8,0.7,7.4,0
2021,NBA,Tyus Jones,jonesty01,24.0,MEM,PG,70,9.0,17.5,2.5,5.9,0.431,0.6,2.0,0.321,1.9,3.9,0.487,0.485,0.6,0.6,0.911,0.3,1.7,2.0,3.7,0.9,0.1,0.7,0.4,6.3,0
2022,NBA,Tyus Jones,jonesty01,25.0,MEM,PG,73,23.0,21.2,3.4,7.6,0.451,1.1,2.8,0.39,2.3,4.8,0.487,0.524,0.7,0.9,0.818,0.2,2.2,2.4,4.4,0.9,0.0,0.6,0.4,8.7,0
2023,NBA,Tyus Jones,jonesty01,26.0,MEM,PG,80,22.0,24.3,3.9,8.9,0.438,1.5,4.1,0.371,2.4,4.8,0.495,0.523,1.0,1.3,0.8,0.4,2.2,2.5,5.2,1.0,0.1,0.9,0.4,10.3,0
2024,NBA,Tyus Jones,jonesty01,27.0,WAS,PG,66,66.0,29.3,4.9,10.1,0.489,1.6,3.9,0.414,3.3,6.2,0.537,0.569,0.5,0.6,0.8,0.3,2.4,2.7,7.3,1.1,0.3,1.0,0.7,12.0,0
2023,NBA,Udoka Azubuike,azubuud01,23.0,UTA,C,36,4.0,10.0,1.6,2.0,0.819,0.0,0.0,0.0,1.6,2.0,0.819,0.819,0.2,0.6,0.35,0.9,2.4,3.3,0.3,0.2,0.4,0.5,0.9,3.5,0
2015,NBA,Udonis Haslem,hasleud01,34.0,MIA,PF,62,25.0,16.0,1.7,3.9,0.448,0.0,0.2,0.2,1.7,3.7,0.459,0.452,0.7,1.0,0.703,1.1,3.0,4.2,0.7,0.3,0.2,0.7,1.8,4.2,0
2016,NBA,Udonis Haslem,hasleud01,35.0,MIA,PF,37,0.0,7.0,0.6,1.6,0.377,0.0,0.2,0.111,0.6,1.4,0.423,0.385,0.3,0.4,0.75,0.3,1.8,2.0,0.4,0.1,0.1,0.1,0.7,1.6,0
2022,NBA,Usman Garuba,garubus01,19.0,HOU,PF,24,2.0,10.0,0.8,1.8,0.432,0.2,0.8,0.25,0.6,1.0,0.583,0.489,0.2,0.3,0.714,0.9,2.6,3.5,0.7,0.4,0.5,0.3,1.2,2.0,0
2023,NBA,Usman Garuba,garubus01,20.0,HOU,C,75,1.0,12.9,1.1,2.4,0.486,0.3,0.8,0.407,0.8,1.6,0.525,0.554,0.4,0.6,0.617,1.6,2.5,4.1,0.9,0.6,0.4,0.6,1.8,3.0,0
2024,NBA,Vasilije Micić,micicva01,30.0,2TM,PG,60,21.0,19.6,2.7,6.2,0.43,0.7,2.6,0.279,1.9,3.6,0.537,0.488,1.0,1.3,0.813,0.2,1.2,1.5,4.4,0.5,0.1,1.7,1.1,7.0,0
2015,NBA,Victor Oladipo,oladivi01,22.0,ORL,SG,72,71.0,35.7,6.6,15.1,0.436,1.2,3.4,0.339,5.4,11.6,0.464,0.474,3.6,4.4,0.819,0.7,3.5,4.2,4.1,1.7,0.3,2.8,2.6,17.9,0
2016,NBA,Victor Oladipo,oladivi01,23.0,ORL,SG,72,52.0,33.0,5.9,13.5,0.438,1.4,3.9,0.348,4.5,9.6,0.475,0.489,2.8,3.4,0.83,0.7,4.1,4.8,3.9,1.6,0.8,2.1,2.4,16.0,0
2017,NBA,Victor Oladipo,oladivi01,24.0,OKC,SG,67,67.0,33.2,6.1,13.9,0.442,1.9,5.3,0.361,4.3,8.7,0.491,0.51,1.7,2.3,0.753,0.6,3.8,4.3,2.6,1.2,0.3,1.8,2.3,15.9,0
2018,NBA,Victor Oladipo,oladivi01,25.0,IND,SG,75,75.0,34.0,8.5,17.9,0.477,2.1,5.8,0.371,6.4,12.1,0.528,0.537,3.9,4.9,0.799,0.6,4.6,5.2,4.3,2.4,0.8,2.9,2.3,23.1,1
2019,NBA,Victor Oladipo,oladivi01,26.0,IND,SG,36,36.0,31.9,6.9,16.3,0.423,2.1,6.0,0.343,4.9,10.3,0.47,0.486,2.9,3.9,0.73,0.6,5.0,5.6,5.2,1.7,0.3,2.3,2.0,18.8,1
2021,NBA,Victor Oladipo,oladivi01,28.0,3TM,SG,33,33.0,32.7,7.1,17.5,0.408,2.4,7.2,0.326,4.8,10.2,0.466,0.476,3.2,4.2,0.754,0.4,4.5,4.8,4.6,1.4,0.4,2.5,2.5,19.8,0
2023,NBA,Victor Oladipo,oladivi01,30.0,MIA,SG,42,2.0,26.3,3.8,9.6,0.397,1.7,5.0,0.33,2.1,4.5,0.471,0.484,1.4,1.9,0.747,0.4,2.7,3.0,3.5,1.4,0.3,2.1,2.4,10.7,0
2024,NBA,Victor Wembanyama,wembavi01,20.0,SAS,C,71,71.0,29.7,7.8,16.7,0.465,1.8,5.5,0.325,6.0,11.2,0.534,0.519,4.1,5.2,0.796,2.3,8.4,10.6,3.9,1.2,3.6,3.7,2.2,21.4,0
2015,NBA,Vince Carter,cartevi01,38.0,MEM,SG,66,1.0,16.5,2.0,6.2,0.333,1.0,3.5,0.297,1.0,2.6,0.379,0.417,0.7,0.9,0.789,0.4,1.6,2.0,1.2,0.7,0.2,0.7,1.5,5.8,0
2016,NBA,Vince Carter,cartevi01,39.0,MEM,SG,60,3.0,16.8,2.2,5.7,0.388,1.0,2.8,0.349,1.2,2.9,0.425,0.474,1.2,1.4,0.833,0.5,1.9,2.4,0.9,0.6,0.3,0.6,1.7,6.6,0
2017,NBA,Vince Carter,cartevi01,40.0,MEM,SF,73,15.0,24.6,2.6,6.7,0.394,1.5,4.1,0.378,1.1,2.7,0.418,0.508,1.2,1.6,0.765,0.5,2.6,3.1,1.8,0.8,0.5,0.7,2.2,8.0,0
2018,NBA,Vince Carter,cartevi01,41.0,SAC,SF,58,4.0,17.7,2.0,4.9,0.403,1.0,2.8,0.345,1.0,2.0,0.483,0.504,0.5,0.6,0.757,0.3,2.2,2.6,1.2,0.7,0.4,0.6,1.7,5.4,0
2019,NBA,Vince Carter,cartevi01,42.0,ATL,PF,76,9.0,17.5,2.6,6.2,0.419,1.6,4.2,0.389,1.0,2.0,0.48,0.55,0.6,0.9,0.712,0.4,2.1,2.6,1.1,0.6,0.4,0.6,1.9,7.4,0
2020,NBA,Vince Carter,cartevi01,43.0,ATL,PF,60,0.0,14.6,1.8,5.1,0.352,1.0,3.4,0.302,0.8,1.7,0.451,0.452,0.4,0.5,0.793,0.3,1.8,2.1,0.8,0.4,0.4,0.6,1.5,5.0,0
2024,NBA,Vince Williams Jr.,willivi01,23.0,MEM,SG,52,33.0,27.6,3.3,7.3,0.446,1.5,4.0,0.378,1.7,3.3,0.529,0.55,2.0,2.5,0.8,1.1,4.4,5.6,3.4,0.9,0.7,1.8,2.6,10.0,0
2020,NBA,Vincent Poirier,poirivi01,26.0,BOS,C,22,0.0,5.9,0.8,1.6,0.472,0.0,0.1,0.5,0.7,1.5,0.471,0.486,0.3,0.3,0.857,0.6,1.4,2.0,0.4,0.1,0.4,0.4,1.1,1.9,0
2022,NBA,Vit Krejci,krejcvi01,21.0,OKC,SG,30,8.0,23.0,2.3,5.6,0.407,1.1,3.3,0.327,1.2,2.3,0.522,0.503,0.6,0.7,0.864,0.6,2.8,3.4,1.9,0.6,0.3,1.0,2.2,6.2,0
2023,NBA,Vit Krejci,krejcvi01,22.0,ATL,PG,29,0.0,5.7,0.5,1.3,0.405,0.2,0.7,0.238,0.3,0.6,0.625,0.473,0.0,0.1,0.5,0.2,0.7,0.9,0.6,0.2,0.0,0.2,0.6,1.2,0
2024,NBA,Vit Krejci,krejcvi01,23.0,ATL,PG,22,14.0,24.6,2.3,4.7,0.49,1.3,3.1,0.412,1.0,1.6,0.639,0.625,0.2,0.3,0.833,0.5,1.9,2.4,2.3,0.6,0.3,0.9,2.2,6.1,0
2021,NBA,Vlatko Čančar,cancavl01,23.0,DEN,PF,41,1.0,6.9,0.8,1.8,0.458,0.2,0.8,0.273,0.6,1.0,0.615,0.521,0.2,0.3,0.769,0.3,1.0,1.2,0.3,0.3,0.0,0.3,0.4,2.1,0
2023,NBA,Vlatko Čančar,cancavl01,25.0,DEN,PF,60,9.0,14.8,1.8,3.8,0.476,0.7,1.9,0.374,1.1,1.9,0.58,0.57,0.6,0.7,0.927,0.4,1.7,2.1,1.3,0.4,0.2,0.6,1.4,5.0,0
2017,NBA,Wade Baldwin,baldwwa01,20.0,MEM,PG,33,1.0,12.3,1.1,3.5,0.313,0.1,0.7,0.136,1.0,2.8,0.355,0.326,0.9,1.1,0.838,0.3,1.1,1.4,1.8,0.5,0.2,1.2,1.2,3.2,0
2023,NBA,Walker Kessler,kesslwa01,21.0,UTA,C,74,40.0,23.0,4.0,5.6,0.72,0.0,0.0,0.333,4.0,5.6,0.723,0.721,1.1,2.1,0.516,3.1,5.3,8.4,0.9,0.4,2.3,0.8,2.3,9.2,0
2024,NBA,Walker Kessler,kesslwa01,22.0,UTA,C,64,22.0,23.3,3.6,5.5,0.654,0.1,0.3,0.211,3.5,5.2,0.68,0.66,0.9,1.5,0.602,2.6,4.9,7.5,0.9,0.5,2.4,1.0,2.1,8.1,0
2015,NBA,Wayne Ellington,ellinwa01,27.0,LAL,SG,65,36.0,25.8,3.9,9.5,0.412,1.4,3.7,0.37,2.5,5.8,0.439,0.485,0.8,1.0,0.813,0.5,2.8,3.2,1.6,0.5,0.0,0.8,1.2,10.0,0
2016,NBA,Wayne Ellington,ellinwa01,28.0,BRK,SG,76,41.0,21.3,2.9,7.4,0.389,1.3,3.5,0.358,1.6,3.9,0.416,0.474,0.7,0.8,0.857,0.3,2.0,2.3,1.1,0.6,0.1,0.6,1.1,7.7,0
2017,NBA,Wayne Ellington,ellinwa01,29.0,MIA,SG,62,13.0,24.2,3.7,9.0,0.416,2.4,6.4,0.378,1.3,2.6,0.509,0.55,0.6,0.7,0.86,0.3,1.8,2.1,1.1,0.6,0.1,0.5,1.1,10.5,0
2018,NBA,Wayne Ellington,ellinwa01,30.0,MIA,SG,77,2.0,26.5,3.7,9.1,0.407,2.9,7.5,0.392,0.8,1.6,0.479,0.569,0.9,1.0,0.859,0.3,2.5,2.8,1.0,0.7,0.1,0.7,1.2,11.2,0
2019,NBA,Wayne Ellington,ellinwa01,31.0,2TM,SG,53,38.0,24.5,3.5,8.6,0.403,2.6,7.0,0.371,0.9,1.6,0.541,0.554,0.7,0.9,0.796,0.3,1.8,2.0,1.4,1.0,0.1,0.8,1.7,10.3,0
2020,NBA,Wayne Ellington,ellinwa01,32.0,NYK,SG,36,1.0,15.5,1.7,4.8,0.351,1.4,4.0,0.35,0.3,0.9,0.355,0.494,0.3,0.4,0.846,0.1,1.7,1.8,1.2,0.4,0.1,0.5,1.1,5.1,0
2021,NBA,Wayne Ellington,ellinwa01,33.0,DET,SG,46,31.0,22.0,3.2,7.3,0.441,2.5,6.0,0.422,0.7,1.4,0.524,0.612,0.6,0.8,0.8,0.3,1.6,1.8,1.5,0.4,0.2,0.7,1.3,9.6,0
2022,NBA,Wayne Ellington,ellinwa01,34.0,LAL,SG,43,9.0,18.8,2.3,5.5,0.414,1.9,4.9,0.389,0.4,0.6,0.615,0.586,0.2,0.3,0.818,0.2,1.6,1.8,0.7,0.5,0.1,0.4,1.0,6.7,0
2018,NBA,Wayne Selden,seldewa01,23.0,MEM,SG,35,9.0,19.8,3.3,7.7,0.431,1.4,3.5,0.402,1.9,4.2,0.456,0.522,1.3,1.7,0.746,0.5,1.1,1.6,1.9,0.5,0.1,1.5,1.7,9.3,0
2019,NBA,Wayne Selden,seldewa01,24.0,2TM,SG,75,13.0,19.2,2.6,6.4,0.406,0.7,2.3,0.316,1.9,4.1,0.456,0.463,0.9,1.2,0.728,0.5,1.9,2.4,1.5,0.4,0.2,1.1,1.7,6.9,0
2019,NBA,Wendell Carter Jr.,cartewe01,19.0,CHI,C,44,44.0,25.2,4.1,8.4,0.485,0.1,0.7,0.188,4.0,7.7,0.513,0.493,2.0,2.5,0.795,2.0,5.0,7.0,1.8,0.6,1.3,1.5,3.5,10.3,0
2020,NBA,Wendell Carter Jr.,cartewe01,20.0,CHI,C,43,43.0,29.2,4.3,8.0,0.534,0.1,0.7,0.207,4.1,7.3,0.564,0.542,2.6,3.5,0.737,3.2,6.2,9.4,1.2,0.8,0.8,1.7,3.8,11.3,0
2021,NBA,Wendell Carter Jr.,cartewe01,21.0,2TM,C,54,44.0,25.5,4.3,8.5,0.503,0.3,0.9,0.294,4.0,7.5,0.53,0.52,2.4,3.3,0.732,2.4,5.8,8.2,1.9,0.6,0.8,1.4,2.7,11.2,0
2022,NBA,Wendell Carter Jr.,cartewe01,22.0,ORL,PF,62,61.0,29.9,5.8,11.0,0.525,1.1,3.5,0.327,4.7,7.6,0.615,0.576,2.3,3.3,0.691,2.2,8.2,10.5,2.8,0.6,0.7,1.9,2.7,15.0,0
2023,NBA,Wendell Carter Jr.,cartewe01,23.0,ORL,C,57,54.0,29.6,5.6,10.8,0.525,1.4,3.9,0.356,4.2,6.8,0.624,0.591,2.5,3.4,0.738,2.1,6.6,8.7,2.3,0.5,0.6,1.9,2.8,15.2,0
2024,NBA,Wendell Carter Jr.,cartewe01,24.0,ORL,C,55,48.0,25.6,4.1,7.7,0.525,1.2,3.1,0.374,2.9,4.6,0.626,0.6,1.7,2.4,0.694,2.0,4.9,6.9,1.7,0.6,0.5,1.2,2.2,11.0,0
2023,NBA,Wendell Moore Jr.,moorewe01,21.0,MIN,SG,29,2.0,5.3,0.6,1.5,0.419,0.1,0.6,0.118,0.6,0.9,0.615,0.442,0.1,0.2,0.8,0.1,0.5,0.6,0.6,0.3,0.2,0.3,0.4,1.4,0
2024,NBA,Wendell Moore Jr.,moorewe01,22.0,MIN,SG,25,0.0,3.0,0.4,0.7,0.5,0.0,0.2,0.0,0.4,0.5,0.75,0.5,0.0,0.0,0.0,0.0,0.5,0.5,0.2,0.2,0.0,0.2,0.2,0.7,0
2020,NBA,Wenyen Gabriel,gabriwe01,22.0,2TM,PF,30,1.0,7.8,0.7,1.6,0.438,0.2,0.7,0.3,0.5,0.9,0.536,0.5,0.5,0.7,0.682,0.7,1.0,1.7,0.3,0.4,0.2,0.5,1.3,2.1,0
2021,NBA,Wenyen Gabriel,gabriwe01,23.0,NOP,PF,21,0.0,11.5,1.1,2.9,0.4,0.6,1.5,0.406,0.5,1.3,0.393,0.508,0.5,0.8,0.647,1.0,1.6,2.6,0.5,0.4,0.4,0.7,1.5,3.4,0
2022,NBA,Wenyen Gabriel,gabriwe01,24.0,3TM,PF,26,5.0,13.8,2.1,4.2,0.491,0.3,1.1,0.286,1.8,3.2,0.561,0.527,1.0,1.6,0.595,1.5,2.2,3.7,0.5,0.2,0.4,0.6,2.6,5.4,0
2023,NBA,Wenyen Gabriel,gabriwe01,25.0,LAL,C,68,2.0,15.1,2.3,3.8,0.596,0.1,0.5,0.278,2.1,3.3,0.647,0.615,0.8,1.2,0.619,1.7,2.5,4.2,0.5,0.4,0.5,0.7,2.1,5.5,0
2018,NBA,Wes Iwundu,iwundwe01,23.0,ORL,SF,62,12.0,16.5,1.5,3.5,0.427,0.1,0.7,0.196,1.4,2.8,0.488,0.447,0.5,0.8,0.723,0.6,1.6,2.2,0.9,0.5,0.2,0.5,1.3,3.7,0
2019,NBA,Wes Iwundu,iwundwe01,24.0,ORL,SF,68,13.0,18.1,1.7,4.0,0.412,0.4,1.2,0.367,1.2,2.9,0.431,0.465,1.2,1.5,0.816,0.5,2.2,2.7,1.1,0.4,0.3,0.6,1.8,5.0,0
2020,NBA,Wes Iwundu,iwundwe01,25.0,ORL,SF,52,21.0,18.3,1.9,4.5,0.416,0.5,1.6,0.341,1.3,2.9,0.457,0.476,1.5,1.9,0.804,0.5,2.1,2.5,1.2,0.5,0.3,0.5,1.5,5.8,0
2021,NBA,Wes Iwundu,iwundwe01,26.0,2TM,SF,41,4.0,13.1,0.8,2.5,0.333,0.1,1.0,0.122,0.7,1.5,0.475,0.358,0.6,0.8,0.839,0.4,1.8,2.2,0.4,0.4,0.1,0.5,1.2,2.4,0
2015,NBA,Wesley Johnson,johnswe01,27.0,LAL,SF,76,59.0,29.5,3.8,9.1,0.414,1.2,3.4,0.351,2.6,5.7,0.451,0.48,1.2,1.5,0.804,0.9,3.3,4.2,1.6,0.8,0.6,1.1,2.1,9.9,0
2016,NBA,Wesley Johnson,johnswe01,28.0,LAC,SF,80,9.0,20.8,2.6,6.4,0.404,1.3,3.9,0.333,1.3,2.6,0.51,0.504,0.4,0.6,0.652,0.5,2.6,3.1,0.6,1.1,0.7,0.7,2.2,6.9,0
2017,NBA,Wesley Johnson,johnswe01,29.0,LAC,SF,68,3.0,11.9,1.1,2.9,0.365,0.4,1.7,0.246,0.6,1.2,0.537,0.438,0.2,0.3,0.647,0.4,2.3,2.7,0.3,0.4,0.4,0.3,1.2,2.7,0
2018,NBA,Wesley Johnson,johnswe01,30.0,LAC,SF,74,40.0,20.1,2.0,5.0,0.408,0.8,2.4,0.339,1.2,2.6,0.471,0.489,0.6,0.8,0.741,0.4,2.5,2.9,0.8,1.0,0.8,0.7,2.0,5.4,0
2019,NBA,Wesley Johnson,johnswe01,31.0,2TM,SF,38,13.0,14.1,1.2,3.4,0.352,0.7,2.0,0.329,0.5,1.4,0.385,0.449,0.3,0.5,0.684,0.3,1.6,1.9,0.6,0.4,0.3,0.5,1.7,3.4,0
2015,NBA,Wesley Matthews,matthwe02,28.0,POR,SG,60,60.0,33.7,5.6,12.5,0.448,2.9,7.4,0.389,2.7,5.1,0.534,0.563,1.8,2.4,0.752,0.6,3.1,3.7,2.3,1.3,0.2,1.4,2.2,15.9,0
2016,NBA,Wesley Matthews,matthwe02,29.0,DAL,SF,78,78.0,33.9,4.2,10.9,0.388,2.4,6.7,0.36,1.8,4.2,0.432,0.498,1.6,1.9,0.863,0.3,2.7,3.1,1.9,1.0,0.2,1.0,2.3,12.5,0
2017,NBA,Wesley Matthews,matthwe02,30.0,DAL,SG,73,73.0,34.2,4.6,11.6,0.393,2.4,6.6,0.363,2.2,5.0,0.432,0.496,2.0,2.5,0.816,0.2,3.3,3.5,2.9,1.1,0.2,1.4,2.2,13.5,0
2018,NBA,Wesley Matthews,matthwe02,31.0,DAL,SF,63,63.0,33.8,4.5,11.1,0.406,2.4,6.4,0.381,2.1,4.7,0.441,0.516,1.3,1.6,0.822,0.4,2.7,3.1,2.7,1.2,0.3,1.3,2.2,12.7,0
2019,NBA,Wesley Matthews,matthwe02,32.0,3TM,SF,69,68.0,30.3,4.0,10.1,0.4,2.2,5.8,0.372,1.9,4.3,0.437,0.507,1.9,2.4,0.81,0.5,2.0,2.5,2.3,0.8,0.2,1.3,2.3,12.2,0
2020,NBA,Wesley Matthews,matthwe02,33.0,MIL,SG,67,67.0,24.4,2.5,6.3,0.396,1.6,4.4,0.364,0.9,1.9,0.472,0.524,0.8,1.0,0.765,0.3,2.1,2.5,1.4,0.6,0.1,0.6,1.5,7.4,0
2021,NBA,Wesley Matthews,matthwe02,34.0,LAL,SG,58,10.0,19.5,1.5,4.3,0.353,1.1,3.4,0.335,0.4,0.9,0.418,0.484,0.6,0.7,0.854,0.3,1.3,1.6,0.9,0.7,0.3,0.4,1.4,4.8,0
2022,NBA,Wesley Matthews,matthwe02,35.0,MIL,SG,49,14.0,20.4,1.8,4.5,0.395,1.1,3.2,0.338,0.7,1.3,0.54,0.516,0.4,0.6,0.786,0.6,1.3,1.9,0.7,0.5,0.2,0.4,1.8,5.1,0
2023,NBA,Wesley Matthews,matthwe02,36.0,MIL,SF,52,0.0,15.8,1.1,3.1,0.363,0.8,2.4,0.315,0.4,0.7,0.528,0.484,0.5,0.5,0.857,0.7,1.5,2.2,0.7,0.4,0.3,0.3,1.4,3.4,0
2024,NBA,Wesley Matthews,matthwe02,37.0,ATL,SG,36,3.0,11.5,0.9,2.7,0.351,0.7,1.9,0.348,0.3,0.8,0.357,0.474,0.5,0.7,0.75,0.3,1.2,1.5,0.6,0.4,0.3,0.2,1.2,3.1,0
2015,NBA,Will Barton,bartowi01,24.0,2TM,SG,58,0.0,16.9,2.6,6.1,0.425,0.4,1.5,0.271,2.2,4.6,0.474,0.458,1.3,1.6,0.787,0.4,2.3,2.8,1.4,0.8,0.3,1.1,1.2,6.8,0
2016,NBA,Will Barton,bartowi01,25.0,DEN,SG,82,1.0,28.7,5.2,12.0,0.432,1.4,4.0,0.345,3.8,8.0,0.476,0.489,2.6,3.3,0.806,0.7,5.1,5.8,2.5,0.9,0.5,1.7,1.8,14.4,0
2017,NBA,Will Barton,bartowi01,26.0,DEN,SG,60,19.0,28.4,4.9,11.1,0.443,1.5,3.9,0.37,3.5,7.2,0.483,0.508,2.4,3.2,0.753,1.0,3.4,4.3,3.4,0.8,0.5,1.6,1.8,13.7,0
2018,NBA,Will Barton,bartowi01,27.0,DEN,SG,81,40.0,33.1,5.7,12.7,0.452,1.9,5.2,0.37,3.8,7.5,0.51,0.528,2.2,2.8,0.805,0.9,4.2,5.0,4.1,1.0,0.6,1.8,2.1,15.7,0
2019,NBA,Will Barton,bartowi01,28.0,DEN,SF,43,38.0,27.7,4.3,10.7,0.402,1.6,4.6,0.342,2.7,6.1,0.447,0.475,1.3,1.7,0.77,0.7,3.9,4.6,2.9,0.4,0.5,1.5,1.9,11.5,0
2020,NBA,Will Barton,bartowi01,29.0,DEN,SF,58,58.0,33.0,5.7,12.7,0.45,1.9,5.0,0.375,3.9,7.8,0.498,0.523,1.8,2.3,0.767,1.3,5.0,6.3,3.7,1.1,0.5,1.5,2.1,15.1,0
2021,NBA,Will Barton,bartowi01,30.0,DEN,SF,56,52.0,31.0,4.6,10.9,0.426,1.8,4.6,0.381,2.9,6.3,0.459,0.507,1.7,2.2,0.785,0.7,3.3,4.0,3.2,0.9,0.4,1.7,1.7,12.7,0
2022,NBA,Will Barton,bartowi01,31.0,DEN,SG,71,71.0,32.1,5.5,12.6,0.438,2.2,6.1,0.365,3.3,6.6,0.504,0.525,1.4,1.8,0.803,0.6,4.2,4.8,3.9,0.8,0.4,1.8,1.6,14.7,0
2023,NBA,Will Barton,bartowi01,32.0,2TM,SG,56,2.0,17.7,2.5,6.5,0.379,1.2,3.2,0.367,1.3,3.3,0.391,0.47,0.7,0.8,0.787,0.3,2.2,2.4,2.0,0.5,0.2,0.9,1.0,6.8,0
2016,NBA,Willie Cauley-Stein,caulewi01,22.0,SAC,C,66,39.0,21.4,2.9,5.1,0.563,0.0,0.0,0.0,2.9,5.1,0.567,0.563,1.2,1.9,0.648,2.0,3.3,5.3,0.6,0.7,1.0,0.7,2.2,7.0,0
2017,NBA,Willie Cauley-Stein,caulewi01,23.0,SAC,C,75,21.0,18.9,3.4,6.4,0.53,0.0,0.0,0.0,3.4,6.4,0.532,0.53,1.3,2.0,0.669,1.1,3.4,4.5,1.1,0.7,0.6,0.9,2.0,8.1,0
2018,NBA,Willie Cauley-Stein,caulewi01,24.0,SAC,C,73,57.0,28.0,5.3,10.6,0.502,0.0,0.2,0.25,5.3,10.4,0.506,0.504,2.1,3.4,0.619,1.8,5.2,7.0,2.4,1.1,0.9,1.5,2.5,12.8,0
2019,NBA,Willie Cauley-Stein,caulewi01,25.0,SAC,C,81,81.0,27.3,5.1,9.1,0.556,0.0,0.0,0.5,5.1,9.1,0.556,0.557,1.7,3.1,0.551,2.2,6.1,8.4,2.4,1.2,0.6,1.0,2.8,11.9,0
2020,NBA,Willie Cauley-Stein,caulewi01,26.0,2TM,C,54,39.0,20.3,3.2,5.6,0.579,0.0,0.0,0.0,3.2,5.6,0.581,0.579,0.7,1.2,0.606,1.6,4.3,5.8,1.3,0.9,1.1,0.7,2.2,7.2,0
2021,NBA,Willie Cauley-Stein,caulewi01,27.0,DAL,C,53,16.0,17.1,2.2,3.4,0.632,0.0,0.2,0.091,2.2,3.2,0.667,0.635,0.9,1.5,0.628,1.2,3.2,4.5,0.7,0.4,0.8,0.5,2.4,5.3,0
2022,NBA,Willie Cauley-Stein,caulewi01,28.0,2TM,C,20,2.0,9.2,0.8,1.8,0.457,0.1,0.1,0.5,0.8,1.7,0.455,0.471,0.1,0.1,0.5,0.7,1.4,2.0,0.5,0.3,0.2,0.4,1.0,1.7,0
2015,NBA,Willie Green,greenwi01,33.0,ORL,SG,52,2.0,18.3,2.3,5.9,0.386,0.8,2.3,0.347,1.5,3.6,0.411,0.454,0.5,0.7,0.824,0.3,1.3,1.5,1.3,0.5,0.1,0.9,1.6,5.9,0
2016,NBA,Willie Reed,reedwi02,25.0,BRK,C,39,2.0,10.9,1.9,3.4,0.571,0.0,0.0,0.0,1.9,3.4,0.571,0.571,0.8,1.4,0.545,1.3,1.9,3.1,0.3,0.2,0.8,0.4,1.2,4.7,0
2017,NBA,Willie Reed,reedwi02,26.0,MIA,C,71,5.0,14.5,2.3,4.0,0.568,0.0,0.1,0.25,2.3,4.0,0.573,0.57,0.7,1.2,0.557,1.8,2.9,4.7,0.4,0.3,0.7,0.4,1.9,5.3,0
2018,NBA,Willie Reed,reedwi02,27.0,2TM,C,42,5.0,10.2,1.9,2.9,0.669,0.0,0.0,0.5,1.9,2.8,0.672,0.674,0.8,1.3,0.582,0.8,2.0,2.9,0.2,0.2,0.5,0.5,1.3,4.6,0
2017,NBA,Willy Hernangómez,hernawi01,22.0,NYK,C,72,22.0,18.4,3.4,6.5,0.529,0.1,0.2,0.267,3.4,6.3,0.538,0.533,1.3,1.7,0.728,2.4,4.6,7.0,1.3,0.6,0.5,1.4,2.1,8.2,0
2018,NBA,Willy Hernangómez,hernawi01,23.0,2TM,C,48,1.0,10.3,1.9,3.4,0.555,0.1,0.3,0.417,1.8,3.2,0.566,0.57,1.2,1.9,0.656,1.3,2.5,3.8,0.7,0.4,0.3,0.7,1.3,5.1,0
2019,NBA,Willy Hernangómez,hernawi01,24.0,CHO,C,58,3.0,14.0,2.6,5.1,0.519,0.3,0.7,0.385,2.4,4.4,0.539,0.544,1.7,2.5,0.694,2.0,3.3,5.4,1.0,0.3,0.3,1.0,1.7,7.3,0
2020,NBA,Willy Hernangómez,hernawi01,25.0,CHO,C,31,0.0,12.1,2.4,4.5,0.532,0.2,0.7,0.227,2.2,3.8,0.59,0.55,1.2,1.9,0.627,1.4,2.9,4.3,0.9,0.3,0.2,1.0,1.0,6.1,0
2021,NBA,Willy Hernangómez,hernawi01,26.0,NOP,C,47,12.0,18.0,3.2,5.7,0.563,0.0,0.2,0.1,3.2,5.5,0.581,0.565,1.3,2.0,0.667,2.5,4.6,7.1,1.1,0.5,0.5,0.7,1.4,7.8,0
2022,NBA,Willy Hernangómez,hernawi01,27.0,NOP,C,50,8.0,16.8,3.4,6.5,0.52,0.1,0.2,0.333,3.3,6.3,0.527,0.526,2.2,2.8,0.773,2.9,3.9,6.8,1.3,0.4,0.4,1.0,1.9,9.1,0
2023,NBA,Willy Hernangómez,hernawi01,28.0,NOP,C,38,2.0,12.1,2.3,4.4,0.527,0.1,0.3,0.273,2.3,4.2,0.544,0.536,2.1,2.7,0.779,1.5,3.2,4.7,0.9,0.4,0.3,1.0,1.7,6.9,0
2015,NBA,Wilson Chandler,chandwi01,27.0,DEN,SF,78,75.0,31.7,5.4,12.5,0.429,1.8,5.2,0.342,3.6,7.3,0.49,0.5,1.4,1.8,0.775,1.2,4.9,6.1,1.7,0.7,0.4,1.4,3.0,13.9,0
2017,NBA,Wilson Chandler,chandwi01,29.0,DEN,SF,71,33.0,30.9,6.1,13.2,0.461,1.5,4.6,0.337,4.5,8.6,0.527,0.52,2.0,2.7,0.727,1.5,5.0,6.5,2.0,0.7,0.4,1.6,2.4,15.7,0
2018,NBA,Wilson Chandler,chandwi01,30.0,DEN,SF,74,71.0,31.7,3.8,8.5,0.445,1.2,3.3,0.358,2.6,5.2,0.501,0.515,1.2,1.5,0.772,1.4,4.0,5.4,2.1,0.6,0.5,1.2,2.1,10.0,0
2019,NBA,Wilson Chandler,chandwi01,31.0,2TM,SF,51,33.0,23.1,2.2,5.4,0.418,1.2,3.1,0.373,1.1,2.3,0.478,0.526,0.4,0.5,0.72,0.9,3.3,4.2,1.6,0.5,0.4,0.9,2.4,6.0,0
2020,NBA,Wilson Chandler,chandwi01,32.0,BRK,PF,35,3.0,21.0,2.1,5.2,0.404,1.1,3.5,0.306,1.1,1.8,0.597,0.505,0.6,0.7,0.87,0.3,3.8,4.1,1.1,0.5,0.3,1.0,2.3,5.9,0
2021,NBA,Xavier Tillman Sr.,tillmxa01,22.0,MEM,PF,59,12.0,18.4,2.8,5.1,0.559,0.4,1.1,0.338,2.5,4.0,0.62,0.595,0.6,0.9,0.642,1.3,3.1,4.3,1.3,0.7,0.6,0.8,2.0,6.6,0
2022,NBA,Xavier Tillman Sr.,tillmxa01,23.0,MEM,PF,53,2.0,13.2,1.8,4.1,0.454,0.2,0.9,0.204,1.7,3.2,0.527,0.477,0.9,1.3,0.648,1.2,1.8,3.0,1.2,0.9,0.3,0.6,1.2,4.8,0
2023,NBA,Xavier Tillman Sr.,tillmxa01,24.0,MEM,C,61,29.0,19.3,3.1,5.0,0.614,0.1,0.2,0.267,3.0,4.8,0.632,0.621,0.8,1.5,0.551,2.0,3.0,5.0,1.6,1.0,0.5,0.7,1.6,7.0,0
2024,NBA,Xavier Tillman Sr.,tillmxa01,25.0,2TM,PF,54,15.0,18.0,2.2,5.2,0.434,0.4,1.5,0.247,1.9,3.7,0.51,0.47,0.4,0.9,0.44,1.3,2.6,3.9,1.4,0.9,0.8,0.6,1.4,5.3,0
2017,NBA,Yogi Ferrell,ferreyo01,23.0,2TM,PG,46,29.0,26.0,3.5,8.6,0.406,1.5,3.8,0.386,2.0,4.7,0.422,0.492,1.6,1.9,0.831,0.4,2.0,2.4,3.7,0.9,0.2,1.5,2.0,10.0,0
2018,NBA,Yogi Ferrell,ferreyo01,24.0,DAL,SG,82,21.0,27.8,3.8,8.9,0.426,1.6,4.4,0.373,2.2,4.5,0.477,0.518,1.0,1.3,0.796,0.3,2.7,3.0,2.5,0.8,0.1,1.0,1.9,10.2,0
2019,NBA,Yogi Ferrell,ferreyo01,25.0,SAC,PG,71,3.0,15.0,2.2,5.0,0.435,0.8,2.1,0.362,1.4,2.9,0.488,0.511,0.8,0.9,0.896,0.2,1.4,1.5,1.9,0.5,0.1,0.6,0.9,5.9,0
2020,NBA,Yogi Ferrell,ferreyo01,26.0,SAC,PG,50,0.0,10.6,1.6,3.8,0.42,0.5,1.6,0.304,1.1,2.2,0.505,0.484,0.7,0.8,0.857,0.1,0.9,1.0,1.4,0.4,0.1,0.6,0.8,4.4,0
2021,NBA,Yuta Watanabe,watanyu01,26.0,TOR,SF,50,4.0,14.5,1.6,3.6,0.439,0.7,1.8,0.4,0.9,1.8,0.478,0.539,0.5,0.6,0.828,0.7,2.5,3.2,0.8,0.5,0.4,0.4,1.1,4.4,0
2022,NBA,Yuta Watanabe,watanyu01,27.0,TOR,SF,38,4.0,11.7,1.5,3.6,0.406,0.7,2.1,0.342,0.8,1.6,0.492,0.504,0.6,1.1,0.6,0.5,1.9,2.4,0.6,0.3,0.4,0.5,1.0,4.3,0
2023,NBA,Yuta Watanabe,watanyu01,28.0,BRK,SF,58,1.0,16.0,2.0,4.0,0.491,1.0,2.3,0.444,0.9,1.7,0.557,0.621,0.6,0.8,0.723,0.5,1.9,2.4,0.8,0.4,0.3,0.4,1.4,5.6,0
2024,NBA,Yuta Watanabe,watanyu01,29.0,2TM,SF,34,0.0,13.6,1.2,3.4,0.353,0.7,2.5,0.294,0.5,0.9,0.516,0.461,0.3,0.5,0.588,0.3,1.3,1.6,0.4,0.4,0.2,0.6,1.1,3.4,0
2018,NBA,Zach Collins,colliza01,20.0,POR,C,66,1.0,15.8,1.7,4.4,0.398,0.5,1.7,0.31,1.2,2.7,0.455,0.458,0.4,0.6,0.643,0.7,2.7,3.3,0.8,0.3,0.5,0.9,2.0,4.4,0
2019,NBA,Zach Collins,colliza01,21.0,POR,C,77,0.0,17.6,2.5,5.2,0.473,0.5,1.6,0.331,1.9,3.6,0.534,0.523,1.2,1.6,0.746,1.4,2.8,4.2,0.9,0.3,0.9,1.0,2.3,6.6,0
2022,NBA,Zach Collins,colliza01,24.0,SAS,C,28,4.0,17.9,2.7,5.5,0.49,0.5,1.5,0.341,2.2,4.1,0.544,0.535,1.9,2.3,0.8,1.6,3.8,5.5,2.2,0.5,0.8,1.6,2.4,7.8,0
2023,NBA,Zach Collins,colliza01,25.0,SAS,C,63,26.0,22.9,4.5,8.7,0.518,0.9,2.3,0.374,3.6,6.4,0.571,0.568,1.7,2.3,0.761,1.8,4.5,6.4,2.9,0.6,0.8,2.0,3.2,11.6,0
2024,NBA,Zach Collins,colliza01,26.0,SAS,C,69,29.0,22.1,4.3,8.9,0.484,0.8,2.6,0.32,3.5,6.3,0.552,0.531,1.8,2.3,0.753,1.7,3.7,5.4,2.8,0.5,0.8,1.9,3.0,11.2,0
2015,NBA,Zach LaVine,lavinza01,19.0,MIN,PG,77,40.0,24.7,3.7,8.8,0.422,0.7,2.2,0.341,3.0,6.6,0.449,0.465,1.9,2.3,0.842,0.4,2.4,2.8,3.6,0.7,0.1,2.5,2.1,10.1,0
2016,NBA,Zach LaVine,lavinza01,20.0,MIN,SG,82,33.0,28.0,5.3,11.7,0.452,1.5,3.9,0.389,3.8,7.8,0.482,0.516,2.0,2.5,0.793,0.3,2.5,2.8,3.1,0.8,0.2,1.9,2.4,14.0,0
2017,NBA,Zach LaVine,lavinza01,21.0,MIN,SG,47,47.0,37.2,6.9,15.1,0.459,2.6,6.6,0.387,4.4,8.5,0.515,0.544,2.5,3.0,0.836,0.4,3.0,3.4,3.0,0.9,0.2,1.8,2.2,18.9,0
2018,NBA,Zach LaVine,lavinza01,22.0,CHI,SG,24,24.0,27.3,5.7,14.8,0.383,1.8,5.1,0.341,3.9,9.7,0.405,0.442,3.6,4.5,0.813,0.4,3.5,3.9,3.0,1.0,0.2,1.8,2.3,16.7,0
2019,NBA,Zach LaVine,lavinza01,23.0,CHI,SG,63,62.0,34.5,8.4,18.0,0.467,1.9,5.1,0.374,6.5,12.9,0.504,0.52,5.0,6.0,0.832,0.6,4.0,4.7,4.5,1.0,0.4,3.4,2.2,23.7,0
2020,NBA,Zach LaVine,lavinza01,24.0,CHI,SF,60,60.0,34.8,9.0,20.0,0.45,3.1,8.1,0.38,5.9,11.9,0.497,0.526,4.5,5.6,0.802,0.7,4.1,4.8,4.2,1.5,0.5,3.4,2.2,25.5,0
2021,NBA,Zach LaVine,lavinza01,25.0,CHI,SG,58,58.0,35.1,9.8,19.4,0.507,3.4,8.2,0.419,6.4,11.1,0.571,0.596,4.4,5.1,0.849,0.6,4.4,5.0,4.9,0.8,0.5,3.5,2.4,27.4,1
2022,NBA,Zach LaVine,lavinza01,26.0,CHI,SG,67,67.0,34.7,8.4,17.7,0.476,2.8,7.1,0.389,5.7,10.6,0.534,0.554,4.8,5.6,0.853,0.3,4.3,4.6,4.5,0.6,0.3,2.6,1.8,24.4,1
2023,NBA,Zach LaVine,lavinza01,27.0,CHI,SG,77,77.0,35.9,8.7,18.0,0.485,2.6,7.1,0.375,6.1,11.0,0.556,0.558,4.7,5.6,0.848,0.5,3.9,4.5,4.2,0.9,0.2,2.5,2.1,24.8,0
2024,NBA,Zach LaVine,lavinza01,28.0,CHI,SG,25,23.0,34.9,6.8,15.0,0.452,2.4,6.8,0.349,4.4,8.3,0.536,0.531,3.5,4.1,0.854,0.3,4.8,5.2,3.9,0.8,0.3,2.1,2.3,19.5,0
2015,NBA,Zach Randolph,randoza01,33.0,MEM,PF,71,71.0,32.5,6.4,13.1,0.487,0.1,0.3,0.35,6.3,12.8,0.49,0.491,3.2,4.2,0.765,3.2,7.4,10.5,2.2,1.0,0.2,2.2,2.5,16.1,0
2016,NBA,Zach Randolph,randoza01,34.0,MEM,PF,68,53.0,29.6,6.3,13.3,0.475,0.1,0.4,0.231,6.3,13.0,0.482,0.479,2.5,3.2,0.796,2.6,5.1,7.8,2.1,0.6,0.2,1.5,2.1,15.3,0
2017,NBA,Zach Randolph,randoza01,35.0,MEM,PF,73,5.0,24.5,5.9,13.2,0.449,0.3,1.3,0.223,5.6,11.9,0.474,0.46,1.9,2.6,0.731,2.5,5.7,8.2,1.7,0.5,0.1,1.4,1.9,14.1,0
2018,NBA,Zach Randolph,randoza01,36.0,SAC,PF,59,58.0,25.6,6.1,12.9,0.473,0.9,2.5,0.347,5.3,10.4,0.503,0.507,1.4,1.8,0.785,1.6,5.1,6.7,2.2,0.7,0.2,2.0,2.0,14.5,0
2015,NBA,Zaza Pachulia,pachuza01,30.0,MIL,C,73,45.0,23.7,3.3,7.2,0.454,0.0,0.0,0.0,3.3,7.2,0.456,0.454,1.7,2.2,0.788,2.7,4.2,6.8,2.4,1.1,0.3,1.8,2.3,8.3,0
2016,NBA,Zaza Pachulia,pachuza01,31.0,DAL,C,76,69.0,26.4,2.9,6.2,0.466,0.0,0.0,0.0,2.9,6.1,0.469,0.466,2.8,3.6,0.768,3.3,6.2,9.4,1.7,0.8,0.3,1.6,2.4,8.6,0
2017,NBA,Zaza Pachulia,pachuza01,32.0,GSW,C,70,70.0,18.1,2.3,4.4,0.534,0.0,0.0,0.0,2.3,4.4,0.538,0.534,1.4,1.8,0.778,2.0,3.9,5.9,1.9,0.8,0.5,1.2,2.4,6.1,0
2018,NBA,Zaza Pachulia,pachuza01,33.0,GSW,C,69,57.0,14.1,2.2,3.8,0.564,0.0,0.0,0.0,2.2,3.8,0.567,0.564,1.1,1.3,0.806,1.3,3.4,4.7,1.6,0.6,0.2,1.0,1.8,5.4,0
2019,NBA,Zaza Pachulia,pachuza01,34.0,DET,C,68,3.0,12.9,1.3,2.8,0.44,0.0,0.1,0.0,1.3,2.8,0.45,0.44,1.4,1.8,0.782,1.5,2.4,3.9,1.3,0.5,0.3,0.8,2.2,3.9,0
2021,NBA,Zeke Nnaji,nnajize01,20.0,DEN,PF,42,1.0,9.5,1.2,2.5,0.481,0.6,1.4,0.407,0.6,1.1,0.578,0.596,0.3,0.4,0.8,0.3,1.2,1.5,0.2,0.2,0.1,0.2,0.7,3.2,0
2022,NBA,Zeke Nnaji,nnajize01,21.0,DEN,PF,41,1.0,17.0,2.3,4.5,0.516,0.9,2.0,0.463,1.4,2.6,0.557,0.616,1.0,1.6,0.631,1.4,2.2,3.6,0.4,0.4,0.3,0.6,1.9,6.6,0
2023,NBA,Zeke Nnaji,nnajize01,22.0,DEN,PF,53,5.0,13.7,2.1,3.7,0.561,0.3,1.2,0.262,1.8,2.5,0.71,0.605,0.8,1.2,0.645,1.2,1.4,2.6,0.3,0.3,0.4,0.6,2.0,5.2,0
2024,NBA,Zeke Nnaji,nnajize01,23.0,DEN,PF,58,0.0,9.9,1.2,2.6,0.463,0.1,0.4,0.261,1.1,2.2,0.5,0.483,0.7,1.1,0.677,1.1,1.1,2.2,0.6,0.3,0.7,0.5,1.4,3.2,0
2022,NBA,Ziaire Williams,willizi02,20.0,MEM,SF,62,31.0,21.7,3.1,6.8,0.45,1.2,3.9,0.314,1.9,2.9,0.632,0.54,0.7,0.9,0.782,0.4,1.7,2.1,1.0,0.6,0.2,0.7,1.8,8.1,0
2023,NBA,Ziaire Williams,willizi02,21.0,MEM,SF,37,4.0,15.2,2.3,5.3,0.429,0.7,2.6,0.258,1.6,2.7,0.596,0.492,0.5,0.6,0.773,0.4,1.7,2.1,0.9,0.4,0.2,1.0,1.6,5.7,0
2024,NBA,Ziaire Williams,willizi02,22.0,MEM,SF,51,15.0,20.4,2.9,7.4,0.397,1.1,3.7,0.307,1.8,3.7,0.487,0.474,1.2,1.5,0.827,0.7,2.8,3.5,1.5,0.7,0.2,1.3,1.7,8.2,0
2020,NBA,Zion Williamson,willizi01,19.0,NOP,PF,24,24.0,27.8,8.8,15.0,0.583,0.3,0.6,0.429,8.5,14.4,0.59,0.592,4.8,7.4,0.64,2.7,3.6,6.3,2.1,0.7,0.4,2.5,1.8,22.5,0
2021,NBA,Zion Williamson,willizi01,20.0,NOP,PF,61,61.0,33.2,10.4,17.0,0.611,0.2,0.6,0.294,10.2,16.4,0.622,0.616,6.0,8.7,0.698,2.7,4.5,7.2,3.7,0.9,0.6,2.7,2.2,27.0,1
2023,NBA,Zion Williamson,willizi01,22.0,NOP,PF,29,29.0,33.0,9.8,16.2,0.608,0.2,0.7,0.368,9.6,15.5,0.618,0.615,6.1,8.6,0.714,2.0,5.0,7.0,4.6,1.1,0.6,3.4,2.2,26.0,1
2024,NBA,Zion Williamson,willizi01,23.0,NOP,PF,70,70.0,31.5,8.9,15.6,0.57,0.1,0.3,0.333,8.8,15.4,0.574,0.573,5.0,7.1,0.702,1.7,4.1,5.8,5.0,1.1,0.7,2.8,2.3,22.9,0
2017,NBA,Álex Abrines,abrinal01,23.0,OKC,SG,68,6.0,15.5,2.0,5.0,0.393,1.4,3.6,0.381,0.6,1.4,0.426,0.531,0.6,0.7,0.898,0.3,1.0,1.3,0.6,0.5,0.1,0.5,1.7,6.0,0
2018,NBA,Álex Abrines,abrinal01,24.0,OKC,SG,75,8.0,15.1,1.5,3.9,0.395,1.1,2.9,0.38,0.4,0.9,0.443,0.54,0.5,0.6,0.848,0.3,1.2,1.5,0.4,0.5,0.1,0.3,1.7,4.7,0
2019,NBA,Álex Abrines,abrinal01,25.0,OKC,SG,31,2.0,19.0,1.8,5.1,0.357,1.3,4.1,0.323,0.5,1.0,0.5,0.487,0.4,0.4,0.923,0.2,1.4,1.5,0.6,0.5,0.2,0.5,1.7,5.3,0
2015,NBA,Ömer Aşık,asikom01,28.0,NOP,C,76,76.0,26.1,2.8,5.4,0.517,0.0,0.0,0.0,2.8,5.4,0.517,0.517,1.7,3.0,0.582,3.2,6.6,9.8,0.9,0.4,0.7,1.3,1.9,7.3,0
2016,NBA,Ömer Aşık,asikom01,29.0,NOP,C,68,64.0,17.3,1.5,2.9,0.533,0.0,0.0,0.0,1.5,2.9,0.533,0.533,0.9,1.6,0.545,1.8,4.3,6.1,0.4,0.3,0.3,0.9,1.8,4.0,0
2017,NBA,Ömer Aşık,asikom01,30.0,NOP,C,31,19.0,15.5,1.0,2.1,0.477,0.0,0.0,0.0,1.0,2.1,0.477,0.477,0.7,1.3,0.59,1.5,3.7,5.3,0.5,0.2,0.3,0.5,1.6,2.7,0
